source_file,record_index,smiles,pka_value,pka_source_method,pka_type_canonical,atom_index_raw,override_group_label,note,reviewed_at,override_atom_index_raw
FIXED_chembl26.sdf,0,CCCCNCc1ccc(C(=O)c2csc(S(N)(=O)=O)c2)cc1.Cl,9.32,experimental,,,secondary_amine,,2026-06-27T14:25:35.255702+00:00
FIXED_chembl26.sdf,1,CCCCNCc1ccc(C(=O)c2csc(S(N)(=O)=O)c2)cc1.Cl,8.12,experimental,,,secondary_amine,,2026-06-27T14:25:37.014993+00:00
FIXED_chembl26.sdf,2,NS(=O)(=O)c1cc(S(=O)(=O)c2cccc(O)c2)cs1,9.35,experimental,,,phenol,,2026-06-27T14:25:41.627527+00:00
FIXED_chembl26.sdf,11,Cl.NS(=O)(=O)c1cc(S(=O)(=O)c2ccccc2CNCc2ccccn2)cs1,8.7,experimental,,,secondary_amine,,2026-06-27T14:26:10.464416+00:00
FIXED_chembl26.sdf,12,Cl.NS(=O)(=O)c1cc(S(=O)(=O)c2ccccc2CNCc2ccccn2)cs1,6.1,experimental,,,secondary_amine,,2026-06-27T14:26:12.204331+00:00
FIXED_chembl26.sdf,17,CCCCNCc1ccc(S(=O)(=O)c2csc(S(N)(=O)=O)c2)cc1.Cl,9.35,experimental,,,secondary_amine,,2026-06-27T14:26:23.769783+00:00
FIXED_chembl26.sdf,18,CCCCNCc1ccc(S(=O)(=O)c2csc(S(N)(=O)=O)c2)cc1.Cl,8.12,experimental,,,secondary_amine,,2026-06-27T14:26:25.515399+00:00
FIXED_chembl26.sdf,19,CCN(CC)Cc1cc(S(=O)(=O)c2coc(S(N)(=O)=O)c2)ccc1O.Cl,10.62,experimental,,,tertiary_amine,,2026-06-27T14:26:27.369294+00:00
FIXED_chembl26.sdf,20,CCN(CC)Cc1cc(S(=O)(=O)c2coc(S(N)(=O)=O)c2)ccc1O.Cl,8.72,experimental,,,tertiary_amine,,2026-06-27T14:26:28.993749+00:00
FIXED_chembl26.sdf,21,CCN(CC)Cc1cc(S(=O)(=O)c2coc(S(N)(=O)=O)c2)ccc1O.Cl,5.78,experimental,,,tertiary_amine,,2026-06-27T14:26:30.690488+00:00
FIXED_chembl26.sdf,22,Cl.NS(=O)(=O)c1cc(C(=O)c2cccc(CN3CCOCC3)c2)cs1,9.03,experimental,,,tertiary_amine,,2026-06-27T14:26:32.108694+00:00
FIXED_chembl26.sdf,38,NS(=O)(=O)c1cc(C(=O)c2ccc(O)cc2)cs1,9.68,experimental,,,phenol,,2026-06-27T14:27:08.619102+00:00
FIXED_chembl26.sdf,39,NS(=O)(=O)c1cc(C(=O)c2ccc(O)cc2)cs1,7.9,experimental,,,phenol,,2026-06-27T14:27:11.049447+00:00
FIXED_chembl26.sdf,49,Cl.NS(=O)(=O)c1cc(S(=O)(=O)c2ccc(CNCc3ccccn3)cc2)cs1,8.92,experimental,,,secondary_amine,,2026-06-27T14:27:45.214871+00:00
FIXED_chembl26.sdf,50,Cl.NS(=O)(=O)c1cc(S(=O)(=O)c2ccc(CNCc3ccccn3)cc2)cs1,6.25,experimental,,,secondary_amine,,2026-06-27T14:27:46.662690+00:00
FIXED_chembl26.sdf,51,Cl.NS(=O)(=O)c1cc(S(=O)(=O)c2ccc(CNCc3ccccn3)cc2)cs1,3.55,experimental,,,pyridine,,2026-06-27T14:27:50.674018+00:00
FIXED_chembl26.sdf,61,CCOC(=O)NCCCC(C)Nc1cc(OC)cc2cccnc12,15.9,experimental,,,quinoline,,2026-06-27T14:28:41.904389+00:00
FIXED_chembl26.sdf,68,Brc1cccc(Br)c1N(Cc1ccco1)C1=NCCN1,10.5,experimental,,,guanidine,,2026-06-27T14:29:04.281407+00:00
FIXED_chembl26.sdf,69,Cc1cccc(Cl)c1N(CC1CC1)C1=NCCN1,11.3,experimental,,,guanidine,,2026-06-27T14:29:07.030029+00:00
FIXED_chembl26.sdf,70,C#CCN(C1=NCCN1)c1c(Br)cccc1Br,10.1,experimental,,,guanidine,,2026-06-27T14:29:08.341471+00:00
FIXED_chembl26.sdf,71,CCCCN(C1=NCCN1)c1c(Br)cccc1Br,10.97,experimental,,,guanidine,,2026-06-27T14:29:09.549858+00:00
FIXED_chembl26.sdf,72,Brc1cccc(Br)c1N(CC1CCCCC1)C1=NCCN1,11.2,experimental,,,guanidine,,2026-06-27T14:29:11.000146+00:00
FIXED_chembl26.sdf,73,N=C(N)N(CC1CC1)c1c(Br)cccc1Br,11.9,experimental,,,guanidine,,2026-06-27T14:29:12.154874+00:00
FIXED_chembl26.sdf,74,Brc1cccc(Br)c1N(C1=NCCN1)C1CCCC1,11.2,experimental,,,guanidine,,2026-06-27T14:29:13.212630+00:00
FIXED_chembl26.sdf,75,Brc1cccc(Br)c1N(CC1CC1)C1=NCCCN1,12.4,experimental,,,guanidine,,2026-06-27T14:29:14.196765+00:00
FIXED_chembl26.sdf,76,CC(C)CN(C1=NCCN1)c1c(Br)cccc1Br,11.02,experimental,,,guanidine,,2026-06-27T14:29:15.276198+00:00
FIXED_chembl26.sdf,77,C=CCN(C1=NCCN1)c1c(Br)cccc1Br,10.7,experimental,,,guanidine,,2026-06-27T14:29:16.227110+00:00
FIXED_chembl26.sdf,78,Brc1ccc(Br)c(N(CC2CC2)C2=NCCN2)c1,11.0,experimental,,,guanidine,,2026-06-27T14:29:17.285400+00:00
FIXED_chembl26.sdf,79,CCCN(C1=NCCN1)c1c(Br)cccc1Br,11.0,experimental,,,guanidine,,2026-06-27T14:29:18.321277+00:00
FIXED_chembl26.sdf,80,C=CCN(C1=NCCN1)c1c(Cl)cccc1Cl,10.42,experimental,,,guanidine,,2026-06-27T14:29:19.452761+00:00
FIXED_chembl26.sdf,81,C=C(C)CCN(C1=NCCN1)c1c(Br)cccc1Br,10.9,experimental,,,guanidine,,2026-06-27T14:29:20.598024+00:00
FIXED_chembl26.sdf,82,Brc1cccc(Br)c1N(C1=NCCN1)C1CCCCC1,11.3,experimental,,,guanidine,,2026-06-27T14:29:24.350723+00:00
FIXED_chembl26.sdf,83,CCCCCN(C1=NCCN1)c1c(Br)cccc1Br,11.0,experimental,,,guanidine,,2026-06-27T14:29:25.406263+00:00
FIXED_chembl26.sdf,84,Brc1cccc(Br)c1N(Cc1ccccc1)C1=NCCN1,10.4,experimental,,,guanidine,,2026-06-27T14:29:26.479858+00:00
FIXED_chembl26.sdf,85,Brc1cccc(Br)c1N(Cc1cccs1)C1=NCCN1,10.51,experimental,,,thiophene,,2026-06-27T14:29:27.444830+00:00
FIXED_chembl26.sdf,86,CN(C1=NCCN1)c1c(Br)cccc1Br,10.7,experimental,,,guanidine,,2026-06-27T14:29:28.609513+00:00
FIXED_chembl26.sdf,87,Fc1cccc(C(F)(F)F)c1N(CC1CC1)C1=NCCN1,10.7,experimental,,,guanidine,,2026-06-27T14:29:30.227373+00:00
FIXED_chembl26.sdf,88,CC(C)N(C1=NCCN1)c1c(Br)cccc1Br,11.2,experimental,,,guanidine,,2026-06-27T14:29:31.187727+00:00
FIXED_chembl26.sdf,89,CC(C)CCN(C1=NCCN1)c1c(Br)cccc1Br,10.9,experimental,,,guanidine,,2026-06-27T14:29:32.246813+00:00
FIXED_chembl26.sdf,90,Brc1cccc(Br)c1N(CC1CCCC1)C1=NCCN1,10.9,experimental,,,guanidine,,2026-06-27T14:29:33.435040+00:00
FIXED_chembl26.sdf,91,C=C(C)CN(C1=NCCN1)c1c(Br)cccc1Br,10.71,experimental,,,guanidine,,2026-06-27T14:29:34.441538+00:00
FIXED_chembl26.sdf,92,Brc1ccc(N(CC2CC2)C2=NCCN2)c(Br)c1,11.2,experimental,,,guanidine,,2026-06-27T14:29:36.293130+00:00
FIXED_chembl26.sdf,93,Fc1cccc(Br)c1N(CC1CC1)C1=NCCN1,10.7,experimental,,,guanidine,,2026-06-27T14:29:37.186254+00:00
FIXED_chembl26.sdf,94,Fc1cccc(Cl)c1N(CC1CC1)C1=NCCN1,10.8,experimental,,,guanidine,,2026-06-27T14:29:38.318084+00:00
FIXED_chembl26.sdf,95,Brc1cccc(N(CC2CC2)C2=NCCN2)c1Br,11.1,experimental,,,guanidine,,2026-06-27T14:29:39.269408+00:00
FIXED_chembl26.sdf,96,Fc1cccc(F)c1N(CC1CC1)C1=NCCN1,10.3,experimental,,,guanidine,,2026-06-27T14:29:40.374890+00:00
FIXED_chembl26.sdf,97,C/C=C/CN(C1=NCCN1)c1c(Br)cccc1Br,11.0,experimental,,,guanidine,,2026-06-27T14:29:41.250682+00:00
FIXED_chembl26.sdf,98,Clc1cccc(Cl)c1N(CC1CC1)C1=NCCN1,10.9,experimental,,,guanidine,,2026-06-27T14:29:41.941057+00:00
FIXED_chembl26.sdf,99,Brc1cccc(Br)c1N(CC1CC1)C1=NCCN1,10.88,experimental,,,guanidine,,2026-06-27T14:29:42.591134+00:00
FIXED_chembl26.sdf,100,Brc1cccc(Br)c1N(CC1CCC1)C1=NCCN1,10.9,experimental,,,guanidine,,2026-06-27T14:29:43.369940+00:00
FIXED_chembl26.sdf,101,Clc1cccc(Br)c1N(CC1CC1)C1=NCCN1,10.8,experimental,,,guanidine,,2026-06-27T14:29:44.027016+00:00
FIXED_chembl26.sdf,102,Brc1ccccc1N(CC1CC1)C1=NCCN1,11.2,experimental,,,guanidine,,2026-06-27T14:29:44.733864+00:00
FIXED_chembl26.sdf,103,C=CCCN(C1=NCCN1)c1c(Br)cccc1Br,11.2,experimental,,,guanidine,,2026-06-27T14:29:46.004774+00:00
FIXED_chembl26.sdf,104,CC(C)=CCN(C1=NCCN1)c1c(Br)cccc1Br,10.75,experimental,,,guanidine,,2026-06-27T14:29:47.180261+00:00
FIXED_chembl26.sdf,105,CCN(C1=NCCN1)c1c(Br)cccc1Br,11.1,experimental,,,guanidine,,2026-06-27T14:29:48.269228+00:00
FIXED_chembl26.sdf,106,CCOc1cc(CN2CCC(Nc3nc4cc(S(N)(=O)=O)ccc4o3)CC2)cc(OCC)c1N,8.28,experimental,,,tertiary_amine,,2026-06-27T14:29:57.437581+00:00
FIXED_chembl26.sdf,107,CCOc1cc(CN2CCC(Nc3nc4ccccc4o3)CC2)ccc1OC,8.3,experimental,,,tertiary_amine,,2026-06-27T14:29:59.890868+00:00
FIXED_chembl26.sdf,108,CCOc1cc(CN2CCC(Nc3nc4cc(S(=O)(=O)CC)ccc4o3)CC2)ccc1OC,8.1,experimental,,,tertiary_amine,,2026-06-27T14:30:02.097440+00:00
FIXED_chembl26.sdf,109,CCOc1cc(CN2CCC(Nc3nc4cc(S(N)(=O)=O)ccc4o3)CC2)ccc1OC,8.05,experimental,,,tertiary_amine,,2026-06-27T14:30:03.409498+00:00
FIXED_chembl26.sdf,110,CCOc1cc(CN2CCC(Nc3nc4cc(Cl)c(S(N)(=O)=O)cc4o3)CC2)ccc1OC,7.92,experimental,,,tertiary_amine,,2026-06-27T14:30:04.552767+00:00
FIXED_chembl26.sdf,111,CCOc1cc(CN2CCC(Nc3nc4ccccc4o3)CC2)ccc1Cl,7.63,experimental,,,tertiary_amine,,2026-06-27T14:30:07.203480+00:00
FIXED_chembl26.sdf,112,CCOc1cc(CN2CCC(Nc3nc4ccccc4o3)CC2)ccc1F,7.79,experimental,,,tertiary_amine,,2026-06-27T14:30:08.278978+00:00
FIXED_chembl26.sdf,113,CCOc1cc(CN2CCC(Nc3nc4ccccc4o3)CC2)cc(OC2CCOCC2)c1,7.76,experimental,,,tertiary_amine,,2026-06-27T14:30:10.968253+00:00
FIXED_chembl26.sdf,114,CCOc1cc(CN2CCC(Nc3nc4cc(Cl)c(S(N)(=O)=O)cc4o3)CC2)ccc1F,7.61,experimental,,,tertiary_amine,,2026-06-27T14:30:12.808349+00:00
FIXED_chembl26.sdf,115,CCOc1cc(CN2CCC(Nc3nc4cc(NS(=O)(=O)c5ccccc5)ccc4o3)CC2)ccc1OC,7.72,experimental,,,tertiary_amine,,2026-06-27T14:30:14.866953+00:00
FIXED_chembl26.sdf,116,CCOc1cc(CN2CCC(Nc3nc4cc(S(=O)(=O)CC)ccc4o3)CC2)cc(OC2CCOCC2)c1,7.55,experimental,,,tertiary_amine,,2026-06-27T14:30:16.652155+00:00
FIXED_chembl26.sdf,117,CCOc1cc(CN2CCC(Nc3nc4cc(Cl)c(S(N)(=O)=O)cc4o3)CC2)cc(OCC)c1F,7.61,experimental,,,tertiary_amine,,2026-06-27T14:30:19.118964+00:00
FIXED_chembl26.sdf,118,CCOc1cc(CN2CCC(Nc3nc4cc(NS(=O)(=O)c5cn(C)cn5)ccc4o3)CC2)ccc1OC,7.91,experimental,,,tertiary_amine,,2026-06-27T14:30:22.207870+00:00
FIXED_chembl26.sdf,119,CCOc1cc(CN2CCC(Nc3nc4cc(C(N)=O)ccc4o3)CC2)cc(OCC)c1F,7.72,experimental,,,tertiary_amine,,2026-06-27T14:30:24.076239+00:00
FIXED_chembl26.sdf,120,CCCCCCC(C)(C)c1cc(O)c2c(c1)OC(C)(C)C1CCC(=O)CC21,10.6,experimental,,,phenol,,2026-06-27T14:30:27.385023+00:00
FIXED_chembl26.sdf,121,CCCCCCC(C)(C)c1ccc([C@@H]2C[C@H](O)CC[C@H]2CCCO)c(O)c1,11.16,experimental,,,phenol,,2026-06-27T14:30:30.530545+00:00
FIXED_chembl26.sdf,122,Cc1c(C(=O)c2cccc3ccccc23)c2cccc3c2n1[C@H](CN1CCOCC1)CO3,4.14,experimental,,,isoquinoline,,2026-06-27T14:30:41.948844+00:00
FIXED_chembl26.sdf,127,CS(=O)(=O)NCc1noc([C@H](CCCC2CCCCC2)CC(=O)NO)n1,10.2,experimental,,,hydroxy-1234riazine,,2026-06-27T14:30:57.622073+00:00
FIXED_chembl26.sdf,128,CC(C)(CO)NCc1noc([C@H](CCCC2CCCCC2)CC(=O)NO)n1,6.4,experimental,,,secondary_amine,,2026-06-27T14:31:00.665273+00:00
FIXED_chembl26.sdf,130,O=C(C[C@@H](CCCC1CCCCC1)c1nc(-c2ccc(C(=O)O)cc2)no1)NO,3.7,experimental,,,carboxylic_acid,,2026-06-27T14:31:08.303275+00:00
FIXED_chembl26.sdf,131,CN1C(=O)CC[C@H]1c1cccnc1,4.5,experimental,,,pyridine,,2026-06-27T14:31:12.209518+00:00
FIXED_chembl26.sdf,132,CC(C)OC1=NS(=O)(=O)c2cc(Cl)ccc2N1,8.0,experimental,,,amidine,,2026-06-27T14:31:16.359190+00:00
FIXED_chembl26.sdf,133,CC(C)SC1=NS(=O)(=O)c2cc(Cl)ccc2N1,7.01,experimental,,,amidine,,2026-06-27T14:31:19.091577+00:00
FIXED_chembl26.sdf,134,CC(C)CC1=NS(=O)(=O)c2cc(Cl)ccc2N1,8.52,experimental,,,amidine,,2026-06-27T14:31:20.171039+00:00
FIXED_chembl26.sdf,135,[11CH3]NC(=O)C(CCN1CCC(O)(c2ccc(Cl)cc2)CC1)(c1ccccc1)c1ccccc1,7.96,experimental,,,tertiary_amine,,2026-06-27T14:31:23.368007+00:00
FIXED_chembl26.sdf,136,CNC(=O)C(CCN1CCC(O)(c2ccc(Cl)cc2)CC1)(c1ccccc1)c1ccccc1,7.2,experimental,,,tertiary_amine,,2026-06-27T14:31:24.961337+00:00
FIXED_chembl26.sdf,139,CN(Cc1nc2ccccc2c(=O)[nH]1)Cc1nc(-c2ccccc2)no1,2.1,experimental,,,hydroxy-1234riazine,,2026-06-27T14:31:50.298165+00:00
FIXED_chembl26.sdf,140,CN(Cc1nc2ccccc2c(=O)[nH]1)Cc1nnc(-c2ccccc2)o1,2.3,experimental,,,16,manual,2026-06-27T14:32:15.109598+00:00
FIXED_chembl26.sdf,141,c1ccc(-c2noc(CN3CCN(Cc4nc5ccccc5s4)CC3)n2)cc1,4.4,experimental,,,hydroxy-1234riazine,,2026-06-27T14:32:25.972429+00:00
FIXED_chembl26.sdf,142,c1ccc(-c2nnc(CN3CCN(Cc4nc5ccccc5s4)CC3)o2)cc1,4.4,experimental,,,Sindole,,2026-06-27T14:32:32.088665+00:00
FIXED_chembl26.sdf,143,C[C@@H](Oc1nnc(-c2ccncc2)n1C)c1noc(-c2cccc(Cl)c2)n1,3.4,experimental,,,hydroxy-1234riazine,,2026-06-27T14:32:35.171272+00:00
FIXED_chembl26.sdf,144,C[C@@H](Oc1nnc(-c2ccncc2)n1C)c1nnc(-c2cccc(Cl)c2)o1,3.7,experimental,,,124triazole,,2026-06-27T14:32:37.869397+00:00
FIXED_chembl26.sdf,145,c1cncc(-c2ccc(-c3noc(C4CN5CCC4CC5)n3)o2)c1,8.8,experimental,,,tertiary_amine,,2026-06-27T14:32:40.932775+00:00
FIXED_chembl26.sdf,146,c1cncc(-c2ccc(-c3nnc(C4CN5CCC4CC5)o3)o2)c1,9.1,experimental,,,tertiary_amine,,2026-06-27T14:32:43.080412+00:00
FIXED_chembl26.sdf,147,CCOC(=O)N1CCN(Cc2noc(-c3cc(Cl)ccc3F)n2)CC1,4.0,experimental,,,hydroxy-1234riazine,,2026-06-27T14:32:46.116871+00:00
FIXED_chembl26.sdf,148,CCOC(=O)N1CCN(Cc2nnc(-c3cc(Cl)ccc3F)o2)CC1,3.5,experimental,,,11,manual,2026-06-27T14:32:59.760514+00:00
FIXED_chembl26.sdf,149,CCOC(=O)N1CCN(Cc2nc(-c3cccc(Cl)c3)no2)CC1,3.4,experimental,,,hydroxy-1234riazine,,2026-06-27T14:33:17.683838+00:00
FIXED_chembl26.sdf,150,CCOC(=O)N1CCN(Cc2nnc(-c3cccc(Cl)c3)o2)CC1,3.5,experimental,,,11,manual,2026-06-27T14:33:28.022118+00:00
FIXED_chembl26.sdf,152,CC(C)N1CCN[C@@H](C(=O)N2CCN(C(=O)Nc3ccc(Cl)c(Cl)c3)CC2)C1,7.8,experimental,,,tertiary_amine,,2026-06-27T14:33:43.012995+00:00
FIXED_chembl26.sdf,153,CCN(CC)CCS/C(=N/O)C(=O)c1ccc(Br)cc1.Cl,7.44,experimental,,,tertiary_amine,,2026-06-27T14:33:45.031617+00:00
FIXED_chembl26.sdf,155,CCN(CC)CCS/C(=N/O)c1cnsn1,7.69,experimental,,,tertiary_amine,,2026-06-27T14:33:47.489754+00:00
FIXED_chembl26.sdf,156,CCN(CC)CCS/C(=N/O)c1nsnc1C.Cl,8.65,experimental,,,tertiary_amine,,2026-06-27T14:33:48.675245+00:00
FIXED_chembl26.sdf,157,CCN(CC)CCS/C(=N/O)c1nonc1C.Cl,7.59,experimental,,,tertiary_amine,,2026-06-27T14:33:49.883575+00:00
FIXED_chembl26.sdf,158,CCN(CC)CCS/C(=N\O)c1nnc(-c2ccccc2)o1.Cl,6.35,experimental,,,tertiary_amine,,2026-06-27T14:33:50.813827+00:00
FIXED_chembl26.sdf,162,Cc1nc(N2CCN(C)CC2)c2nc(-c3ccccc3Cl)n(C3CCOCC3)c2n1,7.2,experimental,,,tertiary_amine,,2026-06-27T14:33:53.530269+00:00
FIXED_chembl26.sdf,163,Cc1nc(N2CCN(C)CC2)c2nc(-c3ccccc3Cl)n([C@H](C)CO)c2n1,7.5,experimental,,,tertiary_amine,,2026-06-27T14:33:55.136768+00:00
FIXED_chembl26.sdf,166,CNc1ncnc2c1nnn2Cc1ccccc1F,2.49,experimental,,,123triazole,,2026-06-27T14:34:03.697572+00:00
FIXED_chembl26.sdf,180,CN(C)CC1C2c3ccccc3C(c3ccccc32)C1COC(=O)N(C)C,8.99,experimental,,,tertiary_amine,,2026-06-27T14:35:35.029120+00:00
FIXED_chembl26.sdf,189,CN(C)C1C2c3ccccc3C(c3ccccc32)C1C(=O)O,8.3,experimental,,,tertiary_amine,,2026-06-27T14:35:58.912169+00:00
FIXED_chembl26.sdf,192,CN(C)CCNC1CC2c3ccccc3C1c1ccccc12,9.48,experimental,,,tertiary_amine,,2026-06-27T14:36:05.812856+00:00
FIXED_chembl26.sdf,194,CCOC(=O)C1C2c3ccccc3C(c3ccccc32)C1N(C)C,7.48,experimental,,,tertiary_amine,,2026-06-27T14:36:08.173883+00:00
FIXED_chembl26.sdf,204,NS(=O)(=O)c1cc2c(s1)SCCC2=O,8.6,experimental,,,sulfone,,2026-06-27T14:37:41.759735+00:00
FIXED_chembl26.sdf,205,NS(=O)(=O)c1cc2c(s1)SCCC2O,9.4,experimental,,,sulfone,,2026-06-27T14:37:43.994732+00:00
FIXED_chembl26.sdf,206,NS(=O)(=O)c1cc2c(s1)S(=O)(=O)CC(O)C2,8.6,experimental,,,sulfone,,2026-06-27T14:37:48.354842+00:00
FIXED_chembl26.sdf,207,NS(=O)(=O)c1cc2c(s1)C(=O)CCS2(=O)=O,7.32,experimental,,,sulfone,,2026-06-27T14:37:50.074799+00:00
FIXED_chembl26.sdf,208,NS(=O)(=O)c1cc2c(s1)C(=O)CCS2,8.45,experimental,,,sulfone,,2026-06-27T14:37:51.543276+00:00
FIXED_chembl26.sdf,209,NS(=O)(=O)c1cc2c(s1)C(O)CCS2,9.0,experimental,,,sulfone,,2026-06-27T14:37:52.950362+00:00
FIXED_chembl26.sdf,210,NS(=O)(=O)c1cc2c(s1)[S+]([O-])CCC2O,8.68,experimental,,,sulfoxide,,2026-06-27T14:38:08.648445+00:00
FIXED_chembl26.sdf,211,CC(=O)Oc1ccc2c3c1O[C@H]1[C@@H](OC(C)=O)C=C[C@H]4[C@@H](C2)N(C)CC[C@@]341,7.95,experimental,,,tertiary_amine,,2026-06-27T14:38:11.312866+00:00
FIXED_chembl26.sdf,212,COc1ccc2c3c1O[C@H]1[C@@H](O)C=C[C@H]4[C@@H](C2)NCC[C@@]341,9.23,experimental,,,secondary_amine,,2026-06-27T14:38:13.762141+00:00
FIXED_chembl26.sdf,213,CN(C)CCCNc1ccnc2ccc([N+](=O)[O-])cc12,6.99,experimental,,,tertiary_amine,,2026-06-27T14:38:16.092880+00:00
FIXED_chembl26.sdf,214,CN(C)CCCNc1c([N+](=O)[O-])cnc2ccccc12,4.43,experimental,,,tertiary_amine,,2026-06-27T14:38:17.496336+00:00
FIXED_chembl26.sdf,215,CN(C)CCCNc1ccnc2ccccc12,8.85,experimental,,,tertiary_amine,,2026-06-27T14:38:19.282675+00:00
FIXED_chembl26.sdf,216,CN(C)CCCNc1ccnc2cc([N+](=O)[O-])ccc12,6.77,experimental,,,tertiary_amine,,2026-06-27T14:38:21.064490+00:00
FIXED_chembl26.sdf,217,CO[C@@H]1[C@@H](OC(=O)c2ccc(C)[nH]2)[C@@H](O)[C@H](Oc2ccc3c(N4CCN(C)CC4)cc(=O)oc3c2C)OC1(C)C,7.3,experimental,,,tertiary_amine,,2026-06-27T14:38:23.332239+00:00
FIXED_chembl26.sdf,218,CO[C@@H]1[C@@H](OC(=O)c2ccc(C)[nH]2)[C@@H](O)[C@H](Oc2ccc3c(N4CCN(C)CC4)c(Cl)c(=O)oc3c2C)OC1(C)C,7.4,experimental,,,tertiary_amine,,2026-06-27T14:38:24.891293+00:00
FIXED_chembl26.sdf,219,CO[C@@H]1[C@@H](OC(=O)c2ccc(C)[nH]2)[C@@H](O)[C@H](Oc2ccc3c(N4CCNCC4)cc(=O)oc3c2C)OC1(C)C,8.3,experimental,,,secondary_amine,,2026-06-27T14:38:27.862421+00:00
FIXED_chembl26.sdf,220,CO[C@@H]1[C@@H](OC(N)=O)[C@@H](O)[C@H](Oc2ccc3c(O)c(NC(=O)c4ccc(O)c(CC=C(C)C)c4)c(=O)oc3c2C)OC1(C)C,3.6,experimental,,,secondary_alcohol,,2026-06-27T14:38:59.958226+00:00
FIXED_chembl26.sdf,222,CO[C@@H]1[C@@H](OC(=O)c2ccc(C)[nH]2)[C@@H](O)[C@H](Oc2ccc3c(N4CCC(N(C)C)CC4)cc(=O)oc3c2C)OC1(C)C,9.0,experimental,,,tertiary_amine,,2026-06-27T14:39:30.827903+00:00
FIXED_chembl26.sdf,223,CO[C@@H]1[C@@H](OC(=O)c2ccc(C)[nH]2)[C@@H](O)[C@H](Oc2ccc3c(N4CC(C)NC(C)C4)cc(=O)oc3c2C)OC1(C)C,8.0,experimental,,,secondary_amine,,2026-06-27T14:39:38.659633+00:00
FIXED_chembl26.sdf,224,CCN1CCN(c2cc(=O)oc3c(C)c(O[C@@H]4OC(C)(C)[C@H](OC)[C@@H](OC(=O)c5ccc(C)[nH]5)[C@H]4O)ccc23)CC1,7.5,experimental,,,tertiary_amine,,2026-06-27T14:39:41.694661+00:00
FIXED_chembl26.sdf,225,CO[C@@H]1[C@@H](OC(=O)c2ccc(C)[nH]2)[C@@H](O)[C@H](Oc2ccc3c(N(C)CCN(C)C)cc(=O)oc3c2C)OC1(C)C,8.2,experimental,,,tertiary_amine,,2026-06-27T14:39:42.804626+00:00
FIXED_chembl26.sdf,226,CO[C@@H]1[C@@H](OC(=O)c2ccc(C)[nH]2)[C@@H](O)[C@H](Oc2ccc3c(N4CCNC(C)C4)cc(=O)oc3c2C)OC1(C)C,8.3,experimental,,,secondary_amine,,2026-06-27T14:39:45.140421+00:00
FIXED_chembl26.sdf,236,COc1cccc2c1C(=O)c1c(O)c3c(c(O)c1C2=O)C[C@@](O)(C(C)=O)C[C@@H]3O[C@H]1C[C@H](N)[C@H](O)[C@H](C)O1.Cl,8.99,experimental,,,primary_amine,,2026-06-27T14:40:03.582382+00:00
FIXED_chembl26.sdf,237,COc1cccc2c1C(=O)c1c(O)c3c(c(O)c1C2=O)C[C@@](O)(C(C)=O)C[C@@H]3O[C@H]1C[C@H](NC(=O)CN(C)C)[C@H](O)[C@H](C)O1.Cl,7.35,experimental,,,tertiary_amine,,2026-06-27T14:40:05.935281+00:00
FIXED_chembl26.sdf,238,COc1cccc2c1C(=O)c1c(O)c3c(c(O)c1C2=O)C[C@@](O)(C(C)=O)C[C@@H]3O[C@H]1C[C@H](NC(=O)CNC(=O)CN(C)C)[C@H](O)[C@H](C)O1.Cl,7.39,experimental,,,tertiary_amine,,2026-06-27T14:40:08.222886+00:00
FIXED_chembl26.sdf,275,C[C@]12C=CC(=O)C=C1[C@@H](F)C[C@H]1[C@@H]3C[C@H]4CN(Cc5ccc(Cl)cc5)C[C@@]4(C(=O)CO)[C@@]3(C)C[C@H](O)[C@@]12F,6.72,experimental,,,tertiary_amine,,2026-06-27T14:42:01.786634+00:00
FIXED_chembl26.sdf,276,C[C@]12C=CC(=O)C=C1[C@@H](F)C[C@H]1[C@@H]3C[C@H]4CN(Cc5cccc(Cl)c5)C[C@@]4(C(=O)CO)[C@@]3(C)C[C@H](O)[C@@]12F,6.64,experimental,,,tertiary_amine,,2026-06-27T14:42:03.436767+00:00
FIXED_chembl26.sdf,277,C[C@]12C=CC(=O)C=C1[C@@H](F)C[C@H]1[C@@H]3C[C@H]4CN(Cc5ccc(C(F)(F)F)cc5)C[C@@]4(C(=O)CO)[C@@]3(C)C[C@H](O)[C@@]12F,6.43,experimental,,,tertiary_amine,,2026-06-27T14:42:04.373196+00:00
FIXED_chembl26.sdf,278,Cc1cccc(CN2C[C@@H]3C[C@H]4[C@@H]5C[C@H](F)C6=CC(=O)C=C[C@]6(C)[C@@]5(F)[C@@H](O)C[C@]4(C)[C@]3(C(=O)CO)C2)c1,7.27,experimental,,,tertiary_amine,,2026-06-27T14:42:06.557979+00:00
FIXED_chembl26.sdf,279,Cc1ccc(CN2C[C@@H]3C[C@H]4[C@@H]5C[C@H](F)C6=CC(=O)C=C[C@]6(C)[C@@]5(F)[C@@H](O)C[C@]4(C)[C@]3(C(=O)CO)C2)cc1,7.11,experimental,,,tertiary_amine,,2026-06-27T14:42:07.528927+00:00
FIXED_chembl26.sdf,280,C[C@]12C=CC(=O)C=C1[C@@H](F)C[C@H]1[C@@H]3C[C@H]4CN(Cc5cccnc5)C[C@@]4(C(=O)CO)[C@@]3(C)C[C@H](O)[C@@]12F,4.11,experimental,,,tertiary_amine,,2026-06-27T14:42:10.156356+00:00
FIXED_chembl26.sdf,281,C[C@]12C=CC(=O)C=C1[C@@H](F)C[C@H]1[C@@H]3C[C@H]4CNC[C@@]4(C(=O)CO)[C@@]3(C)C[C@H](O)[C@@]12F,8.82,experimental,,,secondary_amine,,2026-06-27T14:42:12.625040+00:00
FIXED_chembl26.sdf,282,C[C@]12C=CC(=O)C=C1[C@@H](F)C[C@H]1[C@@H]3C[C@H]4CN(Cc5ccccc5)C[C@@]4(C(=O)CO)[C@@]3(C)C[C@H](O)[C@@]12F,6.96,experimental,,,tertiary_amine,,2026-06-27T14:42:14.866750+00:00
FIXED_chembl26.sdf,283,CN1C[C@@H]2C[C@H]3[C@@H]4C[C@H](F)C5=CC(=O)C=C[C@]5(C)[C@@]4(F)[C@@H](O)C[C@]3(C)[C@]2(C(=O)CO)C1,7.91,experimental,,,tertiary_amine,,2026-06-27T14:42:16.976211+00:00
FIXED_chembl26.sdf,284,C[C@]12C=CC(=O)C=C1[C@@H](F)C[C@H]1[C@@H]3C[C@H]4CN(CC5CC5)C[C@@]4(C(=O)CO)[C@@]3(C)C[C@H](O)[C@@]12F,7.83,experimental,,,tertiary_amine,,2026-06-27T14:42:18.237105+00:00
FIXED_chembl26.sdf,285,CC(C)CCN1C[C@@H]2C[C@H]3[C@@H]4C[C@H](F)C5=CC(=O)C=C[C@]5(C)[C@@]4(F)[C@@H](O)C[C@]3(C)[C@]2(C(=O)CO)C1,7.98,experimental,,,tertiary_amine,,2026-06-27T14:42:19.558734+00:00
FIXED_chembl26.sdf,286,C[C@]12C=CC(=O)C=C1[C@@H](F)C[C@H]1[C@@H]3C[C@H]4CN(Cc5cc6ccccc6s5)C[C@@]4(C(=O)CO)[C@@]3(C)C[C@H](O)[C@@]12F,6.4,experimental,,,tertiary_amine,,2026-06-27T14:42:21.387310+00:00
FIXED_chembl26.sdf,287,C[C@]12C=CC(=O)C=C1[C@@H](F)C[C@H]1[C@@H]3C[C@H]4CN(Cc5ccc6ccccc6n5)C[C@@]4(C(=O)CO)[C@@]3(C)C[C@H](O)[C@@]12F,3.42,experimental,,,quinoline,,2026-06-27T14:42:24.832354+00:00
FIXED_chembl26.sdf,288,C[C@]12C=CC(=O)C=C1[C@@H](F)C[C@H]1[C@@H]3C[C@H]4CN(Cc5ccc(CSc6ccc(O)cc6)cc5)C[C@@]4(C(=O)CO)[C@@]3(C)C[C@H](O)[C@@]12F,6.95,experimental,,,tertiary_amine,,2026-06-27T14:42:27.732724+00:00
FIXED_chembl26.sdf,320,Cl.O=C(O)c1cccn(C[C@@H]2CNCCO[C@H]2c2ccc(Cl)c(F)c2)c1=O,2.58,experimental,,,carboxylic_acid,,2026-06-27T14:43:28.962097+00:00
FIXED_chembl26.sdf,323,Cc1nnc(-c2cccn(C[C@@H]3CNCCO[C@H]3c3ccc(Cl)c(F)c3)c2=O)[nH]1.Cl,9.68,experimental,,,secondary_amine,,2026-06-27T14:43:40.215368+00:00
FIXED_chembl26.sdf,324,Cl.O=c1[nH]c(-c2ccn(C[C@@H]3CNCCO[C@H]3c3ccc(Cl)c(F)c3)c(=O)c2)no1,5.89,experimental,,,secondary_amine,,2026-06-27T14:43:42.167188+00:00
FIXED_chembl26.sdf,325,Cl.O=c1[nH]c(-c2ccc(=O)n(C[C@@H]3CNCCO[C@H]3c3ccc(Cl)c(F)c3)c2)no1,5.72,experimental,,,secondary_amine,,2026-06-27T14:43:44.099752+00:00
FIXED_chembl26.sdf,326,Cl.O=c1[nH]c(-c2cccc(=O)n2C[C@@H]2CNCCO[C@H]2c2ccc(Cl)c(F)c2)no1,6.35,experimental,,,secondary_amine,,2026-06-27T14:43:46.024591+00:00
FIXED_chembl26.sdf,327,O=C(Nc1cccnc1)N1CCN(Cc2cccc(Oc3ccc(Cl)cc3)c2)CC1,5.25,experimental,,,tertiary_amine,,2026-06-27T14:43:49.049043+00:00
FIXED_chembl26.sdf,328,O=C(Nc1cnccc1Cl)N1CCN(Cc2cccc(Oc3ccc(Cl)cc3)c2)CC1,3.85,experimental,,,tertiary_amine,,2026-06-27T14:43:50.630193+00:00
FIXED_chembl26.sdf,331,O=C(Nc1ccon1)N1CCN(Cc2cccc(Oc3ccc(Cl)cc3)c2)CC1,-2.97,experimental,,,isoxazolidine,,2026-06-27T14:44:16.482196+00:00
FIXED_chembl26.sdf,333,O=C(Nc1noc2ccccc12)N1CCN(Cc2cccc(Oc3ccc(Cl)cc3)c2)CC1,-4.7,experimental,,,isoxazolidine,,2026-06-27T14:44:40.119292+00:00
FIXED_chembl26.sdf,342,Cc1nc(COc2ccc3c(c2)[C@@H](O)[C@@H](Cc2cccnc2)CO3)ccc1[N+](=O)[O-],1.52,experimental,,,nitro,,2026-06-27T14:45:14.513470+00:00
FIXED_chembl26.sdf,346,CN1CCN(c2cccc(C3=C(c4c[nH]c5ccccc45)C(=O)NC3=O)c2)CC1,7.4,experimental,,,tertiary_amine,,2026-06-27T14:45:40.625886+00:00
FIXED_chembl26.sdf,347,CN1CCN(c2nc(C3=C(c4c[nH]c5ccccc45)C(=O)NC3=O)c3ccccc3n2)CC1,7.4,experimental,,,tertiary_amine,,2026-06-27T14:45:43.405259+00:00
FIXED_chembl26.sdf,351,O=c1c(O[C@@H]2O[C@H](CO)[C@@H](O)[C@H](O)[C@H]2O)c(-c2ccc(O[C@@H]3O[C@H](CO)[C@@H](O)[C@H](O)[C@H]3O)c(O)c2)oc2cc(O)cc(O)c12,6.9,experimental,,,phenol,,2026-06-27T14:45:55.395277+00:00
FIXED_chembl26.sdf,352,NC(CO)C(=O)NNCc1ccc(O)c(O)c1O,6.19,experimental,,,phenol,,2026-06-27T14:45:59.336746+00:00
FIXED_chembl26.sdf,353,CC(C)(C(=O)O)c1ccc(C(O)CCCN2CCC(C(O)(c3ccccc3)c3ccccc3)CC2)cc1,4.2,experimental,,,carboxylic_acid,,2026-06-27T14:46:02.074370+00:00
FIXED_chembl26.sdf,355,CC1=C(C(=O)O)N2C(=O)[C@@H](NC(=O)[C@H](N)c3ccccc3)[C@H]2SC1,2.55,experimental,,,carboxylic_acid,,2026-06-27T14:46:08.202730+00:00
FIXED_chembl26.sdf,356,N[C@@H](Cc1ccccc1)C(=O)O,2.2,experimental,,,carboxylic_acid,,2026-06-27T14:46:10.665483+00:00
FIXED_chembl26.sdf,357,N=C(N)NCCCNC(=O)[C@@H]1CCCCN1C(=O)[C@@H](CC1CCCCC1)NCC(=O)O,1.6,experimental,,,carboxylic_acid,,2026-06-27T14:46:14.203871+00:00
FIXED_chembl26.sdf,358,COc1cc2ncnc(Nc3cccc(Cl)c3F)c2cc1OC1CCN(C)CC1,8.8,experimental,,,tertiary_amine,,2026-06-27T14:46:17.800545+00:00
FIXED_chembl26.sdf,359,COCCN1CCC(Oc2cc3c(Nc4cccc(Cl)c4F)ncnc3cc2OC)CC1,8.1,experimental,,,tertiary_amine,,2026-06-27T14:46:20.216575+00:00
FIXED_chembl26.sdf,360,COc1cc2ncnc(Nc3cccc(Cl)c3F)c2cc1OC1CCN(CC(N)=O)CC1,6.7,experimental,,,tertiary_amine,,2026-06-27T14:46:22.051362+00:00
FIXED_chembl26.sdf,361,COc1cc2c(Nc3ccc(Br)cc3F)ncnc2cc1OCC1CCN(C)CC1,9.3,experimental,,,tertiary_amine,,2026-06-27T14:46:23.766144+00:00
FIXED_chembl26.sdf,362,COCCN1CCC(Oc2cc3c(Nc4cc(Cl)ccc4F)ncnc3cc2OC)CC1,8.1,experimental,,,tertiary_amine,,2026-06-27T14:46:25.856236+00:00
FIXED_chembl26.sdf,363,COc1cc2ncnc(Nc3cc(Cl)ccc3F)c2cc1OC1CCN(CC(N)=O)CC1,6.7,experimental,,,tertiary_amine,,2026-06-27T14:46:27.439148+00:00
FIXED_chembl26.sdf,364,COc1cc2ncnc(Nc3cccc(Cl)c3F)c2cc1OCC1CCN(C)CC1,9.3,experimental,,,tertiary_amine,,2026-06-27T14:46:29.024938+00:00
FIXED_chembl26.sdf,365,COc1cc2ncnc(Nc3cc(Cl)ccc3F)c2cc1OC1CCN(C)CC1,8.8,experimental,,,tertiary_amine,,2026-06-27T14:46:30.224829+00:00
FIXED_chembl26.sdf,366,COc1cc2ncnc(Nc3cc(Cl)ccc3F)c2cc1OCC1CCN(C)CC1,9.3,experimental,,,tertiary_amine,,2026-06-27T14:46:31.673670+00:00
FIXED_chembl26.sdf,367,COc1cc2ncnc(Nc3ccc(F)c(Cl)c3)c2cc1OC1CCN(C)CC1,8.8,experimental,,,tertiary_amine,,2026-06-27T14:46:32.949454+00:00
FIXED_chembl26.sdf,368,COc1cc2ncnc(Nc3ccc(F)c(Cl)c3)c2cc1OCC1CCN(C)CC1,9.3,experimental,,,tertiary_amine,,2026-06-27T14:46:34.749161+00:00
FIXED_chembl26.sdf,369,Cl.NC1=NC23CCC(NC(=O)c4cccc(Cl)c4)CC2(COC3)CS1,8.2,experimental,,,amidine,,2026-06-27T14:46:37.154371+00:00
FIXED_chembl26.sdf,370,Cl.NC1=N[C@]23CC[C@H](NC(=O)c4cccc(Cl)c4)C[C@@H]2[C@@H](COC3)S1,9.0,experimental,,,amidine,,2026-06-27T14:46:38.456364+00:00
FIXED_chembl26.sdf,371,Cl.NC1=NC2CCC(NC(=O)c3cccc(Cl)c3)CC2CS1,9.7,experimental,,,amidine,,2026-06-27T14:46:40.374164+00:00
FIXED_chembl26.sdf,372,Cc1nnc(C(C)C)n1C1CCN(CC[C@H](NC(=O)C2CCC(F)(F)CC2)c2ccccc2)CC1,7.2,experimental,,,tertiary_amine,,2026-06-27T14:46:42.914945+00:00
FIXED_chembl26.sdf,373,Cc1nnc(C(C)C)n1[C@@H]1C[C@H]2CC[C@@H](C1)N2CC[C@H](NC(=O)C1CCC(F)(F)CC1)c1ccccc1,7.7,experimental,,,tertiary_amine,,2026-06-27T14:46:44.343050+00:00
FIXED_chembl26.sdf,374,CCN(C(=O)Cc1ccc(OC)cc1)C1CCN(C(C)C[C@H](NC(=O)C2CCC2)c2ccccc2)CC1,7.8,experimental,,,tertiary_amine,,2026-06-27T14:46:45.736614+00:00
FIXED_chembl26.sdf,375,COc1ccc(CC(=O)NC2CCN(CC[C@H](NC(=O)C3CCC3)c3ccccc3)CC2)cc1,8.2,experimental,,,tertiary_amine,,2026-06-27T14:46:47.094526+00:00
FIXED_chembl26.sdf,376,CCN(C(=O)Cc1ccc(OC)cc1)[C@H]1C[C@H]2CC[C@@H](C1)N2CC[C@H](NC(=O)C1CCC1)c1ccccc1,8.7,experimental,,,tertiary_amine,,2026-06-27T14:46:48.323576+00:00
FIXED_chembl26.sdf,377,CC1(C)CCc2cc(O)ccc2O1,10.3,experimental,,,phenol,,2026-06-27T14:46:50.738621+00:00
FIXED_chembl26.sdf,378,CC1(C)CCc2c(Cl)c(O)c(Cl)c(Cl)c2O1,7.1,experimental,,,phenol,,2026-06-27T14:46:52.253370+00:00
FIXED_chembl26.sdf,379,CC1(C)CCc2c(cc(Cl)c(O)c2Cl)O1,7.7,experimental,,,phenol,,2026-06-27T14:46:53.560695+00:00
FIXED_chembl26.sdf,380,CC1(C)CCc2c(ccc(O)c2Cl)O1,8.6,experimental,,,phenol,,2026-06-27T14:46:55.020473+00:00
FIXED_chembl26.sdf,381,CC1(C)CCc2cc(O)c(Cl)cc2O1,9.1,experimental,,,phenol,,2026-06-27T14:46:56.150226+00:00
FIXED_chembl26.sdf,382,CC1(C)CCc2cc(O)cc(Cl)c2O1,9.8,experimental,,,phenol,,2026-06-27T14:46:57.127566+00:00
FIXED_chembl26.sdf,384,CN(C)CCNC(=O)c1cccc2c1ncc1ccccc12.Cl.Cl,2.95,experimental,,,quinoline,,2026-06-27T14:47:03.167399+00:00
FIXED_chembl26.sdf,385,CN(C)CCNC(=O)c1cccc2c1nc(-c1ccccc1)c1ccccc12,2.75,experimental,,,quinoline,,2026-06-27T14:47:04.943449+00:00
FIXED_chembl26.sdf,386,CN(C)CCNC(=O)c1cccc2c1nc(-c1ccc(Cl)cc1)c1ccccc12,2.52,experimental,,,quinoline,,2026-06-27T14:47:06.138448+00:00
FIXED_chembl26.sdf,387,CCOC(=O)COc1ccc(Oc2ccc(O)c(CN)c2)c(Cl)c1Cl.Cl,8.55,experimental,,,primary_amine,,2026-06-27T14:47:09.342199+00:00
FIXED_chembl26.sdf,388,CCOC(=O)COc1ccc(S(=O)(=O)c2ccc(O)c(CN)c2)c(Cl)c1Cl.Cl,6.67,experimental,,,primary_amine,,2026-06-27T14:47:11.636190+00:00
FIXED_chembl26.sdf,389,CCOC(=O)COc1ccc(C(=O)c2ccc(O)c(CN)c2)cc1.Cl,7.34,experimental,,,primary_amine,,2026-06-27T14:47:13.256057+00:00
FIXED_chembl26.sdf,390,CCOC(=O)COc1ccc(Cc2ccc(O)c(CN)c2)c(Cl)c1Cl.Cl,8.73,experimental,,,primary_amine,,2026-06-27T14:47:15.202996+00:00
FIXED_chembl26.sdf,391,CCOC(=O)COc1ccc(C(=O)c2ccc(O)c(CN)c2)c(Cl)c1Cl.Cl,6.38,experimental,,,primary_amine,,2026-06-27T14:47:17.136556+00:00
FIXED_chembl26.sdf,392,O=C1OC(C(O)CO)C(OCCCO[N+](=O)[O-])=C1O,7.55,experimental,,,tertiary_amine,,2026-06-27T14:47:18.812261+00:00
FIXED_chembl26.sdf,393,O=C1OC(C(O)CO)C(O)=C1OCCCOc1no[n+]([O-])c1-c1ccccc1,3.44,experimental,,,20,manual,2026-06-27T14:47:38.109988+00:00
FIXED_chembl26.sdf,394,O=C1OC(C(O)CO)C(O)=C1OCCCCCCO[N+](=O)[O-],3.56,experimental,,,21,manual,2026-06-27T14:47:55.384574+00:00
FIXED_chembl26.sdf,395,O=C1OC(C(O)CO)C(O)=C1OCCCO[N+](=O)[O-],3.19,experimental,,,18,manual,2026-06-27T14:48:06.530363+00:00
FIXED_chembl26.sdf,396,O=C1OC(C(O)CO)C(OCCCOc2no[n+]([O-])c2S(=O)(=O)c2ccccc2)=C1O,7.62,experimental,,,18,manual,2026-06-27T14:48:16.546359+00:00
FIXED_chembl26.sdf,397,O=C1OC(C(O)CO)C(OCCCOc2no[n+]([O-])c2-c2ccccc2)=C1O,7.6,experimental,,,18,manual,2026-06-27T14:48:26.813040+00:00
FIXED_chembl26.sdf,398,NC(=O)c1c(COC2=C(O)C(=O)OC2C(O)CO)no[n+]1[O-],7.07,experimental,,,21,manual,2026-06-27T14:48:38.246441+00:00
FIXED_chembl26.sdf,399,O=C1OC(C(O)CO)C(OCCCCC(CO[N+](=O)[O-])O[N+](=O)[O-])=C1O,7.64,experimental,,,19,manual,2026-06-27T14:48:47.996344+00:00
FIXED_chembl26.sdf,400,O=C1OC(C(O)CO)C(OCCCCCCO[N+](=O)[O-])=C1O,7.6,experimental,,,19,manual,2026-06-27T14:48:56.490747+00:00
FIXED_chembl26.sdf,401,COC1=C(O)[C@@H]([C@@H](O)CO)OC1=O,3.23,experimental,,,4,manual,2026-06-27T14:49:09.481134+00:00
FIXED_chembl26.sdf,402,COC1=C(O)C(=O)O[C@@H]1[C@@H](O)CO,7.54,experimental,,,4,manual,2026-06-27T14:49:20.043495+00:00
FIXED_chembl26.sdf,403,O=C(c1ccccc1)n1c(-c2ccccc2[N+](=O)[O-])nc2ccccc21,4.9,experimental,,,18,manual,2026-06-27T14:49:31.792285+00:00
FIXED_chembl26.sdf,404,O=C(c1ccc(Cl)cc1)n1c(-c2ccccc2[N+](=O)[O-])nc2ccccc21,4.69,experimental,,,19,manual,2026-06-27T14:49:42.095944+00:00
FIXED_chembl26.sdf,405,COc1ccc(C(=O)n2c(-c3ccccc3[N+](=O)[O-])nc3ccccc32)cc1,4.71,experimental,,,18,manual,2026-06-27T14:49:51.152921+00:00
FIXED_chembl26.sdf,406,O=C(c1ccc([N+](=O)[O-])cc1)n1c(-c2ccccc2[N+](=O)[O-])nc2ccccc21,4.79,experimental,,,19,manual,2026-06-27T14:50:00.053388+00:00
FIXED_chembl26.sdf,407,Nc1ccc(CC(=O)O)cc1,3.6,experimental,,,carboxylic_acid,,2026-06-27T14:50:10.080562+00:00
FIXED_chembl26.sdf,411,Cc1c(Cc2ccccc2S(=O)(=O)c2ccccc2)c2c(n1CC(=O)O)CCNC2=O,3.0,experimental,,,carboxylic_acid,,2026-06-27T14:50:29.669163+00:00
FIXED_chembl26.sdf,412,Cc1c(Cc2ccccc2S(=O)(=O)c2cccc(Cl)c2)c2c(n1CC(=O)O)CCNC2=O,3.1,experimental,,,carboxylic_acid,,2026-06-27T14:50:30.866478+00:00
FIXED_chembl26.sdf,413,COc1ccc(S(=O)(=O)c2ccc(F)cc2)c(Cc2c3c(n(CC(=O)O)c2C)CCNC3=O)c1,3.1,experimental,,,carboxylic_acid,,2026-06-27T14:50:32.838614+00:00
FIXED_chembl26.sdf,414,Cc1c(Cc2ccccc2C(O)c2ccccc2)c2c(n1CC(=O)O)CCNC2=O,3.1,experimental,,,carboxylic_acid,,2026-06-27T14:50:34.329724+00:00
FIXED_chembl26.sdf,415,Cc1c(Cc2ccccc2S(=O)(=O)c2ccccc2)c2c(n1CC(=O)O)CCN(C)C2=O,2.9,experimental,,,carboxylic_acid,,2026-06-27T14:50:35.918660+00:00
FIXED_chembl26.sdf,416,Cc1c(Cc2ccccc2S(=O)(=O)c2ccccc2)c2c(n1CC(=O)O)CCN(Cc1ccccc1)C2=O,3.3,experimental,,,carboxylic_acid,,2026-06-27T14:50:36.915719+00:00
FIXED_chembl26.sdf,417,Cc1c(Cc2ccccc2S(=O)(=O)c2ccccc2)c2c(n1CC(=O)O)CCN(C(C)C)C2=O,2.9,experimental,,,carboxylic_acid,,2026-06-27T14:50:38.108350+00:00
FIXED_chembl26.sdf,418,Cc1c(Cc2ccccc2S(=O)(=O)c2ccccc2)c2c(n1CC(=O)O)CC(C)(C)NC2=O,3.0,experimental,,,carboxylic_acid,,2026-06-27T14:50:39.109223+00:00
FIXED_chembl26.sdf,494,O=C1NC2(CCCc3ccccc32)C(=O)N1CCCN1CCN(c2cccc(C(F)(F)F)c2)CC1,11.08,experimental,,,tertiary_amine,,2026-06-27T14:52:00.450422+00:00
FIXED_chembl26.sdf,495,O=C1NC2(CCCc3ccccc32)C(=O)N1CCCN1CCN(c2cccc(Cl)c2)CC1,10.8,experimental,,,tertiary_amine,,2026-06-27T14:52:02.067760+00:00
FIXED_chembl26.sdf,496,COc1ccccc1N1CCN(CCCN2C(=O)NC3(CCCc4ccccc43)C2=O)CC1,10.32,experimental,,,tertiary_amine,,2026-06-27T14:52:04.327413+00:00
FIXED_chembl26.sdf,497,O=C1NC2(CCCc3ccccc32)C(=O)N1CCCN1CCN(c2ccccc2)CC1,10.55,experimental,,,tertiary_amine,,2026-06-27T14:52:06.106659+00:00
FIXED_chembl26.sdf,498,O=C1NC2(CCc3ccccc32)C(=O)N1CCCN1CCc2ccccc2C1,10.93,experimental,,,tertiary_amine,,2026-06-27T14:52:08.323667+00:00
FIXED_chembl26.sdf,499,O=C1NC2(CCc3ccccc32)C(=O)N1CCCN1CCN(c2cccc(C(F)(F)F)c2)CC1,9.96,experimental,,,tertiary_amine,,2026-06-27T14:52:09.794231+00:00
FIXED_chembl26.sdf,500,O=C1NC2(CCc3ccccc32)C(=O)N1CCCN1CCN(c2cccc(Cl)c2)CC1,10.31,experimental,,,tertiary_amine,,2026-06-27T14:52:11.025815+00:00
FIXED_chembl26.sdf,501,COc1ccccc1N1CCN(CCCN2C(=O)NC3(CCc4ccccc43)C2=O)CC1,9.6,experimental,,,tertiary_amine,,2026-06-27T14:52:12.707735+00:00
FIXED_chembl26.sdf,502,O=C1NC2(CCc3ccccc32)C(=O)N1CCCN1CCN(c2ccccc2)CC1,10.48,experimental,,,tertiary_amine,,2026-06-27T14:52:14.925243+00:00
FIXED_chembl26.sdf,503,Cn1c(=O)c2c(nc3n(CCCN4CCc5ccccc5C4)c(-c4ccccc4)cn23)n(C)c1=O,10.41,experimental,,,tertiary_amine,,2026-06-27T14:52:17.057771+00:00
FIXED_chembl26.sdf,504,Cn1c(=O)c2c(nc3n(CCCN4CCN(c5cccc(Cl)c5)CC4)c(-c4ccccc4)cn23)n(C)c1=O,10.61,experimental,,,tertiary_amine,,2026-06-27T14:52:18.687643+00:00
FIXED_chembl26.sdf,505,COc1ccccc1N1CCN(CCCn2c(-c3ccccc3)cn3c4c(=O)n(C)c(=O)n(C)c4nc23)CC1,8.44,experimental,,,tertiary_amine,,2026-06-27T14:52:20.733052+00:00
FIXED_chembl26.sdf,506,Cn1c(=O)c2c(nc3n(CCCN4CCN(c5ccccc5)CC4)c(-c4ccccc4)cn23)n(C)c1=O,8.79,experimental,,,tertiary_amine,,2026-06-27T14:52:22.193978+00:00
FIXED_chembl26.sdf,507,Cc1cn2c3c(=O)n(C)c(=O)n(C)c3nc2n1CCCN1CCc2ccccc2C1,8.66,experimental,,,tertiary_amine,,2026-06-27T14:52:23.794066+00:00
FIXED_chembl26.sdf,508,Cc1cn2c3c(=O)n(C)c(=O)n(C)c3nc2n1CCCN1CCN(c2cccc(Cl)c2Cl)CC1,7.61,experimental,,,tertiary_amine,,2026-06-27T14:52:26.250308+00:00
FIXED_chembl26.sdf,509,Cc1cn2c3c(=O)n(C)c(=O)n(C)c3nc2n1CCCN1CCN(c2cccc(Cl)c2)CC1,8.12,experimental,,,tertiary_amine,,2026-06-27T14:52:27.522584+00:00
FIXED_chembl26.sdf,510,COc1ccccc1N1CCN(CCCn2c(C)cn3c4c(=O)n(C)c(=O)n(C)c4nc23)CC1,7.61,experimental,,,tertiary_amine,,2026-06-27T14:52:29.254589+00:00
FIXED_chembl26.sdf,511,Cc1cn2c3c(=O)n(C)c(=O)n(C)c3nc2n1CCCN1CCN(c2ccccc2)CC1,7.55,experimental,,,tertiary_amine,,2026-06-27T14:52:30.724084+00:00
FIXED_chembl26.sdf,512,Cn1c(=O)c2c(nc3n(CCCN4CCN(c5cccc(Cl)c5)CC4)ccn23)n(C)c1=O,8.35,experimental,,,tertiary_amine,,2026-06-27T14:52:31.994573+00:00
FIXED_chembl26.sdf,513,COc1ccccc1N1CCN(CCCn2ccn3c4c(=O)n(C)c(=O)n(C)c4nc23)CC1,8.19,experimental,,,tertiary_amine,,2026-06-27T14:52:33.332417+00:00
FIXED_chembl26.sdf,514,Cn1c(=O)c2c(nc3n(CCCN4CCN(c5ccccc5)CC4)ccn23)n(C)c1=O,8.09,experimental,,,tertiary_amine,,2026-06-27T14:52:34.948954+00:00
FIXED_chembl26.sdf,524,Cc1ncc(-c2nc(Nc3ccc(C(=O)NC4CCN(C)CC4)c(F)c3)ncc2F)n1C(C)C,8.8,experimental,,,tertiary_amine,,2026-06-27T14:53:31.227338+00:00
FIXED_chembl26.sdf,525,Cc1ncc(-c2nc(Nc3ccc(C(=O)NCCN(C)C)c(F)c3)ncc2F)n1C(C)C,8.6,experimental,,,tertiary_amine,,2026-06-27T14:53:33.076110+00:00
FIXED_chembl26.sdf,526,Cc1ncc(-c2nc(Nc3ccc(C(=O)N4CC[C@H](N(C)C)C4)cc3)ncc2F)n1C(C)C,7.4,experimental,,,tertiary_amine,,2026-06-27T14:53:34.328310+00:00
FIXED_chembl26.sdf,527,Cc1ncc(-c2nc(Nc3ccc(C(=O)N4CCCN(C)CC4)cc3)ncc2F)n1C(C)C,8.1,experimental,,,tertiary_amine,,2026-06-27T14:53:35.989868+00:00
FIXED_chembl26.sdf,528,Cc1ncc(-c2ccnc(Nc3ccc(C(=O)N4CCN(C)CC4)cc3)n2)n1C(C)C,7.0,experimental,,,tertiary_amine,,2026-06-27T14:53:41.341041+00:00
FIXED_chembl26.sdf,529,Cc1ncc(-c2nc(Nc3ccc(C(=O)N4CCN(C)CC4)cc3)ncc2F)n1C(C)C,6.9,experimental,,,tertiary_amine,,2026-06-27T14:53:43.263936+00:00
experimental_training_datasets.sdf,0,Brc1c(NC2CC2)nc(C2CC2)nc1N1CCCCCC1,6.09,marvin,basic,10.0,tertiary_amine,,2026-06-27T14:53:49.003548+00:00
experimental_training_datasets.sdf,0,Brc1c(NC2CC2)nc(C2CC2)nc1N1CCCCCC1,6.21,experimental,,,tertiary_amine,,2026-06-27T14:53:51.537755+00:00
literature_compilation.sdf,39,Nc1ccc([N+](=O)[O-])cc1,1.0,experimental,nan,,6,manual,2026-06-27T14:54:52.970583+00:00
literature_compilation.sdf,60,O=C1Nc2ccccc2C(c2ccccc2)=NC1O,1.7,experimental,nan,,3,manual,2026-06-27T14:55:46.517093+00:00
literature_compilation.sdf,61,CN1C(=O)C(O)N=C(c2ccccc2)c2ccccc21,1.6,experimental,nan,,3,manual,2026-06-27T14:55:54.568805+00:00
literature_compilation.sdf,64,Clc1cccc(Cl)c1NC1=[NH+]CCN1,8.1,experimental,nan,,guanidinium,,2026-06-27T14:56:08.906728+00:00
literature_compilation.sdf,76,CO,15.5,experimental,nan,,0,manual,2026-06-27T14:56:28.344570+00:00
literature_compilation.sdf,77,CC[OH2+],15.9,experimental,nan,,2,manual,2026-06-27T14:57:46.958557+00:00
literature_compilation.sdf,78,CCC[OH2+],16.2,experimental,nan,,3,manual,2026-06-27T14:57:58.535018+00:00
literature_compilation.sdf,79,CC(C)[OH2+],17.1,experimental,nan,,3,manual,2026-06-27T14:58:07.028315+00:00
literature_compilation.sdf,80,CCC(C)[OH2+],17.6,experimental,nan,,4,manual,2026-06-27T14:58:17.302213+00:00
literature_compilation.sdf,81,CC(C)(C)[OH2+],19.2,experimental,nan,,4,manual,2026-06-27T14:58:24.276059+00:00
literature_compilation.sdf,82,C=CC[OH2+],15.5,experimental,nan,,3,manual,2026-06-27T14:58:30.331277+00:00
literature_compilation.sdf,83,C#CC[OH2+],14.3,experimental,nan,,3,manual,2026-06-27T14:58:38.264284+00:00
literature_compilation.sdf,84,[OH2+]CCCl,12.9,experimental,nan,,0,manual,2026-06-27T14:58:47.176670+00:00
literature_compilation.sdf,85,[OH2+]CC(Cl)Cl,12.2,experimental,nan,,0,manual,2026-06-27T14:58:55.379826+00:00
literature_compilation.sdf,86,[OH2+]CC(Cl)(Cl)Cl,12.4,experimental,nan,,0,manual,2026-06-27T14:59:03.143920+00:00
literature_compilation.sdf,87,[OH2+]CC(F)(F)F,15.4,experimental,nan,,0,manual,2026-06-27T14:59:11.208016+00:00
literature_compilation.sdf,88,OCCO,13.6,experimental,nan,,0,manual,2026-06-27T14:59:23.636313+00:00
literature_compilation.sdf,90,OCCCO,15.1,experimental,nan,,0,manual,2026-06-27T14:59:32.747853+00:00
literature_compilation.sdf,96,COc1ccc(O)cc1,10.3,experimental,nan,,phenol,,2026-06-27T14:59:40.004070+00:00
literature_compilation.sdf,100,O=Cc1ccc(O)cc1,7.6,experimental,nan,,phenol,,2026-06-27T15:00:04.354744+00:00
literature_compilation.sdf,141,C[SH2+],10.3,experimental,nan,,1,manual,2026-06-27T15:00:58.045342+00:00
literature_compilation.sdf,142,CC[SH2+],10.6,experimental,nan,,2,manual,2026-06-27T15:01:08.442285+00:00
literature_compilation.sdf,151,CCC1NC(=O)c2cc(S(N)(=O)=O)c(Cl)cc2[NH2+]1,9.3,experimental,nan,,17,manual,2026-06-27T15:01:28.525278+00:00
literature_compilation.sdf,162,NS(=O)(=O)c1ccc([NH+]2CCCCS2(=O)=O)cc1,10.0,experimental,nan,,8,manual,2026-06-27T15:02:13.305736+00:00
literature_compilation.sdf,163,Cc1cccc(C)c1NC(=O)c1cc(S(N)(=O)=O)c(Cl)cc1O,10.0,experimental,nan,,phenol,,2026-06-27T15:02:29.962382+00:00
literature_compilation.sdf,167,O=C(NO)c1ccccc1O,7.5,experimental,nan,,phenol,,2026-06-27T15:02:32.057778+00:00
literature_compilation.sdf,168,[NH3+]c1ccccc1C(=O)NO,9.0,experimental,nan,,aryl_ammonium,,2026-06-27T15:02:34.158940+00:00
literature_compilation.sdf,171,O=C(NO)c1ccccc1[N+](=O)[O-],7.0,experimental,nan,,aniline,,2026-06-27T15:02:35.567005+00:00
literature_compilation.sdf,172,O=C(NO)c1cccc([N+](=O)[O-])c1,8.4,experimental,nan,,aniline,,2026-06-27T15:02:36.663535+00:00
literature_compilation.sdf,173,[NH3+]c1ccc(C(=O)NO)cc1,9.4,experimental,nan,,aryl_ammonium,,2026-06-27T15:02:37.951308+00:00
literature_compilation.sdf,176,O=C(NO)c1ccc([N+](=O)[O-])cc1,8.3,experimental,nan,,aniline,,2026-06-27T15:02:39.979254+00:00
literature_compilation.sdf,177,O=C(NO)c1ccc(O)cc1,8.9,experimental,nan,,phenol,,2026-06-27T15:02:41.143818+00:00
literature_compilation.sdf,179,CC1=CC(=O)NC(=S)[NH2+]1,8.2,experimental,nan,,thioamide,,2026-06-27T15:02:45.541842+00:00
literature_compilation.sdf,206,NC1=C(/C(N)=N\O)CN=N1,2.41,experimental,nan,,enamine,,2026-06-27T15:03:08.801812+00:00
literature_compilation.sdf,209,CN(CC(=O)O)C(N)=[NH2+],12.36,experimental,nan,,guanidinium,,2026-06-27T15:03:15.118754+00:00
literature_compilation.sdf,221,O=C1CCC(c2ccccc2)=NN1,12.14,experimental,nan,,hydrazone,,2026-06-27T15:03:45.042289+00:00
literature_compilation.sdf,231,Oc1ccc(Oc2ccccc2)cc1,9.6,experimental,nan,,phenol,,2026-06-27T15:04:05.520579+00:00
literature_compilation.sdf,233,CC(=O)Nc1ccc(O)cc1,9.63,experimental,-h,,phenol,,2026-06-27T15:04:31.717214+00:00
literature_compilation.sdf,237,Nc1ncnc2c1ncn2C1O[C@H](CO)[C@H](O)[C@@H]1O,12.35,experimental,-h,,secondary_alcohol,,2026-06-27T15:04:37.574702+00:00
literature_compilation.sdf,238,CCCS(=O)c1ccc2[nH]c(NC(=O)OC)nc2c1,3.28,experimental,+h,,sulfoxide,,2026-06-27T15:04:40.676917+00:00
literature_compilation.sdf,241,CC1(C)S[C@@H]2[C@H](N)C(=O)N2[C@H]1C(=O)[O-],2.3,experimental,-h,,carboxylate,,2026-06-27T15:04:42.873705+00:00
literature_compilation.sdf,244,C[C@H](N)Cc1ccc(O)cc1,0.7,experimental,+h,,phenol,,2026-06-27T15:05:03.876131+00:00
literature_compilation.sdf,248,CC1(C)SC2[C@H](NC(=O)C3(N)CCCC3)C(=O)N2[C@H]1C(=O)[O-],2.62,experimental,-h,,carboxylate,,2026-06-27T15:05:10.134711+00:00
literature_compilation.sdf,249,CC1(C)S[C@@H]2[C@H](NC(=O)[C@H](N)c3ccccc3)C(=O)N2[C@H]1C(=O)[O-],2.65,experimental,-h,,carboxylate,,2026-06-27T15:05:11.517002+00:00
literature_compilation.sdf,250,CC1(C)S[C@@H]2[C@H](NC(=O)Cc3ccccc3)C(=O)N2[C@H]1C(=O)[O-],2.72,experimental,-h,,carboxylate,,2026-06-27T15:05:12.603398+00:00
literature_compilation.sdf,251,CC1(C)S[C@@H]2[C@H](NC(=O)C3(N)CCCCC3)C(=O)N2[C@H]1C(=O)[O-],2.68,experimental,-h,,carboxylate,,2026-06-27T15:05:13.523361+00:00
literature_compilation.sdf,252,CC(Oc1ccccc1)C(=O)N[C@@H]1C(=O)N2[C@@H]1SC(C)(C)[C@@H]2C(=O)[O-],2.73,experimental,-h,,carboxylate,,2026-06-27T15:05:14.859883+00:00
literature_compilation.sdf,253,C[NH+]1CCC=C(C(=O)O)C1,9.07,experimental,+h,,tertiary_ammonium,,2026-06-27T15:05:18.689491+00:00
literature_compilation.sdf,254,COC(=O)C1=CCC[NH+](C)C1,7.64,experimental,+h,,tertiary_ammonium,,2026-06-27T15:05:20.627998+00:00
literature_compilation.sdf,255,O=C1O[C@H]([C@@H]([O-])CO)C(O)=C1O,4.13,experimental,-h,,primary_alcohol,,2026-06-27T15:05:25.650917+00:00
literature_compilation.sdf,256,CC(=O)Oc1ccccc1C(=O)[O-],3.47,experimental,-h,,carboxylate,,2026-06-27T15:05:27.075864+00:00
literature_compilation.sdf,257,CC(C)[NH2+]CC(O)COc1ccc(CC(N)=O)cc1,9.58,experimental,+h,,secondary_ammonium,,2026-06-27T15:05:31.587427+00:00
literature_compilation.sdf,258,COC(=O)[C@H](Cc1ccccc1)NC(=O)[C@@H](N)CC(=O)[O-],3.19,experimental,-h,,carboxylate,,2026-06-27T15:05:34.499884+00:00
literature_compilation.sdf,263,CCC1(C)C(=O)NC(=O)NC1=O,8.28,experimental,-h,,imide,,2026-06-27T15:05:41.847580+00:00
literature_compilation.sdf,264,CC(C)C1(C)C(=O)NC(=O)NC1=O,8.45,experimental,-h,,imide,,2026-06-27T15:05:46.138699+00:00
literature_compilation.sdf,265,CCC1(CC)C(=O)NC(=O)NC1=O,7.9798,experimental,-h,,imide,,2026-06-27T15:05:47.799437+00:00
literature_compilation.sdf,266,CCC1(C(C)C)C(=O)NC(=O)NC1=O,8.14,experimental,-h,,imide,,2026-06-27T15:05:48.965153+00:00
literature_compilation.sdf,267,CCCC(C)C1(CC)C(=O)NC(=O)NC1=O,8.13,experimental,-h,,imide,,2026-06-27T15:05:50.332762+00:00
literature_compilation.sdf,268,CCC1(CCC(C)C)C(=O)NC(=O)NC1=O,7.95,experimental,-h,,imide,,2026-06-27T15:05:51.430883+00:00
literature_compilation.sdf,269,CCC1(C(C)CC(C)C)C(=O)NC(=O)NC1=O,8.14,experimental,-h,,imide,,2026-06-27T15:05:52.513146+00:00
literature_compilation.sdf,270,C=CCC1(CC)C(=O)NC(=O)NC1=O,7.89,experimental,-h,,imide,,2026-06-27T15:05:53.676566+00:00
literature_compilation.sdf,271,C=CCC1(C(C)C)C(=O)NC(=O)NC1=O,8.01,experimental,-h,,imide,,2026-06-27T15:05:54.902260+00:00
literature_compilation.sdf,272,C=CCC1(CC=C)C(=O)NC(=O)NC1=O,7.81,experimental,-h,,imide,,2026-06-27T15:05:56.290699+00:00
literature_compilation.sdf,273,CC(C)=CCC1(C)C(=O)NC(=O)NC1=O,8.39,experimental,-h,,imide,,2026-06-27T15:05:58.105035+00:00
literature_compilation.sdf,274,CCC1(CC=C(C)C)C(=O)NC(=O)NC1=O,8.06,experimental,-h,,imide,,2026-06-27T15:05:59.188421+00:00
literature_compilation.sdf,275,CC(C)=CCC1(C(C)C)C(=O)NC(=O)NC1=O,8.19,experimental,-h,,imide,,2026-06-27T15:06:00.252840+00:00
literature_compilation.sdf,276,CC(C)=CCC1(C(C)(C)C)C(=O)NC(=O)NC1=O,8.39,experimental,-h,,imide,,2026-06-27T15:06:01.220588+00:00
literature_compilation.sdf,277,CC(C)=CCC1(CC=C(C)C)C(=O)NC(=O)NC1=O,8.13,experimental,-h,,imide,,2026-06-27T15:06:02.292578+00:00
literature_compilation.sdf,278,C=C(CC(C)C)C1(C)C(=O)NC(=O)NC1=O,7.78,experimental,-h,,imide,,2026-06-27T15:06:04.147711+00:00
literature_compilation.sdf,279,C=C(CC(C)C)C1(CC)C(=O)NC(=O)NC1=O,7.48,experimental,-h,,imide,,2026-06-27T15:06:05.096767+00:00
literature_compilation.sdf,280,CC1(c2ccccc2)C(=O)NC(=O)NC1=O,7.78,experimental,-h,,imide,,2026-06-27T15:06:05.896039+00:00
literature_compilation.sdf,281,CCC1(c2ccccc2)C(=O)NC(=O)NC1=O,7.48,experimental,-h,,imide,,2026-06-27T15:06:06.699669+00:00
literature_compilation.sdf,285,O=C1NC(=O)C2(CC2)C(=O)N1,8.73,experimental,-h,,imide,,2026-06-27T15:06:15.999889+00:00
literature_compilation.sdf,286,O=C1NC(=O)C2(CCC2)C(=O)N1,8.82,experimental,-h,,imide,,2026-06-27T15:06:17.462505+00:00
literature_compilation.sdf,287,O=C1NC(=O)C2(CCCC2)C(=O)N1,8.83,experimental,-h,,imide,,2026-06-27T15:06:18.533227+00:00
literature_compilation.sdf,288,O=C1NC(=O)C2(CCCCC2)C(=O)N1,8.88,experimental,-h,,imide,,2026-06-27T15:06:19.378923+00:00
literature_compilation.sdf,291,COC(=O)[C@@H]1C2CCC(C[C@@H]1OC(=O)c1ccccc1)[NH+]2C,8.7,experimental,+h,,tertiary_ammonium,,2026-06-27T15:06:21.518436+00:00
literature_compilation.sdf,295,C[C@H](CCC(=O)[O-])[C@H]1CC[C@H]2[C@@H]3[C@H](O)C[C@@H]4C[C@H](O)CC[C@]4(C)[C@H]3CC[C@]12C,5.03,experimental,-h,,carboxylate,,2026-06-27T15:06:27.225709+00:00
literature_compilation.sdf,296,C[C@H](CCC(=O)[O-])[C@H]1CC[C@H]2[C@@H]3[C@@H](O)C[C@@H]4C[C@H](O)CC[C@]4(C)[C@H]3CC[C@]12C,5.04,experimental,-h,,carboxylate,,2026-06-27T15:06:28.622694+00:00
literature_compilation.sdf,297,CN1CCN(C(c2ccccc2)c2ccc(Cl)cc2)CC1,2.12,experimental,+h,,tertiary_amine,,2026-06-27T15:06:50.583575+00:00
literature_compilation.sdf,298,CN1CCN(C(c2ccccc2)c2ccccc2)CC1,2.16,experimental,+h,,tertiary_amine,,2026-06-27T15:06:56.118937+00:00
literature_compilation.sdf,299,CC1(C)S[C@H]([C@H](NC(=O)Cc2ccccc2)C(=O)[O-])N[C@H]1C(=O)O,5.32,experimental,+h,,carboxylate,,2026-06-27T15:06:59.420448+00:00
literature_compilation.sdf,300,CC1(C)S[C@H]([C@H](NC(=O)CCOc2ccccc2)C(=O)[O-])N[C@H]1C(=O)O,5.29,experimental,+h,,carboxylate,,2026-06-27T15:07:00.707549+00:00
literature_compilation.sdf,301,CC1(C)S[C@H]([C@H](NC(=O)CCCOc2ccccc2)C(=O)O)N[C@H]1C(=O)[O-],5.3,experimental,+h,,carboxylate,,2026-06-27T15:07:01.846218+00:00
literature_compilation.sdf,302,CNC(=[NH2+])NC(=N)Nc1ccc(Cl)cc1,10.95,experimental,+h,,guanidinium,,2026-06-27T15:07:04.120948+00:00
literature_compilation.sdf,303,CCNC(=[NH2+])NC(=N)Nc1ccc(Cl)cc1,11.01,experimental,+h,,guanidinium,,2026-06-27T15:07:05.301444+00:00
literature_compilation.sdf,304,CCCNC(=[NH2+])NC(=N)Nc1ccc(Cl)cc1,11.02,experimental,+h,,guanidinium,,2026-06-27T15:07:06.241033+00:00
literature_compilation.sdf,305,CCCCNC(=[NH2+])NC(=N)Nc1ccc(Cl)cc1,10.83,experimental,+h,,guanidinium,,2026-06-27T15:07:07.349439+00:00
literature_compilation.sdf,306,CN(C)[C@@H]1C(O)=C(C(N)=O)C(=O)[C@@]2(O)C(O)=C3C(=O)c4c(O)ccc(Cl)c4[C@@](C)(O)[C@H]3C[C@@H]12,3.285,experimental,-h,,5,manual,2026-06-27T15:08:16.710343+00:00
literature_compilation.sdf,307,CN(C)[C@@H]1C(O)=C(C(N)=O)C(=O)[C@@]2(O)C(O)=C3C(=O)c4c(O)cccc4[C@@](C)(O)C3[C@H](O)[C@@H]12,3.27,experimental,-h,,5,manual,2026-06-27T15:08:27.100327+00:00
literature_compilation.sdf,308,CN(C)[C@@H]1C(O)=C(C(N)=O)C(=O)[C@@]2(O)C(O)=C3C(=O)c4c(O)cccc4[C@@](C)(O)[C@H]3C[C@@H]12,3.3,experimental,-h,,5,manual,2026-06-27T15:08:35.644594+00:00
literature_compilation.sdf,310,NS(=O)(=O)c1cc(C2(O)NC(=O)c3ccccc32)ccc1Cl,9.355,experimental,-h,,8,manual,2026-06-27T15:08:47.868609+00:00
literature_compilation.sdf,314,Clc1cccc(Cl)c1[NH+]=C1NCCN1,8.12,experimental,+h,,guanidinium,,2026-06-27T15:09:06.271469+00:00
literature_compilation.sdf,329,C[C@]12CC[C@H]3C(=CCc4cc(O)ccc43)[C@@H]1CC[C@H]2O,10.29,experimental,-h,,phenol,,2026-06-27T15:10:26.134737+00:00
literature_compilation.sdf,330,C[C@]12CC[C@H]3C(=CCc4cc(O)ccc43)[C@@H]1CC[C@@H]2O,9.77,experimental,-h,,phenol,,2026-06-27T15:10:28.209060+00:00
literature_compilation.sdf,331,CCCCCCCC/C=C/CCCCCCCC(=O)OCC(COP(=O)([O-])OCCN)OC(=O)CCCCCCC/C=C/CCCCCCCC,7.55,experimental,+h,,primary_amine,,2026-06-27T15:10:30.687826+00:00
literature_compilation.sdf,338,C[C@]12CC[C@@H]3c4ccc(O)cc4CC[C@H]3[C@@H]1CC[C@@H]2O,10.71,experimental,-h,,phenol,,2026-06-27T15:11:43.294551+00:00
literature_compilation.sdf,339,C[C@]12CC[C@@H]3c4ccc(O)cc4CC[C@H]3[C@@H]1CCC2=O,10.34,experimental,-h,,phenol,,2026-06-27T15:11:44.632977+00:00
literature_compilation.sdf,340,C#C[C@]1(O)CC[C@H]2[C@@H]3CCc4cc(O)ccc4[C@H]3CC[C@@]21C,10.4,experimental,-h,,phenol,,2026-06-27T15:11:46.318703+00:00
literature_compilation.sdf,377,O=C([O-])c1cccnc1Nc1cccc(C(F)(F)F)c1,4.44,experimental,+h,,carboxylate,,2026-06-27T15:13:50.193224+00:00
literature_compilation.sdf,378,CN1CC[C@]23c4c5ccc(O[C@@H]6O[C@H](C(=O)[O-])[C@@H](O)[C@@H](O)C6O)c4O[C@H]2[C@@H](O)C=CC3[C@H]1C5,2.87,experimental,-h,,carboxylate,,2026-06-27T15:13:51.983531+00:00
literature_compilation.sdf,379,CN1CC[C@]23c4c5ccc(O)c4O[C@H]2[C@@H](O[C@H]2OC(C(=O)[O-])[C@H](O)[C@H](O)C2O)C=CC3[C@H]1C5,2.89,experimental,-h,,carboxylate,,2026-06-27T15:13:53.896543+00:00
literature_compilation.sdf,380,O=C([O-])c1cccnc1,2.05,experimental,-h,,carboxylate,,2026-06-27T15:13:56.244025+00:00
literature_compilation.sdf,381,O=C([O-])c1ccncc1,1.77,experimental,-h,,carboxylate,,2026-06-27T15:13:58.267155+00:00
literature_compilation.sdf,383,O=C1CN=C(c2ccccc2)c2cc([N+](=O)[O-])ccc2N1,2.92,experimental,+h,,16,manual,2026-06-27T15:14:17.386027+00:00
literature_compilation.sdf,387,CC(C)(S)[C@@H]([NH3+])C(=O)O,7.83,experimental,+h,,primary_ammonium,,2026-06-27T15:14:30.572391+00:00
literature_compilation.sdf,388,OC[C@H]1O[C@@H](n2cnc3c2N=CNC[C@H]3O)C[C@H]1O,1.67,experimental,+h,,amidine,,2026-06-27T15:14:52.065325+00:00
literature_compilation.sdf,394,O=C([O-])c1ccccn1,0.99,experimental,-h,,carboxylate,,2026-06-27T15:15:06.652754+00:00
literature_compilation.sdf,410,C=C[C@H]1CN2CCC1C[C@H]2[C@H](O)c1ccnc2ccc(OC)cc12,4.33,experimental,+h,,quinoline,,2026-06-27T15:16:31.587441+00:00
literature_compilation.sdf,417,CC(=O)NS(=O)(=O)c1ccc(N)cc1,1.76,experimental,+h,,aromatic_thiosulfamide,,2026-06-27T15:17:21.143374+00:00
literature_compilation.sdf,426,COc1cc(C=O)ccc1O,7.396,experimental,-h,,phenol,,2026-06-27T15:17:50.116122+00:00
literature_compilation.sdf,427,COc1ccc(C=O)cc1O,8.889,experimental,-h,,phenol,,2026-06-27T15:17:51.923546+00:00
literature_compilation.sdf,428,COc1cccc(C=O)c1O,7.912,experimental,-h,,phenol,,2026-06-27T15:17:53.228948+00:00
literature_compilation.sdf,429,CC(=O)CC(c1ccccc1)c1c([O-])c2ccccc2oc1=O,5.02,experimental,-h,,phenolate,,2026-06-27T15:17:55.418961+00:00
literature_compilation.sdf,443,[OH2+]CCCl,14.3,experimental,nan,,0,manual,2026-06-27T15:18:07.555118+00:00
literature_compilation.sdf,445,O=S(=O)(/C=C/c1ccc(O)cc1)Oc1c(Cl)c(Cl)c(Cl)c(Cl)c1Cl,7.64,experimental,nan,,phenol,,2026-06-27T15:18:13.013690+00:00
literature_compilation.sdf,454,[NH3+]OCc1ccc(Cl)cc1,4.22,experimental,nan,,0,manual,2026-06-27T15:18:23.307985+00:00
literature_compilation.sdf,460,[OH2+]CC(F)(F)C(F)F,12.15,experimental,nan,,0,manual,2026-06-27T15:18:30.669970+00:00
literature_compilation.sdf,462,C[NH+](C)c1ccc(C(F)(F)F)cc1,2.67,experimental,nan,,8,manual,2026-06-27T15:18:49.706485+00:00
literature_compilation.sdf,481,COc1cc(/C=C/C(=O)c2ccc([O-])c(=O)cc2)cc(OC)c1OC,4.85,experimental,nan,,phenolate,,2026-06-27T15:19:18.366122+00:00
literature_compilation.sdf,482,COc1cc(O)cc(OC)c1,9.35,experimental,nan,,phenol,,2026-06-27T15:19:24.416369+00:00
literature_compilation.sdf,489,CCOc1cc(O)cc(OCC)c1,9.37,experimental,nan,,phenol,,2026-06-27T15:19:37.662127+00:00
literature_compilation.sdf,498,Cc1oc(=O)cc([O-])c1C(=O)c1ccccc1,3.83,experimental,nan,,phenolate,,2026-06-27T15:19:54.134509+00:00
literature_compilation.sdf,550,COC(=O)c1ccccc1O,10.19,experimental,nan,,phenol,,2026-06-27T15:21:57.776225+00:00
literature_compilation.sdf,551,O=Cc1ccccc1O,8.27,experimental,nan,,phenol,,2026-06-27T15:21:59.194419+00:00
literature_compilation.sdf,558,CS(=O)c1ccc(O)cc1,8.28,experimental,nan,,phenol,,2026-06-27T15:22:00.733561+00:00
literature_compilation.sdf,570,O=C1CSC(=S)N1,6.87,experimental,nan,,thioamidethio,,2026-06-27T15:25:26.310790+00:00
literature_compilation.sdf,573,S=C1[NH2+]c2ccccc2O1,6.33,experimental,nan,,sulfide,,2026-06-27T15:25:29.477900+00:00
literature_compilation.sdf,574,CC(C)(C)[SH2+],11.2,experimental,nan,,4,manual,2026-06-27T15:25:42.814402+00:00
literature_compilation.sdf,583,C[NH+]1C2=CCCC1CCC2,8.8,experimental,nan,,0,manual,2026-06-27T15:26:04.259951+00:00
literature_compilation.sdf,587,CC(C)(C)[NH2+]c1ccccc1,7.08,experimental,nan,,0,manual,2026-06-27T15:26:14.218940+00:00
literature_compilation.sdf,588,CC(C)[NH2+]c1ccccc1,5.64,experimental,nan,,0,manual,2026-06-27T15:26:24.404911+00:00
literature_compilation.sdf,590,CC[NH2+]c1ccccc1C,4.92,experimental,nan,,0,manual,2026-06-27T15:26:32.676647+00:00
literature_compilation.sdf,592,CCCCC[NH2+]c1ccccc1,5.16,experimental,nan,,0,manual,2026-06-27T15:26:39.862954+00:00
literature_compilation.sdf,596,N#CCC[NH3+],7.7,experimental,nan,,0,manual,2026-06-27T15:26:48.389571+00:00
literature_compilation.sdf,602,C[S+](C)c1ccc(O)cc1,7.33,experimental,nan,,0,manual,2026-06-27T15:27:00.683377+00:00
literature_compilation.sdf,604,C[Si](C)(C)[NH+]([Si](C)(C)C)[Si](C)(C)C,9.3,experimental,nan,,1,manual,2026-06-27T15:27:10.490121+00:00
literature_compilation.sdf,605,CC1=C(C)[NH+](C)[SiH](C)[Si](C)=C1C,7.55,experimental,nan,,2,manual,2026-06-27T15:27:19.033612+00:00
literature_compilation.sdf,615,N#Cc1ccc([C@H]2[C@H]3C(=O)N(Cc4ccc(F)cc4)C(=O)[C@H]3[C@@H]3CCCN32)cc1F,4.1,experimental,nan,,amide_anhydride,,2026-06-27T15:27:42.157126+00:00
literature_compilation.sdf,616,N#Cc1ccc([C@H]2[C@H]3C(=O)N(Cc4ccc(F)cc4)C(=O)[C@H]3[C@@H]3CCCN32)c(F)c1,4.2,experimental,nan,,amide_anhydride,,2026-06-27T15:27:47.320548+00:00
literature_compilation.sdf,617,N#Cc1ccc([C@H]2[C@H]3C(=O)N(Cc4ccc(F)cc4)C(=O)[C@H]3[C@@H]3CCCN32)c(F)c1F,3.6,experimental,nan,,amide_anhydride,,2026-06-27T15:27:49.646239+00:00
literature_compilation.sdf,618,N#Cc1c(F)cc([C@H]2[C@H]3C(=O)N(Cc4ccc(F)cc4)C(=O)[C@H]3[C@@H]3CCCN32)cc1F,3.6,experimental,nan,,amide_anhydride,,2026-06-27T15:27:51.202328+00:00
literature_compilation.sdf,619,N#Cc1cc(F)c([C@H]2[C@H]3C(=O)N(Cc4ccc(F)cc4)C(=O)[C@H]3[C@@H]3CCCN32)c(F)c1,4.4,experimental,nan,,amide_anhydride,,2026-06-27T15:27:52.602926+00:00
literature_compilation.sdf,620,O=C1[C@@H]2[C@H](C(=O)N1Cc1ccc(F)cc1)[C@H](c1ccc(Br)cc1)N1C[C@H](O)C[C@@H]21,4.2,experimental,nan,,amide_anhydride,,2026-06-27T15:27:54.399255+00:00
literature_compilation.sdf,621,N#Cc1ccc([C@H]2[C@H]3C(=O)N(Cc4ccc(F)cc4)C(=O)[C@H]3[C@@H]3C[C@@H](O)CN32)cc1,3.7,experimental,nan,,amide_anhydride,,2026-06-27T15:27:58.458955+00:00
literature_compilation.sdf,622,CO[C@H]1C[C@H]2[C@@H]3C(=O)N(Cc4ccc(F)cc4)C(=O)[C@@H]3[C@H](c3ccc(C#N)cc3)N2C1,3.6,experimental,nan,,amide_anhydride,,2026-06-27T15:27:59.936172+00:00
literature_compilation.sdf,624,N#Cc1ccc([C@H]2[C@H]3C(=O)N(Cc4ccc(F)cc4)C(=O)[C@H]3[C@@H]3C[C@H](O)CN32)cc1,3.8,experimental,nan,,amide_anhydride,,2026-06-27T15:28:05.950600+00:00
literature_compilation.sdf,625,CO[C@@H]1CCN2[C@@H]1[C@@H]1C(=O)N(Cc3ccc(F)cc3)C(=O)[C@@H]1[C@@H]2c1ccc(C#N)cc1,4.2,experimental,nan,,amide_anhydride,,2026-06-27T15:28:07.431942+00:00
literature_compilation.sdf,626,O=C1[C@@H]2[C@H](C(=O)N1Cc1ccc(F)cc1)[C@H](c1ccc(Br)cc1)N1CC[C@H](O)[C@@H]21,4.2,experimental,nan,,amide_anhydride,,2026-06-27T15:28:08.618903+00:00
literature_compilation.sdf,627,N#Cc1ccc([C@H]2[C@H]3C(=O)N(Cc4ccc(F)cc4)C(=O)[C@H]3[C@@H]3[C@H](O)CCN32)cc1,4.2,experimental,nan,,amide_anhydride,,2026-06-27T15:28:10.165494+00:00
literature_compilation.sdf,628,N#Cc1ccc([C@H]2[C@H]3C(=O)N(Cc4ccc(F)cc4)C(=O)[C@H]3[C@@H]3C(=O)CCN32)cc1,3.0,experimental,nan,,amide_anhydride,,2026-06-27T15:28:11.713227+00:00
literature_compilation.sdf,629,N#Cc1ccc([C@H]2[C@H]3C(=O)N(Cc4ccc(F)cc4)C(=O)[C@H]3[C@@H]3[C@@H](F)CCN32)cc1,3.3,experimental,nan,,amide_anhydride,,2026-06-27T15:28:13.066010+00:00
literature_compilation.sdf,630,N#Cc1ccc([C@H]2[C@H]3C(=O)N(Cc4ccc(F)cc4)C(=O)[C@H]3[C@@H]3[C@H](F)CCN32)cc1,3.3,experimental,nan,,amide_anhydride,,2026-06-27T15:28:14.158515+00:00
literature_compilation.sdf,631,N#Cc1ccc([C@H]2[C@H]3C(=O)N(Cc4ccc(F)cc4)C(=O)[C@H]3[C@@H]3C[C@H](F)CN32)cc1,3.1,experimental,nan,,amide_anhydride,,2026-06-27T15:28:15.344667+00:00
literature_compilation.sdf,632,N#Cc1ccc([C@H]2[C@H]3C(=O)N(Cc4ccc(F)cc4)C(=O)[C@H]3[C@@H]3CCCN32)cc1,4.5,experimental,nan,,amide_anhydride,,2026-06-27T15:28:16.712212+00:00
literature_compilation.sdf,671,N=C(N)c1ccc([C@H]2[C@H]3C(=O)N(Cc4ccc(F)cc4)C(=O)[C@H]3[C@@H]3CCCN32)cc1F,4.2,experimental,nan,,amide_anhydride,,2026-06-27T15:28:49.118173+00:00
literature_compilation.sdf,672,N=C(N)c1ccc([C@H]2[C@H]3C(=O)N(Cc4ccc(F)cc4)C(=O)[C@H]3[C@@H]3CCCN32)c(F)c1,4.1,experimental,nan,,amide_anhydride,,2026-06-27T15:28:50.535259+00:00
literature_compilation.sdf,673,N=C(N)c1cc(F)c([C@H]2[C@H]3C(=O)N(Cc4ccc(F)cc4)C(=O)[C@H]3[C@@H]3CCCN32)c(F)c1,4.2,experimental,nan,,amide_anhydride,,2026-06-27T15:28:51.992684+00:00
literature_compilation.sdf,674,N=C(N)c1ccc([C@H]2[C@H]3C(=O)N(Cc4ccc(F)cc4)C(=O)[C@H]3[C@@H]3CCCN32)c(F)c1F,3.7,experimental,nan,,amide_anhydride,,2026-06-27T15:28:53.824877+00:00
literature_compilation.sdf,676,NC(=[NH2+])c1ccc([C@H]2[C@H]3C(=O)N(Cc4ccc(F)cc4)C(=O)[C@H]3[C@@H]3CCCN32)cc1,11.1,experimental,nan,,iminium,,2026-06-27T15:29:20.275689+00:00
literature_compilation.sdf,677,NC(=[NH2+])c1ccc([C@H]2[C@H]3C(=O)N(Cc4ccc(F)cc4)C(=O)[C@H]3[C@@H]3CCCN32)cc1F,10.7,experimental,nan,,iminium,,2026-06-27T15:29:21.532231+00:00
literature_compilation.sdf,678,NC(=[NH2+])c1ccc([C@H]2[C@H]3C(=O)N(Cc4ccc(F)cc4)C(=O)[C@H]3[C@@H]3CCCN32)c(F)c1,10.8,experimental,nan,,iminium,,2026-06-27T15:29:22.687438+00:00
literature_compilation.sdf,679,NC(=[NH2+])c1cc(F)c([C@H]2[C@H]3C(=O)N(Cc4ccc(F)cc4)C(=O)[C@H]3[C@@H]3CCCN32)c(F)c1,10.4,experimental,nan,,iminium,,2026-06-27T15:29:23.545609+00:00
literature_compilation.sdf,680,NC(=[NH2+])c1ccc([C@H]2[C@H]3C(=O)N(Cc4ccc(F)cc4)C(=O)[C@H]3[C@@H]3CCCN32)c(F)c1F,10.3,experimental,nan,,iminium,,2026-06-27T15:29:24.634389+00:00
literature_compilation.sdf,681,NC(=[NH2+])c1c(F)cc([C@H]2[C@H]3C(=O)N(Cc4ccc(F)cc4)C(=O)[C@H]3[C@@H]3CCCN32)cc1F,10.1,experimental,nan,,iminium,,2026-06-27T15:29:25.688995+00:00
literature_compilation.sdf,768,c1cnc(N2CC[NH2+]CC2)nc1,8.9,experimental,nan,,secondary_ammonium,,2026-06-27T15:30:43.082225+00:00
literature_compilation.sdf,769,Cc1ccc(S(=O)(=O)N2CCNCC2)cc1,7.4,experimental,nan,,secondary_amine,,2026-06-27T15:30:46.019503+00:00
literature_compilation.sdf,770,[NH3+]CCNS(=O)(=O)c1ccccc1,9.0,experimental,nan,,primary_ammonium,,2026-06-27T15:30:48.012174+00:00
literature_compilation.sdf,771,Cc1ccc(S(=O)(=O)NCCC[NH3+])cc1,9.9,experimental,nan,,primary_ammonium,,2026-06-27T15:30:49.114936+00:00
literature_compilation.sdf,849,CC(=O)Nc1ccc(O)cc1,9.7,experimental,nan,,phenol,,2026-06-27T15:33:16.077847+00:00
literature_compilation.sdf,869,CO[C@@]1(NC(=O)C(C(=O)[O-])c2ccc(O)cc2)C(=O)N2C(C(=O)O)=C(CSc3nnnn3C)CO[C@@H]21,8.9,experimental,nan,,phenol,,2026-06-27T15:33:57.649897+00:00
literature_compilation.sdf,870,NC(N)=[NH+]C(=O)c1nc(Cl)c(N)nc1N,8.7,experimental,nan,,guanidinium,,2026-06-27T15:34:00.757841+00:00
literature_compilation.sdf,873,[NH3+]CCCCCC(=O)O,10.8,experimental,nan,,primary_ammonium,,2026-06-27T15:34:10.850834+00:00
literature_compilation.sdf,874,Nc1ccc(C(=O)NCC(=O)[O-])cc1,3.8,experimental,nan,,carboxylate,,2026-06-27T15:34:13.994209+00:00
literature_compilation.sdf,875,Nc1nc(N)c2nc(CNc3ccc(C(=O)N[C@@H](CCC(=O)O)C(=O)[O-])cc3)cnc2n1,5.5,experimental,nan,,carboxylate,,2026-06-27T15:34:17.917275+00:00
literature_compilation.sdf,883,CC1(C)S[C@@H]2[C@H](NC(=O)[C@H](N)c3ccc(O)cc3)C(=O)N2[C@H]1C(=O)O,9.6,experimental,nan,,phenol,,2026-06-27T15:34:35.794771+00:00
literature_compilation.sdf,895,C=CCC1(C(C)C)C(=O)NC(=O)NC1=O,8.0,experimental,nan,,imide,,2026-06-27T15:36:29.786162+00:00
literature_compilation.sdf,896,O=C1O[C@H]([C@@H]([O-])CO)C(O)=C1O,4.2,experimental,nan,,primary_alcohol,,2026-06-27T15:36:31.726338+00:00
literature_compilation.sdf,897,O=C1O[C@H]([C@@H]([OH2+])CO)C(O)=C1O,11.6,experimental,nan,,primary_alcohol,,2026-06-27T15:36:33.040988+00:00
literature_compilation.sdf,898,CC(C)[NH2+]CC(O)COc1ccc(CC(N)=O)cc1,9.6,experimental,nan,,secondary_ammonium,,2026-06-27T15:36:35.659440+00:00
literature_compilation.sdf,899,C[NH+]1[C@@H]2CC[C@H]1C[C@@H](OC(=O)C(CO)c1ccccc1)C2,9.8,experimental,nan,,tertiary_ammonium,,2026-06-27T15:36:38.009343+00:00
literature_compilation.sdf,900,C[NH+]1CCC(=C2c3ccccc3CCc3cccnc32)CC1,9.3,experimental,nan,,tertiary_ammonium,,2026-06-27T15:36:39.169670+00:00
literature_compilation.sdf,901,Cn1cnc([N+](=O)[O-])c1Sc1ncnc2nc[nH]c12,8.0,experimental,nan,,imidazole,,2026-06-27T15:36:42.567540+00:00
literature_compilation.sdf,902,CC1(C)S[C@@H]2[C@H](NC(=O)[C@H](NC(=O)N3CCNC3=O)c3ccccc3)C(=O)N2[C@H]1C(=O)[O-],2.8,experimental,nan,,carboxylate,,2026-06-27T15:36:44.918870+00:00
literature_compilation.sdf,903,C[C@H]1[C@H](NC(=O)/C(=N\OC(C)(C)C(=O)O)c2csc(N)n2)C(=O)N1S(=O)(=O)[O-],0.7,experimental,nan,,carboxylic_acid,,2026-06-27T15:36:46.853504+00:00
literature_compilation.sdf,904,C[C@H]1[C@H](NC(=O)/C(=N\OC(C)(C)C(=O)O)c2csc(N)n2)C(=O)N1S(=O)(=O)[O-],2.9,experimental,nan,,carboxylic_acid,,2026-06-27T15:36:48.550048+00:00
literature_compilation.sdf,905,C[C@H]1[C@H](NC(=O)/C(=N\OC(C)(C)C(=O)O)c2csc(N)n2)C(=O)N1S(=O)(=O)[O-],3.9,experimental,nan,,carboxylic_acid,,2026-06-27T15:36:49.981634+00:00
literature_compilation.sdf,906,CCOC(=O)OC(C)OC(=O)[C@@H]1N2C(=O)[C@@H](NC(=O)[C@H](N)c3ccccc3)[C@H]2SC1(C)C,6.8,experimental,nan,,amide_secondary,,2026-06-27T15:36:56.916433+00:00
literature_compilation.sdf,908,[NH3+]CC(CC(=O)O)c1ccc(Cl)cc1,9.5,experimental,nan,,primary_ammonium,,2026-06-27T15:37:05.898146+00:00
literature_compilation.sdf,909,CCC1(CC)C(=O)NC(=O)NC1=O,7.9,experimental,nan,,imide,,2026-06-27T15:37:07.512319+00:00
literature_compilation.sdf,916,C[NH2+]CCc1ccccn1,9.8,experimental,nan,,secondary_ammonium,,2026-06-27T15:37:25.770677+00:00
literature_compilation.sdf,917,CCC(=O)O[C@]1(c2ccccc2)CC[NH+](C)[C@@H](C)C1,8.7,experimental,nan,,tertiary_ammonium,,2026-06-27T15:37:27.044027+00:00
literature_compilation.sdf,927,CCCC[NH2+]c1cc(C(=O)O)cc(S(N)(=O)=O)c1Oc1ccccc1,10.0,experimental,nan,,aromatic_thiosulfamide,,2026-06-27T15:38:01.341483+00:00
literature_compilation.sdf,938,CCCCOC(=O)c1ccc(O)cc1,8.5,experimental,nan,,phenol,,2026-06-27T15:38:29.713325+00:00
literature_compilation.sdf,939,CC[C@@]1(O)C(=O)OCc2c1cc1n(c2=O)Cc2cc3ccccc3[nH+]c2-1,10.8,experimental,nan,,tertiary_alcohol,,2026-06-27T15:38:35.017868+00:00
literature_compilation.sdf,940,C[C@H](CS)C(=O)N1CCC[C@H]1C(=O)[O-],3.7,experimental,nan,,carboxylate,,2026-06-27T15:38:37.075087+00:00
literature_compilation.sdf,941,C[C@H](C[SH2+])C(=O)N1CCC[C@H]1C(=O)O,9.8,experimental,nan,,3,manual,2026-06-27T15:38:52.598627+00:00
literature_compilation.sdf,946,C[NH+](C)CCOC(c1ccc(Cl)cc1)c1ccccn1,8.1,experimental,nan,,tertiary_ammonium,,2026-06-27T15:39:09.373370+00:00
literature_compilation.sdf,956,CC(C)(O/N=C(\C(=O)N[C@@H]1C(=O)N2C(C(=O)[O-])=C(C[n+]3ccccc3)CS[C@H]12)c1csc(N)n1)C(=O)O,1.8,experimental,nan,,carboxylate,,2026-06-27T15:39:40.282191+00:00
literature_compilation.sdf,957,CC(C)(O/N=C(\C(=O)N[C@@H]1C(=O)N2C(C(=O)[O-])=C(C[n+]3ccccc3)CS[C@H]12)c1csc(N)n1)C(=O)O,2.7,experimental,nan,,carboxylate,,2026-06-27T15:39:41.822991+00:00
literature_compilation.sdf,958,CC(C)(O/N=C(\C(=O)N[C@@H]1C(=O)N2C(C(=O)[O-])=C(C[n+]3ccccc3)CS[C@H]12)c1csc(N)n1)C(=O)O,4.1,experimental,nan,,carboxylate,,2026-06-27T15:39:43.050639+00:00
literature_compilation.sdf,959,CO/N=C(\C(=O)N[C@@H]1C(=O)N2C(C(=O)[O-])=CCS[C@H]12)c1csc(N)n1,2.7,experimental,nan,,carboxylate,,2026-06-27T15:39:45.035102+00:00
literature_compilation.sdf,960,CO/N=C(\C(=O)N[C@@H]1C(=O)N2C(C(=O)[O-])=CCS[C@H]12)c1csc(N)n1,2.1,experimental,nan,,carboxylate,,2026-06-27T15:39:46.546414+00:00
literature_compilation.sdf,961,CO/N=C(\C(=O)N[C@@H]1C(=O)N2C(C(=O)[O-])=C(CSc3nc(=O)c(=O)[nH]n3C)CS[C@H]12)c1csc(N)n1,3.2,experimental,nan,,carboxylate,,2026-06-27T15:39:48.476283+00:00
literature_compilation.sdf,962,CO/N=C(\C(=O)N[C@@H]1C(=O)N2C(C(=O)[O-])=C(CSc3nc(=O)c(=O)[nH]n3C)CS[C@H]12)c1csc(N)n1,4.1,experimental,nan,,carboxylate,,2026-06-27T15:39:49.690912+00:00
literature_compilation.sdf,964,CC1=C(C(=O)[O-])N2C(=O)[C@@H](NC(=O)[C@H](N)c3ccccc3)[C@H]2SC1,3.2,experimental,nan,,carboxylate,,2026-06-27T15:39:51.647979+00:00
literature_compilation.sdf,965,O=C(Cc1cccs1)N[C@@H]1C(=O)N2C(C(=O)[O-])=C(C[n+]3ccccc3)CS[C@H]12,3.4,experimental,nan,,carboxylate,,2026-06-27T15:39:53.828984+00:00
literature_compilation.sdf,966,CC(=O)OCC1=C(C(=O)[O-])N2C(=O)[C@@H](NC(=O)Cc3cccs3)[C@H]2SC1,2.5,experimental,nan,,carboxylate,,2026-06-27T15:39:55.097067+00:00
literature_compilation.sdf,967,C[C@H](CCC(=O)[O-])[C@H]1CC[C@H]2[C@@H]3[C@H](O)C[C@@H]4C[C@H](O)CC[C@]4(C)[C@H]3CC[C@]12C,4.3,experimental,nan,,carboxylate,,2026-06-27T15:39:56.934130+00:00
literature_compilation.sdf,968,OC(O)C(Cl)(Cl)Cl,10.0,experimental,nan,,0,manual,2026-06-27T15:40:10.422398+00:00
literature_compilation.sdf,969,O=C([O-])CCCc1ccc(N(CCCl)CCCl)cc1,5.8,experimental,nan,,carboxylate,,2026-06-27T15:40:18.652548+00:00
literature_compilation.sdf,973,N=C(NCCCCCCNC(=[NH2+])NC(=N)Nc1ccc(Cl)cc1)NC(=N)Nc1ccc(Cl)cc1,10.8,experimental,nan,,guanidinium,,2026-06-27T15:40:43.653337+00:00
literature_compilation.sdf,977,NS(=O)(=O)c1cc2c(cc1Cl)N=CNS2(=O)=O,6.8,experimental,nan,,amidine,,2026-06-27T15:40:51.435457+00:00
literature_compilation.sdf,978,NS(=O)(=O)c1cc2c(cc1Cl)[NH+]=CNS2(=O)=O,9.5,experimental,nan,,iminium,,2026-06-27T15:40:53.679129+00:00
literature_compilation.sdf,980,C[NH+](C)CCCN1c2ccccc2Sc2ccc(Cl)cc21,9.3,experimental,nan,,tertiary_ammonium,,2026-06-27T15:40:56.299801+00:00
literature_compilation.sdf,984,CN(C)[C@@H]1C(=O)/C(=C(\N)O)C(=O)[C@@]2(O)C(=O)C3=C(O)c4c(O)ccc(Cl)c4[C@@](C)(O)[C@H]3C[C@@H]12,3.3,experimental,nan,,16,manual,2026-06-27T15:41:18.590048+00:00
literature_compilation.sdf,985,CN(C)[C@@H]1C(=O)/C(=C(\N)O)C(=O)[C@@]2(O)C(=O)C3=C(O)c4c(O)ccc(Cl)c4[C@@](C)(O)[C@H]3C[C@@H]12,7.4,experimental,nan,,6,manual,2026-06-27T15:41:28.882848+00:00
literature_compilation.sdf,986,C[NH+](C)[C@@H]1C(=O)/C(=C(\N)O)C(=O)[C@@]2(O)C(=O)C3=C(O)c4c(O)ccc(Cl)c4[C@@](C)(O)[C@H]3C[C@@H]12,9.3,experimental,nan,,phenol,,2026-06-27T15:41:33.702274+00:00
literature_compilation.sdf,993,O=C(O)c1cn(C2CC2)c2cc(N3CC[NH2+]CC3)c(F)cc2c1=O,8.8,experimental,nan,,secondary_ammonium,,2026-06-27T15:43:46.676011+00:00
literature_compilation.sdf,994,CCC[C@@H]1C[C@@H](C(=O)N[C@@H]([C@H]2O[C@H](SC)[C@H](O)[C@@H](O)[C@H]2O)[C@H](C)Cl)N(C)C1,7.5,experimental,nan,,tertiary_amine,,2026-06-27T15:43:50.786586+00:00
literature_compilation.sdf,995,CCOC(=O)C(C)(C)Oc1ccc(Cl)cc1,3.5,experimental,nan,,ether,,2026-06-27T15:44:12.810082+00:00
literature_compilation.sdf,996,O=C1C[NH+]=C(c2ccccc2Cl)c2cc([N+](=O)[O-])ccc2N1,10.5,experimental,nan,,iminium,,2026-06-27T15:44:31.769896+00:00
literature_compilation.sdf,997,O=C1CN=C(c2ccccc2Cl)c2cc([N+](=O)[O-])ccc2N1,1.5,experimental,nan,,0,manual,2026-06-27T15:44:48.327750+00:00
literature_compilation.sdf,998,Clc1cccc(Cl)c1NC1=[NH+]CCN1,8.3,experimental,nan,,guanidinium,,2026-06-27T15:44:50.606456+00:00
literature_compilation.sdf,1000,OCC[NH+]1CCN(CC/C=C2/c3ccccc3Sc3ccc(Cl)cc32)CC1,7.6,experimental,nan,,tertiary_amine,,2026-06-27T15:44:58.770586+00:00
literature_compilation.sdf,1014,CCC1(C2=CCCCC2)C(=O)NC(=O)NC1=O,8.6,experimental,nan,,imide,,2026-06-27T15:46:03.801679+00:00
literature_compilation.sdf,1023,NC1=NC(=O)C([C@@H]2O[C@H](CO)[C@@H](O)[C@@H]2O)C=C1,4.3,experimental,nan,,amidine,,2026-06-27T15:46:29.162149+00:00
literature_compilation.sdf,1026,Nc1ccc(S(=O)(=O)c2ccc(N)cc2)cc1,1.3,experimental,nan,,aniline,,2026-06-27T15:46:59.895483+00:00
literature_compilation.sdf,1027,Nc1ccc(S(=O)(=O)c2ccc(N)cc2)cc1,2.5,experimental,nan,,aniline,,2026-06-27T15:47:02.063794+00:00
literature_compilation.sdf,1038,C[NH+](C)CC[C@@H](c1ccc(Br)cc1)c1ccccn1,9.1,experimental,nan,,tertiary_ammonium,,2026-06-27T15:47:29.483621+00:00
literature_compilation.sdf,1040,C[NH+](C)CC[C@@H](c1ccc(Cl)cc1)c1ccccn1,9.2,experimental,nan,,tertiary_ammonium,,2026-06-27T15:47:35.761485+00:00
literature_compilation.sdf,1049,CN1C(=O)CN=C(c2ccccc2)c2cc(Cl)ccc21,3.4,experimental,nan,,imine,,2026-06-27T15:48:06.856420+00:00
literature_compilation.sdf,1050,CC1=NS(=O)(=O)c2cc(Cl)ccc2N1,8.5,experimental,nan,,amidine,,2026-06-27T15:48:09.719977+00:00
literature_compilation.sdf,1057,O=c1oc2ccccc2c(O)c1Cc1c(O)c2ccccc2oc1=O,4.4,experimental,nan,,phenol,,2026-06-27T15:48:39.392208+00:00
literature_compilation.sdf,1058,O=c1oc2ccccc2c(O)c1Cc1c(O)c2ccccc2oc1=O,8.0,experimental,nan,,phenol,,2026-06-27T15:48:42.134655+00:00
literature_compilation.sdf,1059,CC[NH+](CC)CCOC(=O)C1(C2CCCCC2)CCCCC1,9.0,experimental,nan,,tertiary_ammonium,,2026-06-27T15:48:43.725680+00:00
literature_compilation.sdf,1060,CCN(CC)CCN1c2ccccc2Sc2ccccc21,9.1,experimental,nan,,tertiary_amine,,2026-06-27T15:48:48.244296+00:00
literature_compilation.sdf,1061,CCN(CC)C(=O)N1CC[NH+](C)CC1,7.7,experimental,nan,,tertiary_ammonium,,2026-06-27T15:48:49.455371+00:00
literature_compilation.sdf,1064,CC(C)[C@@]1(NC(=O)[C@@H]2C[C@@H]3c4cccc5[nH]cc(c45)C[C@H]3N(C)C2)O[C@@]2(O)[C@@H]3CCCN3C(=O)[C@H](Cc3ccccc3)N2C1=O,6.9,experimental,nan,,tertiary_amine,,2026-06-27T15:49:12.747028+00:00
literature_compilation.sdf,1065,CN1C[C@H](C(=O)N[C@]2(C)O[C@@]3(O)[C@@H]4CCCN4C(=O)[C@H](Cc4ccccc4)N3C2=O)C[C@@H]2c3cccc4[nH]cc(c34)C[C@H]21,6.9,experimental,nan,,tertiary_amine,,2026-06-27T15:49:14.754021+00:00
literature_compilation.sdf,1066,CN[C@@H]1[C@H](O[C@H]2[C@H](O[C@H]3[C@H](O)[C@@H](O)[C@H]([NH+]=C(N)N)[C@@H](O)[C@@H]3N=C(N)N)O[C@@H](C)[C@]2(O)CO)O[C@@H](CO)[C@H](O)[C@H]1O,7.8,experimental,nan,,guanidinium,,2026-06-27T15:49:20.261302+00:00
literature_compilation.sdf,1067,CC(C)(C)[NH2+]CC(O)COc1cccc2c1CCCC2=O,9.5,experimental,nan,,secondary_ammonium,,2026-06-27T15:49:23.502923+00:00
literature_compilation.sdf,1068,COc1ccc([C@@H]2Sc3ccccc3N(CC[NH+](C)C)C(=O)[C@@H]2OC(C)=O)cc1,7.7,experimental,nan,,tertiary_ammonium,,2026-06-27T15:49:26.831937+00:00
literature_compilation.sdf,1070,CCCCc1cc2ccccc2c(OCCN(C)C)n1,6.3,experimental,nan,,tertiary_amine,,2026-06-27T15:49:34.271574+00:00
literature_compilation.sdf,1071,CCCCC[C@H](O)/C=C/[C@H]1[C@H](O)CC(=O)[C@@H]1C/C=C\CCCC(=O)[O-],4.6,experimental,nan,,carboxylate,,2026-06-27T15:49:36.032695+00:00
literature_compilation.sdf,1072,O=C(Nc1ccccc1)OCC(C[NH+]1CCCCC1)OC(=O)Nc1ccccc1,8.4,experimental,nan,,tertiary_ammonium,,2026-06-27T15:49:39.162578+00:00
literature_compilation.sdf,1077,OCCN(CCO)c1nc(N2CCCCC2)c2nc(N(CCO)CCO)nc(N3CCCCC3)c2n1,6.4,experimental,nan,,tertiary_amine,,2026-06-27T15:49:59.264802+00:00
literature_compilation.sdf,1088,C[NH+](C)CCOC(C)(c1ccccc1)c1ccccn1,9.2,experimental,nan,,tertiary_ammonium,,2026-06-27T15:50:18.013255+00:00
literature_compilation.sdf,1094,C[C@H]([NH2+][C@@H](CCc1ccccc1)C(=O)O)C(=O)N1CCC[C@H]1C(=O)O,8.0,experimental,nan,,secondary_ammonium,,2026-06-27T15:50:37.758992+00:00
literature_compilation.sdf,1102,C[C@]12CC[C@@H]3c4ccc(O)cc4CC[C@H]3[C@@H]1CCC2=O,10.8,experimental,nan,,phenol,,2026-06-27T15:50:57.116101+00:00
literature_compilation.sdf,1110,CCOC(=O)C(c1c(O)c2ccccc2oc1=O)c1c(O)c2ccccc2oc1=O,7.5,experimental,nan,,phenol,,2026-06-27T15:51:19.411365+00:00
literature_compilation.sdf,1117,C=CCc1ccc(O)c(OC)c1,9.8,experimental,nan,,phenol,,2026-06-27T15:51:31.176283+00:00
literature_compilation.sdf,1131,CN1C(=O)CN=C(c2ccccc2F)c2cc([N+](=O)[O-])ccc21,1.8,experimental,nan,,7,manual,2026-06-27T15:52:14.647663+00:00
literature_compilation.sdf,1134,OCC[NH+]1CCN(CC/C=C2/c3ccccc3Sc3ccc(C(F)(F)F)cc32)CC1,7.8,experimental,nan,,tertiary_ammonium,,2026-06-27T15:52:23.005716+00:00
literature_compilation.sdf,1138,CCN(CC)CCN1C(=O)CN=C(c2ccccc2F)c2cc(Cl)ccc21,1.9,experimental,nan,,imine,,2026-06-27T15:52:49.959988+00:00
literature_compilation.sdf,1147,NC(N)=[NH+]CCN1CCCCCCC1,12.3,experimental,nan,,guanidinium,,2026-06-27T15:53:17.181330+00:00
literature_compilation.sdf,1148,NC(N)=[NH+]CC1COc2ccccc2O1,8.3,experimental,nan,,guanidinium,,2026-06-27T15:53:18.904874+00:00
literature_compilation.sdf,1149,O=C(CCC[NH+]1CCC(O)(c2ccc(Cl)cc2)CC1)c1ccc(F)cc1,8.3,experimental,nan,,tertiary_ammonium,,2026-06-27T15:53:22.173414+00:00
literature_compilation.sdf,1150,CCCCC(CC)CN1C[NH+](CC(CC)CCCC)CC(C)(N)C1,8.3,experimental,nan,,tertiary_ammonium,,2026-06-27T15:53:24.880933+00:00
literature_compilation.sdf,1151,CN1C(=O)NC(=O)C(C2=CCCCC2)C1=O,8.2,experimental,nan,,imide,,2026-06-27T15:53:27.379928+00:00
literature_compilation.sdf,1152,CC(C[NH2+]C1CCCCC1)OC(=O)c1ccccc1,9.1,experimental,nan,,secondary_ammonium,,2026-06-27T15:53:29.470262+00:00
literature_compilation.sdf,1185,CC(C)c1ncc([N+](=O)[O-])n1C,2.7,experimental,nan,,nitro,,2026-06-27T15:55:12.430198+00:00
literature_compilation.sdf,1205,Nc1nc(=O)c2c([nH]1)NCC(CNc1ccc(C(=O)N[C@@H](CCC(=O)[O-])C(=O)O)cc1)N2C=O,3.1,experimental,nan,,carboxylate,,2026-06-27T15:56:04.949161+00:00
literature_compilation.sdf,1212,[NH3+][C@@H](Cc1ccc(O)c(O)c1)C(=O)O,9.7,experimental,nan,,primary_ammonium,,2026-06-27T15:56:30.222206+00:00
literature_compilation.sdf,1213,[NH3+][C@@H](Cc1ccc(O)c(O)c1)C(=O)O,13.4,experimental,nan,,primary_ammonium,,2026-06-27T15:56:31.744465+00:00
literature_compilation.sdf,1214,[NH3+][C@@H](Cc1ccc(O)c(O)c1)C(=O)O,8.7,experimental,nan,,primary_ammonium,,2026-06-27T15:56:33.078520+00:00
literature_compilation.sdf,1215,C[C@H]([NH3+])[C@H](O)c1ccc(O)c(O)c1,9.8,experimental,nan,,primary_ammonium,,2026-06-27T15:56:34.238698+00:00
literature_compilation.sdf,1216,C[C@H]([NH3+])[C@H](O)c1ccc(O)c(O)c1,8.6,experimental,nan,,primary_ammonium,,2026-06-27T15:56:35.424598+00:00
literature_compilation.sdf,1220,[NH3+][C@@H](Cc1cc(I)c(Oc2cc(I)c(O)c(I)c2)c(I)c1)C(=O)O,10.1,experimental,nan,,primary_ammonium,,2026-06-27T15:56:47.981666+00:00
literature_compilation.sdf,1221,CCN(CC)CC(=O)Nc1c(C)cccc1C,7.8,experimental,nan,,tertiary_amine,,2026-06-27T15:56:53.845277+00:00
literature_compilation.sdf,1222,CCC[C@@H]1C[C@@H](C(=O)N[C@@H]([C@H]2O[C@H](SC)[C@H](O)[C@@H](O)[C@H]2O)C(C)(C)O)N(C)C1,7.5,experimental,nan,,tertiary_amine,,2026-06-27T15:56:58.516820+00:00
literature_compilation.sdf,1223,[NH3+][C@@H](Cc1cc(I)c(Oc2ccc(O)c(I)c2)c(I)c1)C(=O)[O-].[Na+],8.4,experimental,nan,,primary_ammonium,,2026-06-27T15:57:02.087927+00:00
literature_compilation.sdf,1226,NCCCC[C@H]([N-][C@@H](CCc1ccccc1)C(=O)O)C(=O)N1CCC[C@H]1C(=O)O,11.1,experimental,nan,,primary_amine,,2026-06-27T15:57:14.012606+00:00
literature_compilation.sdf,1258,C=C1c2cccc(O)c2C(=O)C2=C(O)[C@]3(O)C(=O)C(C(N)=O)=C(O)[C@@H](N(C)C)[C@@H]3[C@@H](O)[C@H]12,3.5,experimental,nan,,10,manual,2026-06-27T15:59:15.028782+00:00
literature_compilation.sdf,1272,CN(Cc1cnc2nc(N)nc(N)c2n1)c1ccc(C(=O)N[C@@H](CCC(=O)[O-])C(=O)O)cc1,3.8,experimental,nan,,carboxylate,,2026-06-27T16:00:51.999236+00:00
literature_compilation.sdf,1273,CN(Cc1cnc2nc(N)nc(N)c2n1)c1ccc(C(=O)N[C@@H](CCC(=O)O)C(=O)[O-])cc1,4.8,experimental,nan,,carboxylate,,2026-06-27T16:00:54.262793+00:00
literature_compilation.sdf,1274,CN(Cc1cnc2nc(N)nc(N)c2n1)c1ccc(C(=O)N[C@@H](CCC(=O)O)C(=O)[O-])cc1,5.6,experimental,nan,,carboxylate,,2026-06-27T16:00:56.024459+00:00
literature_compilation.sdf,1279,COC(=O)c1ccc(O)cc1,8.4,experimental,nan,,phenol,,2026-06-27T16:01:15.451408+00:00
literature_compilation.sdf,1280,COC(=O)c1ccccc1O,9.9,experimental,nan,,phenol,,2026-06-27T16:01:16.711324+00:00
literature_compilation.sdf,1282,C[C@]([NH3+])(Cc1ccc(O)c(O)c1)C(=O)O,10.4,experimental,nan,,primary_ammonium,,2026-06-27T16:01:22.681429+00:00
literature_compilation.sdf,1283,C[C@]([NH3+])(Cc1ccc(O)c(O)c1)C(=O)O,12.6,experimental,nan,,primary_ammonium,,2026-06-27T16:01:24.327238+00:00
literature_compilation.sdf,1284,C[C@]([NH3+])(Cc1ccc(O)c(O)c1)C(=O)O,9.2,experimental,nan,,primary_ammonium,,2026-06-27T16:01:25.547172+00:00
literature_compilation.sdf,1285,CC[C@@H](CO)NC(=O)[C@@H]1C=C2c3cccc4[nH]cc(c34)C[C@H]2N(C)C1,6.6,experimental,nan,,tertiary_amine,,2026-06-27T16:01:29.023430+00:00
literature_compilation.sdf,1286,COC(=O)C(c1ccccc1)C1CCCC[NH2+]1,8.8,experimental,nan,,secondary_ammonium,,2026-06-27T16:01:31.990301+00:00
literature_compilation.sdf,1295,Cc1ncc([N+](=O)[O-])n1CCO,2.6,experimental,nan,,nitro,,2026-06-27T16:02:37.224039+00:00
literature_compilation.sdf,1297,C[C@]([NH3+])(Cc1ccc(O)cc1)C(=O)O,10.1,experimental,nan,,primary_ammonium,,2026-06-27T16:02:44.436858+00:00
literature_compilation.sdf,1298,Cc1cccc(C)c1OCC(C)[NH3+],9.1,experimental,nan,,primary_ammonium,,2026-06-27T16:02:46.053619+00:00
literature_compilation.sdf,1304,CN(C)[C@@H]1C(O)=C(C(N)=O)C(=O)[C@@]2(O)C(O)=C3C(=O)c4c(O)ccc([NH+](C)C)c4C[C@H]3C[C@@H]12,7.8,experimental,nan,,tertiary_amine,,2026-06-27T16:03:01.585383+00:00
literature_compilation.sdf,1305,CN(C)[C@@H]1C(O)=C(C(N)=O)C(=O)[C@@]2(O)C(O)=C3C(=O)c4c(O)ccc([NH+](C)C)c4C[C@H]3C[C@@H]12,9.5,experimental,nan,,tertiary_amine,,2026-06-27T16:03:02.974191+00:00
literature_compilation.sdf,1307,CO[C@@]12[C@H](COC(N)=O)C3=C(C(=O)C(C)=C(N)C3=O)N1C[C@@H]1[NH2+][C@@H]12,10.9,experimental,nan,,secondary_ammonium,,2026-06-27T16:03:08.384258+00:00
literature_compilation.sdf,1308,CCc1c(C)[nH]c2c1C(=O)C(CN1CCOCC1)CC2,6.9,experimental,nan,,tertiary_amine,,2026-06-27T16:03:10.766651+00:00
literature_compilation.sdf,1313,CO[C@@]1(NC(=O)C(C(=O)O)c2ccc(O)cc2)C(=O)N2C(C(=O)O)=C(CSc3nnnn3C)CO[C@@H]21,10.2,experimental,nan,,phenol,,2026-06-27T16:03:35.272627+00:00
literature_compilation.sdf,1314,CCCCCCC(C)(C)c1cc(O)c2c(c1)OC(C)(C)C1CCC(=O)CC21,13.5,experimental,nan,,phenol,,2026-06-27T16:03:38.916531+00:00
literature_compilation.sdf,1319,CCn1cc(C(=O)[O-])c(=O)c2ccc(C)nc21,6.0,experimental,nan,,carboxylate,,2026-06-27T16:03:51.175326+00:00
literature_compilation.sdf,1325,C[C@@H]1C/C=C\C=C/C=C\C=C/[C@H](O[C@@H]2O[C@H](C)[C@@H]([NH3+])[C@H](O)[C@@H]2O)C[C@@H]2O[C@](O)(C[C@@H](O)C[C@H]3O[C@@H]3/C=C\C(=O)O1)C[C@H](O)[C@H]2C(=O)O,8.4,experimental,nan,,primary_ammonium,,2026-06-27T16:04:06.480044+00:00
literature_compilation.sdf,1327,O=C([O-])c1cccnc1,2.0,experimental,nan,,carboxylate,,2026-06-27T16:04:09.321895+00:00
literature_compilation.sdf,1328,O=C([O-])c1cccnc1,4.8,experimental,nan,,carboxylate,,2026-06-27T16:04:11.140601+00:00
literature_compilation.sdf,1332,C[NH+]1CCC[C@H]1c1cccnc1,8.0,experimental,nan,,tertiary_ammonium,,2026-06-27T16:04:21.492674+00:00
literature_compilation.sdf,1334,O=C1C[NH+]=C(c2ccccc2)c2cc([N+](=O)[O-])ccc2N1,10.8,experimental,nan,,iminium,,2026-06-27T16:04:28.000903+00:00
literature_compilation.sdf,1345,CO[C@@H]1[C@@H](OC(N)=O)[C@@H](O)[C@H](Oc2ccc3c(O)c(NC(=O)c4ccc(O)c(CC=C(C)C)c4)c(=O)oc3c2C)OC1(C)C,4.3,experimental,nan,,phenol,,2026-06-27T16:05:14.627873+00:00
literature_compilation.sdf,1346,CO[C@@H]1[C@@H](OC(N)=O)[C@@H](O)[C@H](Oc2ccc3c(O)c([NH2+]C(=O)c4ccc(O)c(CC=C(C)C)c4)c(=O)oc3c2C)OC1(C)C,9.1,experimental,nan,,phenol,,2026-06-27T16:05:20.697638+00:00
literature_compilation.sdf,1347,C[C@@H]1[C@H](O)[C@@H](C)/C=C\C=C/CC/C=C\C=C/C=C\C=C/[C@H](O[C@@H]2O[C@H](C)[C@@H](O)[C@H]([NH3+])[C@@H]2O)C[C@@H]2O[C@](O)(C[C@@H](O)[C@H](O)CC[C@@H](O)C[C@@H](O)C[C@@H](O)CC(=O)O[C@H]1C)C[C@H](O)[C@H]2C(=O)O,8.9,experimental,nan,,primary_ammonium,,2026-06-27T16:05:24.864387+00:00
literature_compilation.sdf,1374,NC1=NC(=O)C(c2ccccc2)O1,10.5,experimental,nan,,amidine,,2026-06-27T16:06:37.381122+00:00
literature_compilation.sdf,1377,CC(C)(S)C([NH3+])C(=O)O,10.5,experimental,nan,,primary_ammonium,,2026-06-27T16:06:44.461552+00:00
literature_compilation.sdf,1378,CC(C)(S)C([NH3+])C(=O)O,7.9,experimental,nan,,primary_ammonium,,2026-06-27T16:06:46.898624+00:00
literature_compilation.sdf,1384,CCCC(C)C1(CC)C(=O)NC(=O)NC1=O,8.1,experimental,nan,,imide,,2026-06-27T16:07:27.210844+00:00
literature_compilation.sdf,1400,O=C1OC(c2ccc(O)cc2)(c2ccc(O)cc2)c2ccccc21,9.7,experimental,nan,,phenol,,2026-06-27T16:08:53.310966+00:00
literature_compilation.sdf,1401,O=S1(=O)OC(c2ccc(O)cc2)(c2ccc(O)cc2)c2ccccc21,8.1,experimental,nan,,phenol,,2026-06-27T16:08:55.347262+00:00
literature_compilation.sdf,1406,Cc1ccc(N(CC2=[NH+]CCN2)c2cccc(O)c2)cc1,7.7,experimental,nan,,iminium,,2026-06-27T16:09:03.205612+00:00
literature_compilation.sdf,1407,CCCCC1C(=O)N(c2ccccc2)N(c2ccccc2)C1=O,4.5,experimental,nan,,peramine,,2026-06-27T16:09:06.737823+00:00
literature_compilation.sdf,1408,C[NH2+]C[C@H](O)c1cccc(O)c1,10.1,experimental,nan,,secondary_ammonium,,2026-06-27T16:09:10.719184+00:00
literature_compilation.sdf,1409,C[NH2+]C[C@H](O)c1cccc(O)c1,8.8,experimental,nan,,secondary_ammonium,,2026-06-27T16:09:12.400423+00:00
literature_compilation.sdf,1414,CNC(=O)Oc1ccc2c(c1)[C@]1(C)CCN(C)[C@@H]1[NH+]2C,8.2,experimental,nan,,tertiary_amine,,2026-06-27T16:09:23.685062+00:00
literature_compilation.sdf,1415,CC[C@@H]1C(=O)OC[C@@H]1Cc1cncn1C,1.6,experimental,nan,,imidazole,,2026-06-27T16:09:25.253978+00:00
literature_compilation.sdf,1416,CC[C@@H]1C(=O)OC[C@@H]1Cc1cncn1C,7.1,experimental,nan,,imidazole,,2026-06-27T16:09:26.493007+00:00
literature_compilation.sdf,1417,O=c1[nH]c2ccccc2n1C1CCN(CCCC(c2ccc(F)cc2)c2ccc(F)cc2)CC1,7.3,experimental,nan,,tertiary_amine,,2026-06-27T16:09:29.547812+00:00
literature_compilation.sdf,1418,O=c1[nH]c2ccccc2n1C1CC[NH+](CCCC(c2ccc(F)cc2)c2ccc(F)cc2)CC1,8.6,experimental,nan,,tertiary_ammonium,,2026-06-27T16:09:31.306324+00:00
literature_compilation.sdf,1419,CC(C)[NH2+]CC(O)COc1cccc2[nH]ccc12,8.8,experimental,nan,,secondary_ammonium,,2026-06-27T16:09:33.868865+00:00
literature_compilation.sdf,1424,CC(C)(C)NCC(O)c1ccc(O)c(CO)n1,7.0,experimental,nan,,secondary_amine,,2026-06-27T16:09:50.418462+00:00
literature_compilation.sdf,1425,CC(C)(C)[NH2+]CC(O)c1ccc(O)c(CO)n1,10.3,experimental,nan,,secondary_ammonium,,2026-06-27T16:09:52.232567+00:00
literature_compilation.sdf,1427,CC(C)(C)C(=O)OCOC(=O)[C@@H]1N2C(=O)[C@@H](NC(=O)[C@H](N)c3ccccc3)[C@H]2SC1(C)C,7.0,experimental,nan,,amide_secondary,,2026-06-27T16:10:04.099282+00:00
literature_compilation.sdf,1434,COc1cc2nc(N3CCN(C(=O)c4ccco4)CC3)nc(N)c2cc1OC,6.5,experimental,nan,,tertiary_amine,,2026-06-27T16:10:25.441205+00:00
literature_compilation.sdf,1435,CC(C)[NH2+]C[C@H](O)COc1ccc(O)cc1,10.0,experimental,nan,,secondary_ammonium,,2026-06-27T16:10:28.113798+00:00
literature_compilation.sdf,1436,CC(C)[NH2+]C[C@H](O)COc1ccc(O)cc1,9.5,experimental,nan,,secondary_ammonium,,2026-06-27T16:10:31.711602+00:00
literature_compilation.sdf,1437,CCC[NH2+]C(C)C(=O)Nc1ccccc1C,7.9,experimental,nan,,secondary_ammonium,,2026-06-27T16:10:32.921284+00:00
literature_compilation.sdf,1438,CCCN(CCC)S(=O)(=O)c1ccc(C(=O)[O-])cc1,3.4,experimental,nan,,carboxylate,,2026-06-27T16:10:36.475918+00:00
literature_compilation.sdf,1439,CC[NH+](CC)CCNC(=O)c1ccc(N)cc1,9.2,experimental,nan,,tertiary_ammonium,,2026-06-27T16:10:39.216879+00:00
literature_compilation.sdf,1440,CC[NH+](CC)CCOC(=O)c1ccc(N)cc1,8.8,experimental,nan,,tertiary_ammonium,,2026-06-27T16:10:48.158130+00:00
literature_compilation.sdf,1442,CN1CCN(CCCN2c3ccccc3Sc3ccc(Cl)cc32)CC1,3.7,experimental,nan,,aniline,,2026-06-27T16:10:51.524454+00:00
literature_compilation.sdf,1443,C[NH+]1CCN(CCCN2c3ccccc3Sc3ccc(Cl)cc32)CC1,8.1,experimental,nan,,tertiary_ammonium,,2026-06-27T16:10:58.356921+00:00
literature_compilation.sdf,1444,C[NH+](C)CCCN1c2ccccc2Sc2ccccc21,9.4,experimental,nan,,tertiary_ammonium,,2026-06-27T16:11:00.083933+00:00
literature_compilation.sdf,1445,CC(CN1c2ccccc2Sc2ccccc21)[NH+](C)C,9.1,experimental,nan,,tertiary_ammonium,,2026-06-27T16:11:01.205516+00:00
literature_compilation.sdf,1446,CCCOc1ccc(C(=O)OCCN(CC)CC)cc1N,3.2,experimental,nan,,aniline,,2026-06-27T16:11:05.365421+00:00
literature_compilation.sdf,1447,CCC(=O)c1ccc2c(c1)N(CC(C)[NH+](C)C)c1ccccc1S2,9.1,experimental,nan,,tertiary_ammonium,,2026-06-27T16:11:08.525234+00:00
literature_compilation.sdf,1448,CCCOc1cc([NH3+])ccc1C(=O)OCCN(CC)CC,8.6,experimental,nan,,aryl_ammonium,,2026-06-27T16:11:11.331507+00:00
literature_compilation.sdf,1449,CCC(=O)O[C@](Cc1ccccc1)(c1ccccc1)[C@H](C)CN(C)C,6.3,experimental,nan,,tertiary_amine,,2026-06-27T16:11:14.563545+00:00
literature_compilation.sdf,1472,CN/C(=C\[N+](=O)[O-])NCCSCc1ccc(CN(C)C)o1,2.3,experimental,nan,,nitro,,2026-06-27T16:11:58.294887+00:00
literature_compilation.sdf,1476,CO[C@H]1/C=C\O[C@@]2(C)Oc3c(C)c(O)c4c(O)c(c(/C=N/N5CCN(C)CC5)c(O)c4c3C2=O)NC(=O)/C(C)=C\C=C/[C@H](C)[C@H](O)[C@@H](C)[C@@H](O)[C@@H](C)[C@H](OC(C)=O)[C@@H]1C,1.7,experimental,nan,,hydrazone,,2026-06-27T16:12:22.707921+00:00
literature_compilation.sdf,1484,NC(=O)c1ccccc1O,8.2,experimental,nan,,phenol,,2026-06-27T16:12:40.105553+00:00
literature_compilation.sdf,1486,O=C(O)c1ccccc1O,13.4,experimental,nan,,phenol,,2026-06-27T16:12:45.930385+00:00
literature_compilation.sdf,1487,O=C(Oc1ccccc1C(=O)[O-])c1ccccc1O,3.5,experimental,nan,,carboxylate,,2026-06-27T16:12:48.450540+00:00
literature_compilation.sdf,1488,O=C(Oc1ccccc1C(=O)O)c1ccccc1O,9.8,experimental,nan,,phenol,,2026-06-27T16:12:51.465007+00:00
literature_compilation.sdf,1491,C=CCC1(C(C)CCC)C(=O)NC(=O)NC1=O,12.6,experimental,nan,,imide,,2026-06-27T16:13:05.788056+00:00
literature_compilation.sdf,1493,NCCc1c[nH]c2ccc(O)cc12,4.9,experimental,nan,,isoquinoline,,2026-06-27T16:13:16.393930+00:00
literature_compilation.sdf,1512,NC(=[NH2+])NS(=O)(=O)c1ccc(N)cc1,12.1,experimental,nan,,guanidinium,,2026-06-27T16:14:52.699886+00:00
literature_compilation.sdf,1513,N=C(N)NS(=O)(=O)c1ccc(N)cc1,2.8,experimental,nan,,aniline,,2026-06-27T16:14:56.287869+00:00
literature_compilation.sdf,1514,Cc1ccnc(NS(=O)(=O)c2ccc(N)cc2)n1,7.1,experimental,nan,,pyrimidine,,2026-06-27T16:15:00.686445+00:00
literature_compilation.sdf,1515,Cc1ccnc(NS(=O)(=O)c2ccc(N)cc2)n1,2.3,experimental,nan,,aniline,,2026-06-27T16:15:02.926327+00:00
literature_compilation.sdf,1525,O=C([O-])c1cc(/N=N/c2ccc(S(=O)(=O)Nc3ccccn3)cc2)ccc1O,2.4,experimental,nan,,carboxylate,,2026-06-27T16:15:25.014660+00:00
literature_compilation.sdf,1526,O=C(O)c1cc(/N=N/c2ccc(S(=O)(=O)Nc3cccc[nH+]3)cc2)ccc1O,9.7,experimental,nan,,pyridinium,,2026-06-27T16:15:28.200251+00:00
literature_compilation.sdf,1527,O=C(O)c1cc(/N=N/c2ccc(S(=O)(=O)Nc3ccccn3)cc2)ccc1O,11.8,experimental,nan,,phenol,,2026-06-27T16:15:36.397051+00:00
literature_compilation.sdf,1530,O=C1C(CCS(=O)c2ccccc2)C(=O)N(c2ccccc2)N1c1ccccc1,2.8,experimental,nan,,peramine,,2026-06-27T16:15:47.097907+00:00
literature_compilation.sdf,1542,CN(C)[C@@H]1C(O)=C(C(N)=O)C(=O)[C@@]2(O)C(O)=C3C(=O)c4c(O)cccc4[C@@](C)(O)C3CC12,3.3,experimental,nan,,6,manual,2026-06-27T16:16:31.441483+00:00
literature_compilation.sdf,1543,C[NH+](C)[C@@H]1C(O)=C(C(N)=O)C(=O)[C@@]2(O)C(O)=C3C(=O)c4c(O)cccc4[C@@](C)(O)C3CC12,7.7,experimental,nan,,tertiary_ammonium,,2026-06-27T16:16:37.715703+00:00
literature_compilation.sdf,1544,C[NH+](C)[C@@H]1C(O)=C(C(N)=O)C(=O)[C@@]2(O)C(O)=C3C(=O)c4c(O)cccc4[C@@](C)(O)C3CC12,9.7,experimental,nan,,tertiary_ammonium,,2026-06-27T16:16:39.169803+00:00
literature_compilation.sdf,1545,CCCCCc1cc(O)c2c(c1)OC(C)(C)[C@@H]1CCC(C)=C[C@@H]21,10.6,experimental,nan,,phenol,,2026-06-27T16:16:41.262161+00:00
literature_compilation.sdf,1549,Cn1cnc2c1C(=O)NC(=O)[NH+]2C,10.1,experimental,nan,,imidazole,,2026-06-27T16:16:49.226066+00:00
literature_compilation.sdf,1551,CN1C(=O)c2[nH]cnc2[NH+](C)C1=O,8.6,experimental,nan,,imidazole,,2026-06-27T16:16:53.565851+00:00
literature_compilation.sdf,1555,C=CCC1(C(C)CCC)C(=O)NC(=S)NC1=O,7.5,experimental,nan,,thioamideamide,,2026-06-27T16:17:05.679754+00:00
literature_compilation.sdf,1558,CCCC(C)C1(CC)C(=O)NC(=S)NC1=O,7.5,experimental,nan,,thioamideamide,,2026-06-27T16:17:15.476991+00:00
literature_compilation.sdf,1573,C/N=C(\NC#N)NCCSCc1csc(N=C(N)N)n1,6.8,experimental,nan,,guanidine,,2026-06-27T16:18:00.568179+00:00
literature_compilation.sdf,1580,Cc1ccc(S(=O)(=O)NC(=O)NN2CCCCC2)cc1,5.7,experimental,nan,,tertiary_amine,,2026-06-27T16:18:34.298391+00:00
literature_compilation.sdf,1583,Cc1ccc(C(=O)c2ccc(CC(=O)[O-])n2C)cc1,3.5,experimental,nan,,carboxylate,,2026-06-27T16:18:40.039204+00:00
literature_compilation.sdf,1584,c1cc2c(c(NC3=[NH+]CCN3)c1)CCCC2,10.7,experimental,nan,,guanidinium,,2026-06-27T16:18:42.576824+00:00
literature_compilation.sdf,1586,O=c1n(CCCN2CCN(c3cccc(Cl)c3)CC2)nc2ccccn12,6.7,experimental,nan,,tertiary_amine,,2026-06-27T16:18:45.836432+00:00
literature_compilation.sdf,1610,Nc1ncnc2c1ncn2[C@@H]1O[C@H](CO)[C@@H](O)[C@H]1O,12.5,experimental,nan,,secondary_alcohol,,2026-06-27T16:20:02.733825+00:00
literature_compilation.sdf,1612,CC/C=C(\C)C1(CC)C(=O)NC(=O)NC1=O,8.0,experimental,nan,,imide,,2026-06-27T16:20:07.328817+00:00
literature_compilation.sdf,1614,CC[C@]1(O)C[C@@H]2CN(CCc3c([nH]c4ccccc34)[C@@](C(=O)OC)(c3cc4c(cc3OC)N(C)C3[C@]45CCN4CC=C[C@@](CC)([C@@H](OC(C)=O)[C@]3(O)C(=O)OC)[C@H]45)C2)C1,7.4,experimental,nan,,tertiary_amine,,2026-06-27T16:20:18.813119+00:00
literature_compilation.sdf,1616,CC[C@]1(O)C[C@@H]2CN(CCc3c([nH]c4ccccc34)[C@@](C(=O)OC)(c3cc4c(cc3OC)N(C=O)[C@H]3[C@@](O)(C(=O)OC)[C@H](OC(C)=O)[C@]5(CC)C=CCN6CC[C@]43C65)C2)C1,7.4,experimental,nan,,tertiary_amine,,2026-06-27T16:20:24.095358+00:00
literature_compilation.sdf,1618,CC[C@]1(O)C[C@H]2CN(CCc3c([nH]c4ccccc34)[C@@](C(=O)OC)(c3cc4c(cc3OC)N(C)[C@H]3[C@@](O)(C(N)=O)[C@H](O)[C@]5(CC)C=CCN6CC[C@]43[C@@H]65)C2)C1,7.7,experimental,nan,,tertiary_amine,,2026-06-27T16:20:30.472520+00:00
literature_compilation.sdf,1619,CC(=O)CC(c1ccccc1)c1c([O-])c2ccccc2oc1=O,5.1,experimental,nan,,phenolate,,2026-06-27T16:20:33.469903+00:00
literature_compilation.sdf,1624,CC(C)Cn1c(=O)n(C)c(=O)c2c(-c3cc(C(=O)[O-])cn3C)n(Cc3ccnc4ccc(Cl)cc34)nc21,2.91,experimental,nan,,carboxylate,,2026-06-27T16:20:46.378448+00:00
literature_compilation.sdf,1627,CC(C)Cn1c(=O)[nH]c(=O)c2c(-c3nncn3C)n(Cc3ccnc4ccc(Cl)cc34)nc21,3.06,experimental,nan,,124triazole,,2026-06-27T16:21:10.740487+00:00
literature_compilation.sdf,1628,Cc1cn(C[C@H]2CN(c3ccc(-n4cnc(Br)c4)c(F)c3)C(=O)O2)nn1,3.5,experimental,nan,,123triazole,,2026-06-27T16:21:13.612862+00:00
literature_compilation.sdf,1631,COc1c([NH+]2CCO[C@@H](CN(C)C)C2)c(F)cc2c(=O)c(C(=O)O)cn(C3CC3)c12,8.87,experimental,nan,,tertiary_amine,,2026-06-27T16:21:25.986976+00:00
literature_compilation.sdf,1633,Cn1cc(-c2nnn[nH]2)cc1-c1c2c(=O)n(C)c(=O)n(CC3CC3)c2nn1Cc1ccnc2ccc(Cl)cc12,2.97,experimental,nan,,tetrazole,,2026-06-27T16:21:34.069853+00:00
literature_compilation.sdf,1634,Cc1cn(C[C@H]2CN(c3ccc(-n4cnc(C[O-])c4)c(F)c3)C(=O)O2)nn1,4.73,experimental,nan,,123triazole,,2026-06-27T16:21:38.433184+00:00
literature_compilation.sdf,1635,Cc1cn(-c2ccc(N3C[C@H](Cn4cc(C)nn4)OC3=O)cc2F)cn1,5.92,experimental,nan,,123triazole,,2026-06-27T16:21:42.122915+00:00
literature_compilation.sdf,1640,Cn1cc(C(=O)[O-])cc1-c1c2c(=O)n(C)c(=O)n(CC3CC3)c2nn1Cc1ccnc2ccc(Cl)cc12,4.67,experimental,nan,,carboxylate,,2026-06-27T16:22:30.235843+00:00
literature_compilation.sdf,1641,Cn1cc(C(=O)[O-])cc1-c1c2c(=O)n(C)c(=O)n(CC3CC3)c2nn1Cc1ccnc2ccc(Cl)cc12,3.1,experimental,nan,,carboxylate,,2026-06-27T16:22:32.476963+00:00
literature_compilation.sdf,1668,COc1ccc2ncc(F)c(CC[C@@H]3CC[C@@H](NCc4cc5c(cn4)OCCO5)CO3)c2n1,7.15,experimental,nan,,secondary_amine,,2026-06-27T16:23:53.916126+00:00
literature_compilation.sdf,1672,CCOC(=O)c1cc(N2CC[C@@H](NC(=O)c3[nH]c(C)c(Cl)c3Cl)[C@@H](F)C2)ccn1,7.2,experimental,nan,,tertiary_amine,,2026-06-27T16:24:14.181463+00:00
literature_compilation.sdf,1673,COc1ccc2nccc(NC(=O)[C@@H]3CC[C@@H](NCc4cc5c(cn4)OCCO5)CN3)c2n1,7.3,experimental,nan,,secondary_amine,,2026-06-27T16:24:19.132679+00:00
literature_compilation.sdf,1675,COc1ccc2ncc(F)c(NC(=O)[C@@H]3CC[C@@H](NCc4cc5c(cn4)OCCO5)CN3)c2[nH+]1,7.6,experimental,nan,,secondary_amine,,2026-06-27T16:24:26.076351+00:00
literature_compilation.sdf,1677,COc1ccc2nccc(NC(=O)C3CCC(NCc4ccc5c(c4)OCCO5)C(=O)N3)c2n1,6.5,experimental,nan,,secondary_amine,,2026-06-27T16:24:32.108141+00:00
literature_compilation.sdf,1683,N#Cc1ccc2cccc(NC(=O)[C@@H]3CC[C@@H](NCc4cc5c(c[nH+]4)OCCO5)CN3)c2n1,7.7,experimental,nan,,secondary_amine,,2026-06-27T16:24:52.528138+00:00
literature_compilation.sdf,1752,COc1ccc2ncc(Cl)c(CC[C@H]3CC[C@H](NCc4ccc5c(n4)NC(=O)CO5)CN3CC(=O)[O-])c2n1,5.2,experimental,nan,,carboxylate,,2026-06-27T16:27:08.804053+00:00
novartis_testdata.sdf,17,CC(=O)Nc1cc(Cl)ccc1/C=C/C(=O)N1CCN(Cc2ccc(F)cc2)C[C@H]1C,6.63,marvin,basic,3.0,tertiary_amine,,2026-06-27T22:08:38.231404+00:00
novartis_testdata.sdf,19,CC(=O)Nc1cccc(Nc2nc(Nc3ccccc3)n3[nH+]cc(C#N)c3n2)c1,9.7,experimental,,,pyrazolidine,,2026-06-27T22:08:54.357601+00:00
novartis_testdata.sdf,19,CC(=O)Nc1cccc(Nc2nc(Nc3ccccc3)n3[nH+]cc(C#N)c3n2)c1,11.68,marvin,acidic,10.0,pyrazolidine,,2026-06-27T22:09:01.981055+00:00
novartis_testdata.sdf,24,CC(C)(C)Cn1c(CN2C(=O)CC3(CC[NH2+]CC3)C2=O)cc2cnc(C#N)nc21,9.2,experimental,,,secondary_ammonium,,2026-06-27T22:09:25.740414+00:00
novartis_testdata.sdf,26,CC(C)(C)OC(=O)N1CCC(C(=O)NS(=O)(=O)c2c(Cl)sc(Cl)c2Br)CC1,2.1,experimental,,,sulfone,,2026-06-27T22:09:42.251166+00:00
novartis_testdata.sdf,26,CC(C)(C)OC(=O)N1CCC(C(=O)NS(=O)(=O)c2c(Cl)sc(Cl)c2Br)CC1,4.26,marvin,acidic,15.0,sulfone,,2026-06-27T22:09:44.892702+00:00
novartis_testdata.sdf,29,CC(C)COC(=O)Nc1ccc(-c2cnc3c(-c4ccc(N5CC[NH+](C)CC5)cc4)cnn3c2N)cc1,8.2,experimental,,,tertiary_ammonium,,2026-06-27T22:10:09.345717+00:00
novartis_testdata.sdf,32,CC(C)N(CCCCOCC(=O)[O-])c1cnc(-c2ccccc2)c(-c2ccccc2)n1,3.385,experimental,,,carboxylate,,2026-06-27T22:10:32.484508+00:00
novartis_testdata.sdf,35,CC(C)[NH+](CCc1c(-c2ccccc2)nn2ccccc12)Cc1ccc(CCC(=O)N=O)cc1,8.7,experimental,,,tertiary_ammonium,,2026-06-27T22:10:51.920309+00:00
novartis_testdata.sdf,36,CC(C)[NH+](CCc1c(C(C)(C)O)[nH]c2ccccc12)Cc1ccc(CCC(=O)N=O)cc1,9.005,experimental,,,tertiary_ammonium,,2026-06-27T22:10:58.619720+00:00
novartis_testdata.sdf,36,CC(C)[NH+](CCc1c(C(C)(C)O)[nH]c2ccccc12)Cc1ccc(CCC(=O)N=O)cc1,10.04,marvin,basic,3.0,tertiary_alcohol,,2026-06-27T22:11:03.443067+00:00
novartis_testdata.sdf,37,CC(C)[NH+](CCc1c[nH]c2ccccc12)Cc1ccc(CCC(=O)N=O)cc1,8.66,experimental,,,tertiary_ammonium,,2026-06-27T22:11:05.733814+00:00
novartis_testdata.sdf,38,CC(C)n1c(/C=C/[C@H](O)C[C@H](O)CC(=O)[O-])c(-c2ccc(F)cc2)c2ccccc21,4.5,experimental,,,carboxylate,,2026-06-27T22:11:12.370346+00:00
novartis_testdata.sdf,39,CC(NC(=O)c1ccccc1/N=C/c1c(O)ccc2ccccc12)c1ccccc1,6.9,experimental,,,phenol,,2026-06-27T22:11:24.829804+00:00
novartis_testdata.sdf,39,CC(NC(=O)c1ccccc1/N=C/c1c(O)ccc2ccccc12)c1ccccc1,8.64,marvin,acidic,29.0,imine,,2026-06-27T22:11:30.192223+00:00
novartis_testdata.sdf,40,CC(c1cc2ccccc2s1)N(O)C(N)=O,8.84,marvin,acidic,15.0,thiophene,,2026-06-27T22:11:37.245637+00:00
novartis_testdata.sdf,40,CC(c1cc2ccccc2s1)N(O)C(N)=O,10.2,experimental,,,thiophene,,2026-06-27T22:11:41.752575+00:00
novartis_testdata.sdf,43,CCC1(c2ccccc2)C(=O)NC(=O)N(C)C1=O,7.6,experimental,,,imide,,2026-06-27T22:12:03.461572+00:00
novartis_testdata.sdf,45,CCCCC(=O)N1CCC(CNc2nc3c(s2)CCOc2ccc(F)cc2-3)CC1,3.18,marvin,basic,15.0,aniline,,2026-06-27T22:12:52.040790+00:00
novartis_testdata.sdf,45,CCCCC(=O)N1CCC(CNc2nc3c(s2)CCOc2ccc(F)cc2-3)CC1,3.69,experimental,,,aniline,,2026-06-27T22:12:54.258024+00:00
novartis_testdata.sdf,52,CCOC(=O)N1CCC(C)(C[NH+]2CCC3(CC2)CN(S(C)(=O)=O)c2ncccc23)CC1,8.5,experimental,,,tertiary_ammonium,,2026-06-27T22:13:25.321858+00:00
novartis_testdata.sdf,52,CCOC(=O)N1CCC(C)(C[NH+]2CCC3(CC2)CN(S(C)(=O)=O)c2ncccc23)CC1,8.81,marvin,basic,13.0,tertiary_ammonium,,2026-06-27T22:13:28.050825+00:00
novartis_testdata.sdf,53,CCOC(=O)c1c(C)cc2[nH+]c(COC(=O)NCCO)n(-c3ccccc3S(=O)(=O)NC)c(=O)c2c1C,10.6,experimental,,,pyrimidine,,2026-06-27T22:13:40.531012+00:00
novartis_testdata.sdf,54,CCOCC(=O)N1CCC(CNc2nc3c(s2)CCOc2ccc(F)cc2-3)CC1,3.18,marvin,basic,15.0,aniline,,2026-06-27T22:13:45.035655+00:00
novartis_testdata.sdf,54,CCOCC(=O)N1CCC(CNc2nc3c(s2)CCOc2ccc(F)cc2-3)CC1,3.7,experimental,,,aniline,,2026-06-27T22:13:46.947917+00:00
novartis_testdata.sdf,56,CCS(=O)(=O)c1ccc(CC(=O)Nc2nc(-c3ccccc3)c(C(=O)c3ccccc3)s2)cc1,7.81,marvin,acidic,14.0,thiophenol,,2026-06-27T22:13:56.484534+00:00
novartis_testdata.sdf,56,CCS(=O)(=O)c1ccc(CC(=O)Nc2nc(-c3ccccc3)c(C(=O)c3ccccc3)s2)cc1,7.9,experimental,,,thiophenol,,2026-06-27T22:14:00.308546+00:00
novartis_testdata.sdf,62,CCc1ccccc1N(CC)C(=O)C1CCN(c2ncnc3c2nc2n3CCCCC2)CC1,3.36,marvin,basic,24.0,aniline,,2026-06-27T22:14:14.865370+00:00
novartis_testdata.sdf,62,CCc1ccccc1N(CC)C(=O)C1CCN(c2ncnc3c2nc2n3CCCCC2)CC1,3.9,experimental,,,aniline,,2026-06-27T22:14:16.599767+00:00
novartis_testdata.sdf,66,CN1C(=O)Cn2cc(C(=O)NCc3ccc(Cl)cc3)c(=O)c3cc(CN4CCOCC4)cc1c32,5.62,marvin,basic,28.0,tertiary_amine,,2026-06-27T22:14:33.681956+00:00
novartis_testdata.sdf,66,CN1C(=O)Cn2cc(C(=O)NCc3ccc(Cl)cc3)c(=O)c3cc(CN4CCOCC4)cc1c32,6.2,experimental,,,tertiary_amine,,2026-06-27T22:14:35.863017+00:00
novartis_testdata.sdf,67,CN1C(=O)N(C[C@H](C(=O)NO)[C@@H](CC2CCCC2)C(=O)N2CCCCC2)C(=O)C1(C)C,8.85,marvin,acidic,29.0,2amide_anhydride,,2026-06-27T22:14:41.372038+00:00
novartis_testdata.sdf,67,CN1C(=O)N(C[C@H](C(=O)NO)[C@@H](CC2CCCC2)C(=O)N2CCCCC2)C(=O)C1(C)C,9.01,experimental,,,2amide_anhydride,,2026-06-27T22:14:45.816294+00:00
novartis_testdata.sdf,68,CN1c2ccc(C#N)cc2N=C(c2ccc(C(=O)[O-])c(F)c2)c2cc3c(cc21)C(C)(C)CCC3(C)C,3.17,marvin,acidic,29.0,carboxylate,,2026-06-27T22:14:49.664536+00:00
novartis_testdata.sdf,68,CN1c2ccc(C#N)cc2N=C(c2ccc(C(=O)[O-])c(F)c2)c2cc3c(cc21)C(C)(C)CCC3(C)C,3.4,experimental,,,carboxylate,,2026-06-27T22:14:51.067679+00:00
novartis_testdata.sdf,69,CN1c2ccc(C#N)cc2N=C(c2ccc(C(=O)[O-])cc2)c2cc3c(cc21)C(C)(C)CCC3(C)C,3.5,experimental,,,carboxylate,,2026-06-27T22:14:52.249897+00:00
novartis_testdata.sdf,69,CN1c2ccc(C#N)cc2N=C(c2ccc(C(=O)[O-])cc2)c2cc3c(cc21)C(C)(C)CCC3(C)C,3.93,marvin,acidic,28.0,carboxylate,,2026-06-27T22:14:53.529366+00:00
novartis_testdata.sdf,70,CNC(=O)c1c(NCC2CCC3(CCC3)CC2)nc(C#N)nc1OC1CC(C)(C)[NH2+]C(C)(C)C1,9.2,experimental,,,secondary_ammonium,,2026-06-27T22:14:56.364220+00:00
novartis_testdata.sdf,70,CNC(=O)c1c(NCC2CCC3(CCC3)CC2)nc(C#N)nc1OC1CC(C)(C)[NH2+]C(C)(C)C1,10.18,marvin,basic,6.0,secondary_ammonium,,2026-06-27T22:15:04.559958+00:00
novartis_testdata.sdf,71,CNC(=O)c1c(NCC2CCC3(CCC3)CC2)nc(C#N)nc1OCC1CC[NH+](C)CC1,9.06,marvin,basic,15.0,tertiary_ammonium,,2026-06-27T22:15:06.107625+00:00
novartis_testdata.sdf,71,CNC(=O)c1c(NCC2CCC3(CCC3)CC2)nc(C#N)nc1OCC1CC[NH+](C)CC1,10.7,experimental,,,pyrimidine,,2026-06-27T22:15:07.539904+00:00
novartis_testdata.sdf,72,CNC(=O)c1c(NCC2CCC3(CCC3)CC2)nc(C#N)nc1OCCC1CC[NH+](C)CC1,9.24,marvin,basic,16.0,tertiary_ammonium,,2026-06-27T22:15:09.075482+00:00
novartis_testdata.sdf,72,CNC(=O)c1c(NCC2CCC3(CCC3)CC2)nc(C#N)nc1OCCC1CC[NH+](C)CC1,10.2,experimental,,,pyrimidine,,2026-06-27T22:15:11.407781+00:00
novartis_testdata.sdf,73,CNC(=O)c1ccc(Oc2ccc3c(c2)CC[NH+](C2CCC2)CC3)nc1,8.6,experimental,,,tertiary_ammonium,,2026-06-27T22:15:13.919009+00:00
novartis_testdata.sdf,73,CNC(=O)c1ccc(Oc2ccc3c(c2)CC[NH+](C2CCC2)CC3)nc1,9.4,marvin,basic,19.0,tertiary_ammonium,,2026-06-27T22:15:17.058876+00:00
novartis_testdata.sdf,74,CNC(=O)c1ccccc1Nc1nc(Nc2ccc(N3CCOCC3)cc2OC)ncc1Cl,2.59,marvin,basic,14.0,aniline,,2026-06-27T22:15:22.374713+00:00
novartis_testdata.sdf,74,CNC(=O)c1ccccc1Nc1nc(Nc2ccc(N3CCOCC3)cc2OC)ncc1Cl,4.266667,experimental,,,aniline,,2026-06-27T22:15:26.146840+00:00
novartis_testdata.sdf,77,COC(=O)/C=C/C(=O)[O-],2.9,experimental,,,carboxylate,,2026-06-27T22:15:43.374358+00:00
novartis_testdata.sdf,77,COC(=O)/C=C/C(=O)[O-],3.12,marvin,acidic,8.0,carboxylate,,2026-06-27T22:15:45.187277+00:00
novartis_testdata.sdf,83,COc1cc(CN(CC(=O)NCc2ccccc2Cl)S(=O)(=O)c2ccc(CN3CCN(C)CC3)cc2)ccc1OCC(C)C,7.66,marvin,basic,40.0,tertiary_amine,,2026-06-27T22:16:15.822908+00:00
novartis_testdata.sdf,85,COc1cc2c(cc1OC)C[NH+](c1cc(N)c3cc(OC)c(OC)cc3[nH+]1)CC2,9.45,marvin,basic,23.0,aniline,,2026-06-27T22:16:27.554921+00:00
novartis_testdata.sdf,87,COc1ccc(-c2ccc(C(=O)Nc3ccc4c(c3)CCC(C[NH+](C)C)C4)cc2)cc1,9.1,experimental,,,tertiary_ammonium,,2026-06-27T22:16:34.852514+00:00
novartis_testdata.sdf,87,COc1ccc(-c2ccc(C(=O)Nc3ccc4c(c3)CCC(C[NH+](C)C)C4)cc2)cc1,9.84,marvin,basic,1.0,tertiary_ammonium,,2026-06-27T22:16:37.401401+00:00
novartis_testdata.sdf,90,COc1ccc(/C=C/C(=O)N2CCN(c3ccccn3)CC2)cc1,5.3,experimental,,,tertiary_amine,,2026-06-27T22:16:49.133722+00:00
novartis_testdata.sdf,90,COc1ccc(/C=C/C(=O)N2CCN(c3ccccn3)CC2)cc1,6.42,marvin,basic,23.0,tertiary_amine,,2026-06-27T22:16:51.018499+00:00
novartis_testdata.sdf,91,COc1ccc(Br)c(C=O)c1O,7.5,experimental,,,phenol,,2026-06-27T22:16:54.430275+00:00
novartis_testdata.sdf,91,COc1ccc(Br)c(C=O)c1O,8.33,marvin,acidic,8.0,phenol,,2026-06-27T22:16:56.747479+00:00
novartis_testdata.sdf,92,COc1ccc(C#CC(C)(C)[NH3+])cc1C(=O)c1ccc(Nc2ccc(F)cc2F)cc1,8.1,experimental,,,primary_ammonium,,2026-06-27T22:16:58.900814+00:00
novartis_testdata.sdf,93,COc1ccc(C2=C([O-])c3ccccc3C2=O)cc1,4.1,experimental,,,18,manual,2026-06-27T22:17:21.453068+00:00
novartis_testdata.sdf,93,COc1ccc(C2=C([O-])c3ccccc3C2=O)cc1,6.81,marvin,acidic,18.0,18,manual,2026-06-27T22:17:31.744893+00:00
novartis_testdata.sdf,94,COc1ccc(CNC(=O)[C@@H](NC(=O)[C@H](Cc2ccc(OC)c(OC)c2)NC(=O)Cc2cccc(Oc3ccccc3)c2)C(C)C)c(O)c1,10.91,experimental,,,phenol,,2026-06-27T22:18:00.323722+00:00
novartis_testdata.sdf,103,COc1ccc(SC)c2c1C[C@@H]1[C@@H](C2)OCCN1C,6.25,experimental,,,tertiary_amine,,2026-06-27T22:19:08.073164+00:00
novartis_testdata.sdf,103,COc1ccc(SC)c2c1C[C@@H]1[C@@H](C2)OCCN1C,6.55,marvin,basic,1.0,tertiary_amine,,2026-06-27T22:19:09.597528+00:00
novartis_testdata.sdf,109,COc1cccc(-c2cccc(CCC3(C)CC(=O)N(C)C(N)=[NH+]3)c2)c1,9.4,experimental,,,guanidinium,,2026-06-27T22:19:49.537701+00:00
novartis_testdata.sdf,112,COc1cccc(C(=O)Cn2cnc3c(C#N)c(N4CC[NH2+]CC4)n(CC=C(C)C)c3c2=O)c1,8.2,experimental,,,secondary_ammonium,,2026-06-27T22:20:02.240536+00:00
novartis_testdata.sdf,117,CS(=O)(=O)Nn1c(=O)[nH]c2cc(C(F)(F)F)c([NH3+])cc2c1=O,8.31,marvin,acidic,4.0,aryl_ammonium,,2026-06-27T22:20:29.764424+00:00
novartis_testdata.sdf,117,CS(=O)(=O)Nn1c(=O)[nH]c2cc(C(F)(F)F)c([NH3+])cc2c1=O,8.6,experimental,,,aryl_ammonium,,2026-06-27T22:20:31.201692+00:00
novartis_testdata.sdf,118,CS(=O)(=O)Nn1c(=O)[nH]c2cc(C(F)(F)F)c([NH+]3CCCOCC3)cc2c1=O,8.31,marvin,acidic,4.0,pyrimidine,,2026-06-27T22:20:35.179921+00:00
novartis_testdata.sdf,118,CS(=O)(=O)Nn1c(=O)[nH]c2cc(C(F)(F)F)c([NH+]3CCCOCC3)cc2c1=O,8.4,experimental,,,pyrimidine,,2026-06-27T22:20:38.548007+00:00
novartis_testdata.sdf,119,CS(=O)(=O)Nn1c(=O)[nH]c2cc(C(F)(F)F)c([NH+]3CCOCC3)cc2c1=O,8.31,marvin,acidic,4.0,pyrimidine,,2026-06-27T22:20:40.952642+00:00
novartis_testdata.sdf,120,CS(=O)(=O)N[NH+]1C(=O)Nc2cc(C(F)(F)F)ccc2C1=O,8.29,marvin,acidic,4.0,aniline,,2026-06-27T22:20:47.814821+00:00
novartis_testdata.sdf,120,CS(=O)(=O)N[NH+]1C(=O)Nc2cc(C(F)(F)F)ccc2C1=O,8.35,experimental,,,aniline,,2026-06-27T22:20:50.946751+00:00
novartis_testdata.sdf,126,C[C@H](C#Cc1ccc(Cc2ccc(F)cc2)s1)N(O)C(N)=O,8.46,marvin,acidic,21.0,thiophene,,2026-06-27T22:21:37.455752+00:00
novartis_testdata.sdf,134,Cc1c(-c2ccccc2)c(=O)oc2cc(O)ccc12,7.24,marvin,acidic,18.0,phenol,,2026-06-27T22:22:11.441531+00:00
novartis_testdata.sdf,134,Cc1c(-c2ccccc2)c(=O)oc2cc(O)ccc12,7.74,experimental,,,phenol,,2026-06-27T22:22:13.340187+00:00
novartis_testdata.sdf,136,Cc1cc(C(=O)C[NH+]2CCCC2)c(C)n1-c1ccc(F)cc1,9.0,experimental,,,tertiary_ammonium,,2026-06-27T22:22:24.867374+00:00
novartis_testdata.sdf,137,Cc1cc(C)c2cc(C(=O)NC3CC[NH+](C)CC3)[nH]c2c1,8.5,experimental,,,tertiary_ammonium,,2026-06-27T22:22:26.634181+00:00
novartis_testdata.sdf,138,Cc1cc(C)nc(N2CCC3(CCCC(=O)N3Cc3cccc4[nH]ccc34)CC2)n1,5.0,marvin,basic,6.0,tertiary_amine,,2026-06-27T22:22:43.376745+00:00
novartis_testdata.sdf,146,Cc1ccc(-c2cc(C(F)(F)F)nn2-c2ccc(S(N)(=O)=O)cc2)cc1,9.46,experimental,,,pyrazolidine,,2026-06-27T22:23:16.460215+00:00
novartis_testdata.sdf,151,Cc1ccc(C)n1-c1ccc(Cl)cc1C(=O)[O-],3.35,experimental,,,carboxylate,,2026-06-27T22:23:45.367090+00:00
novartis_testdata.sdf,151,Cc1ccc(C)n1-c1ccc(Cl)cc1C(=O)[O-],3.39,marvin,acidic,14.0,carboxylate,,2026-06-27T22:23:47.491037+00:00
novartis_testdata.sdf,152,Cc1ccc(C)n1-c1ccc(SCC(=O)[O-])cc1,3.5,experimental,,,carboxylate,,2026-06-27T22:23:50.376103+00:00
novartis_testdata.sdf,152,Cc1ccc(C)n1-c1ccc(SCC(=O)[O-])cc1,3.96,marvin,acidic,16.0,carboxylate,,2026-06-27T22:23:52.154387+00:00
novartis_testdata.sdf,162,Cc1ccnc(N2CCC3(CCCN(Cc4c[nH]c5ccccc45)C3=O)CC2)n1,4.14,marvin,basic,4.0,tertiary_amine,,2026-06-27T22:24:23.183475+00:00
novartis_testdata.sdf,166,Cc1nc(-n2ccc([O-])cc2=O)sc1C(=O)NCc1ccccc1,5.2,experimental,,,phenolate,,2026-06-27T22:24:44.760751+00:00
novartis_testdata.sdf,168,Cc1nc(C(=O)[O-])ccc1N(C)Cc1cccc(Cl)c1,4.45,experimental,,,carboxylate,,2026-06-27T22:24:56.299823+00:00
novartis_testdata.sdf,171,Cc1nc2cccc(C(F)(F)F)c2c(=O)n1-c1ccc(OC2CC[NH+](C3CCC3)CC2)cc1,9.0,experimental,,,tertiary_ammonium,,2026-06-27T22:25:18.510086+00:00
novartis_testdata.sdf,171,Cc1nc2cccc(C(F)(F)F)c2c(=O)n1-c1ccc(OC2CC[NH+](C3CCC3)CC2)cc1,9.09,marvin,basic,22.0,tertiary_ammonium,,2026-06-27T22:25:20.548430+00:00
novartis_testdata.sdf,174,Cc1nc[n+]([O-])c(C)c1C(=O)N1CCC(C)([NH+]2CCC(N(c3ccccc3)c3ccccc3)CC2)CC1,8.5,experimental,,,tertiary_ammonium,,2026-06-27T22:25:29.137246+00:00
novartis_testdata.sdf,174,Cc1nc[n+]([O-])c(C)c1C(=O)N1CCC(C)([NH+]2CCC(N(c3ccccc3)c3ccccc3)CC2)CC1,9.07,marvin,basic,18.0,tertiary_ammonium,,2026-06-27T22:25:31.613427+00:00
novartis_testdata.sdf,175,Cc1ncc(-c2ccc(C(F)(F)F)cc2)c(NC2C3CC4CC(C3)CC2C4)n1,6.0,experimental,,,pyrimidine,,2026-06-27T22:25:33.716090+00:00
novartis_testdata.sdf,175,Cc1ncc(-c2ccc(C(F)(F)F)cc2)c(NC2C3CC4CC(C3)CC2C4)n1,6.08,marvin,basic,2.0,pyrimidine,,2026-06-27T22:25:35.428367+00:00
novartis_testdata.sdf,176,Cc1ncc(-c2ccc(C(F)(F)F)cc2)c(NC2CCCCCC2)n1,6.0,experimental,,,pyrimidine,,2026-06-27T22:25:36.789040+00:00
novartis_testdata.sdf,176,Cc1ncc(-c2ccc(C(F)(F)F)cc2)c(NC2CCCCCC2)n1,6.09,marvin,basic,2.0,pyrimidine,,2026-06-27T22:25:38.658890+00:00
novartis_testdata.sdf,179,Clc1ccc(-c2ccc(-c3ccnc(N4CC[NH2+]CC4)n3)s2)cc1,8.9,experimental,,,secondary_ammonium,,2026-06-27T22:25:51.865098+00:00
novartis_testdata.sdf,182,Cn1c(-c2ccc(C[NH+](C)C)cc2)cc2onc(-c3ccccc3)c2c1=O,8.375,experimental,,,tertiary_ammonium,,2026-06-27T22:25:59.969662+00:00
novartis_testdata.sdf,190,Fc1ccccc1C1=Cc2ccccc2C2=[NH+]CCN12,6.72,marvin,basic,10.0,iminium,,2026-06-27T22:26:26.791566+00:00
novartis_testdata.sdf,190,Fc1ccccc1C1=Cc2ccccc2C2=[NH+]CCN12,10.2,experimental,,,iminium,,2026-06-27T22:26:28.639308+00:00
novartis_testdata.sdf,198,N#Cc1cnc(NC(=O)Nc2ccc(Cl)c(Cl)c2)s1,7.28,marvin,acidic,9.0,isothiazole,,2026-06-27T22:26:55.316751+00:00
novartis_testdata.sdf,199,N#Cc1csc(NC(=O)Nc2ccc(Cl)c(Cl)c2)n1,7.28,marvin,acidic,9.0,isothiazole,,2026-06-27T22:27:00.023798+00:00
novartis_testdata.sdf,200,N#Cc1ncc2cc(COc3ccc(C(=O)[O-])cc3)n(CCC3CCCCC3)c2n1,4.2,experimental,,,carboxylate,,2026-06-27T22:27:06.067884+00:00
novartis_testdata.sdf,200,N#Cc1ncc2cc(COc3ccc(C(=O)[O-])cc3)n(CCC3CCCCC3)c2n1,4.35,marvin,acidic,8.0,carboxylate,,2026-06-27T22:27:08.074044+00:00
novartis_testdata.sdf,201,N#Cc1ncc2cc(COc3cccc(CCC(=O)[O-])c3)n(CCC3CCCCC3)c2n1,4.0,marvin,acidic,31.0,carboxylate,,2026-06-27T22:27:10.853776+00:00
novartis_testdata.sdf,201,N#Cc1ncc2cc(COc3cccc(CCC(=O)[O-])c3)n(CCC3CCCCC3)c2n1,4.5,experimental,,,carboxylate,,2026-06-27T22:27:12.628466+00:00
novartis_testdata.sdf,204,NC1=[NH+]c2ccccc2CC1,9.55,experimental,,,iminium,,2026-06-27T22:27:22.145384+00:00
novartis_testdata.sdf,204,NC1=[NH+]c2ccccc2CC1,10.37,marvin,basic,9.0,iminium,,2026-06-27T22:27:23.653343+00:00
novartis_testdata.sdf,205,NS(=O)(=O)Oc1ccc2[nH+]c(C=C3C4CC5CC(C4)CC3C5)oc2c1,8.26,experimental,,,oxazole,,2026-06-27T22:27:28.211774+00:00
novartis_testdata.sdf,205,NS(=O)(=O)Oc1ccc2[nH+]c(C=C3C4CC5CC(C4)CC3C5)oc2c1,10.66,marvin,acidic,10.0,oxazole,,2026-06-27T22:27:30.146481+00:00
novartis_testdata.sdf,208,[NH3+]c1cccc2c1C(=O)N(C1CCC(=O)NC1=O)C2=O,10.8,experimental,,,aryl_ammonium,,2026-06-27T22:27:39.026109+00:00
novartis_testdata.sdf,208,[NH3+]c1cccc2c1C(=O)N(C1CCC(=O)NC1=O)C2=O,11.6,marvin,acidic,17.0,aryl_ammonium,,2026-06-27T22:27:40.184799+00:00
novartis_testdata.sdf,215,O=C(/C=C/c1ccc(Br)cc1)N1CCN(Cc2ccccc2)CC1,6.1,experimental,,,tertiary_amine,,2026-06-27T22:27:55.174398+00:00
novartis_testdata.sdf,215,O=C(/C=C/c1ccc(Br)cc1)N1CCN(Cc2ccccc2)CC1,7.09,marvin,basic,7.0,tertiary_amine,,2026-06-27T22:27:56.694312+00:00
novartis_testdata.sdf,220,O=C(NCc1ccc(Cl)cc1)c1cn2c(CCO)cc3cc(CN4CCOCC4)cc(c1=O)c32,5.9,experimental,,,tertiary_amine,,2026-06-27T22:28:12.750691+00:00
novartis_testdata.sdf,226,O=C(Nc1cccc(Cl)c1)c1ccc(Cl)cc1[O-],6.3,experimental,,,phenolate,,2026-06-27T22:28:41.733245+00:00
novartis_testdata.sdf,226,O=C(Nc1cccc(Cl)c1)c1ccc(Cl)cc1[O-],7.18,marvin,acidic,16.0,phenolate,,2026-06-27T22:28:46.017445+00:00
novartis_testdata.sdf,227,O=C(Nc1cccc(Cl)c1)c1ccccc1O,7.2,experimental,,,phenol,,2026-06-27T22:28:49.798348+00:00
novartis_testdata.sdf,227,O=C(Nc1cccc(Cl)c1)c1ccccc1O,7.93,marvin,acidic,16.0,phenol,,2026-06-27T22:28:52.079703+00:00
novartis_testdata.sdf,228,O=C(Nc1cccc2cnccc12)c1ccc(-c2ccccc2)cc1,4.1,experimental,,,pyridine,,2026-06-27T22:28:54.382440+00:00
novartis_testdata.sdf,228,O=C(Nc1cccc2cnccc12)c1ccc(-c2ccccc2)cc1,4.73,marvin,basic,23.0,pyridine,,2026-06-27T22:28:56.150825+00:00
novartis_testdata.sdf,229,O=C(Nc1ccccc1C(=O)[O-])c1ccc(-c2ccccc2)cc1,3.2,experimental,,,carboxylate,,2026-06-27T22:28:58.514107+00:00
novartis_testdata.sdf,229,O=C(Nc1ccccc1C(=O)[O-])c1ccc(-c2ccccc2)cc1,3.55,marvin,acidic,23.0,carboxylate,,2026-06-27T22:29:00.402590+00:00
novartis_testdata.sdf,230,O=C(Nc1ccccc1C(=O)[O-])c1cccc(Oc2ccccc2)c1,3.3,experimental,,,carboxylate,,2026-06-27T22:29:01.952262+00:00
novartis_testdata.sdf,230,O=C(Nc1ccccc1C(=O)[O-])c1cccc(Oc2ccccc2)c1,3.55,marvin,acidic,24.0,carboxylate,,2026-06-27T22:29:03.782238+00:00
novartis_testdata.sdf,231,O=C(Nc1nccs1)C(CC1CCCC1)c1ccc(Cl)cc1,7.89,marvin,acidic,15.0,isothiazole,,2026-06-27T22:29:05.972681+00:00
novartis_testdata.sdf,231,O=C(Nc1nccs1)C(CC1CCCC1)c1ccc(Cl)cc1,10.5,experimental,,,amide_secondary,,2026-06-27T22:29:07.504924+00:00
novartis_testdata.sdf,232,O=C(Nc1nnc(-c2ccc(F)cc2)o1)c1ccc(Cl)s1,5.8,experimental,,,thiophene,,2026-06-27T22:29:09.925778+00:00
novartis_testdata.sdf,232,O=C(Nc1nnc(-c2ccc(F)cc2)o1)c1ccc(Cl)s1,7.87,marvin,acidic,11.0,thiophene,,2026-06-27T22:29:11.950748+00:00
novartis_testdata.sdf,233,O=C(Nc1nnc(-c2cccs2)o1)c1cccc(C(F)(F)F)c1,5.7,experimental,,,thiophene,,2026-06-27T22:29:14.081722+00:00
novartis_testdata.sdf,233,O=C(Nc1nnc(-c2cccs2)o1)c1cccc(C(F)(F)F)c1,9.02,marvin,acidic,12.0,thiophene,,2026-06-27T22:29:16.501789+00:00
novartis_testdata.sdf,234,O=C([O-])COc1ccc(Cl)cc1C1CCCCC1,3.51,experimental,,,carboxylate,,2026-06-27T22:29:18.476405+00:00
novartis_testdata.sdf,234,O=C([O-])COc1ccc(Cl)cc1C1CCCCC1,3.81,marvin,acidic,17.0,carboxylate,,2026-06-27T22:29:19.533231+00:00
novartis_testdata.sdf,235,O=C([O-])COc1ccc(Cl)cc1C1CCCCCC1,3.48,experimental,,,carboxylate,,2026-06-27T22:29:20.615690+00:00
novartis_testdata.sdf,235,O=C([O-])COc1ccc(Cl)cc1C1CCCCCC1,3.9,marvin,acidic,18.0,carboxylate,,2026-06-27T22:29:21.886601+00:00
novartis_testdata.sdf,236,O=C([O-])COc1ccc2c(c1)Cc1ccccc1-2,3.0,experimental,,,carboxylate,,2026-06-27T22:29:23.635757+00:00
novartis_testdata.sdf,236,O=C([O-])COc1ccc2c(c1)Cc1ccccc1-2,3.87,marvin,acidic,17.0,carboxylate,,2026-06-27T22:29:24.879314+00:00
novartis_testdata.sdf,237,O=C([O-])CSc1ncnc2cc(-c3ccc(Br)cc3)sc12,3.5,experimental,,,carboxylate,,2026-06-27T22:29:27.642337+00:00
novartis_testdata.sdf,237,O=C([O-])CSc1ncnc2cc(-c3ccc(Br)cc3)sc12,4.21,marvin,acidic,19.0,carboxylate,,2026-06-27T22:29:29.366863+00:00
novartis_testdata.sdf,239,O=C([O-])c1ccc(-c2nc(-c3cccc(C(F)(F)F)c3)cs2)cc1,3.83,marvin,acidic,23.0,carboxylate,,2026-06-27T22:29:31.100567+00:00
novartis_testdata.sdf,239,O=C([O-])c1ccc(-c2nc(-c3cccc(C(F)(F)F)c3)cs2)cc1,4.1,experimental,,,carboxylate,,2026-06-27T22:29:33.054673+00:00
novartis_testdata.sdf,240,O=C([O-])c1ccc(-c2nn(C(=O)c3c(Cl)cccc3Cl)c3ccccc23)cc1,3.2,experimental,,,carboxylate,,2026-06-27T22:29:34.631429+00:00
novartis_testdata.sdf,240,O=C([O-])c1ccc(-c2nn(C(=O)c3c(Cl)cccc3Cl)c3ccccc23)cc1,3.88,marvin,acidic,27.0,carboxylate,,2026-06-27T22:29:36.351003+00:00
novartis_testdata.sdf,241,O=C([O-])c1ccc(NC(=O)c2cn(-c3ccccc3)nc2-c2ccc(Cl)cc2)cc1,4.15,marvin,acidic,29.0,carboxylate,,2026-06-27T22:29:38.207814+00:00
novartis_testdata.sdf,241,O=C([O-])c1ccc(NC(=O)c2cn(-c3ccccc3)nc2-c2ccc(Cl)cc2)cc1,4.2,experimental,,,carboxylate,,2026-06-27T22:29:40.183571+00:00
novartis_testdata.sdf,242,O=C([O-])c1ccc(NCc2cccc(Oc3ccccc3)c2)cn1,4.45,experimental,,,carboxylate,,2026-06-27T22:29:45.578655+00:00
novartis_testdata.sdf,257,O=Cc1cc(Br)cc(Br)c1[O-],5.3,experimental,,,phenolate,,2026-06-27T22:30:29.670229+00:00
novartis_testdata.sdf,257,O=Cc1cc(Br)cc(Br)c1[O-],6.62,marvin,acidic,8.0,phenolate,,2026-06-27T22:30:31.069641+00:00
novartis_testdata.sdf,258,O=NC(=O)CCc1ccc(C[NH+]2CCC(c3c[nH]c4ccccc34)CC2)cc1,8.55,experimental,,,tertiary_ammonium,,2026-06-27T22:30:33.231747+00:00
novartis_testdata.sdf,258,O=NC(=O)CCc1ccc(C[NH+]2CCC(c3c[nH]c4ccccc34)CC2)cc1,9.17,marvin,basic,12.0,tertiary_ammonium,,2026-06-27T22:30:35.734414+00:00
novartis_testdata.sdf,259,O=NC(=O)CCc1ccc(C[NH2+]CC23CC4CC(CC(C4)C2)C3)cc1,8.845,experimental,,,secondary_ammonium,,2026-06-27T22:30:37.006602+00:00
novartis_testdata.sdf,259,O=NC(=O)CCc1ccc(C[NH2+]CC23CC4CC(CC(C4)C2)C3)cc1,9.73,marvin,basic,13.0,secondary_ammonium,,2026-06-27T22:30:38.107532+00:00
novartis_testdata.sdf,261,O=S(=O)(c1ccccc1)N(CC(F)(F)F)c1ccc(C(O)(C(F)(F)F)C(F)(F)F)cc1,7.44,marvin,acidic,30.0,aniline,,2026-06-27T22:30:51.147016+00:00
novartis_testdata.sdf,261,O=S(=O)(c1ccccc1)N(CC(F)(F)F)c1ccc(C(O)(C(F)(F)F)C(F)(F)F)cc1,8.2,experimental,,,aniline,,2026-06-27T22:31:11.702615+00:00
novartis_testdata.sdf,266,O=c1[nH]c2cc(-c3ccc(F)cc3)ccc2cc1[O-],8.1,experimental,,,phenolate,,2026-06-27T22:31:27.500020+00:00
novartis_testdata.sdf,267,O=c1[nH]c2cc(C(F)(F)F)ccc2n1Cc1cc(Cl)ccc1O,8.65,marvin,acidic,21.0,phenol,,2026-06-27T22:31:37.202147+00:00
novartis_testdata.sdf,267,O=c1[nH]c2cc(C(F)(F)F)ccc2n1Cc1cc(Cl)ccc1O,9.75,experimental,,,phenol,,2026-06-27T22:31:39.870407+00:00
novartis_testdata.sdf,268,O=c1[nH]c2ccc(-c3ccc(F)cc3)cc2cc1[O-],6.58,marvin,acidic,17.0,phenolate,,2026-06-27T22:31:42.037839+00:00
novartis_testdata.sdf,268,O=c1[nH]c2ccc(-c3ccc(F)cc3)cc2cc1[O-],8.2,experimental,,,phenolate,,2026-06-27T22:31:45.277491+00:00
experimental_training_datasets.sdf,2739,COc1cccc2c1nc(C)c1ccn(-c3ccccc3C)c12,7.4,experimental,,,quinoline,pyridine-like nitrogen of the quinoline ring; remapped from erroneous pyrrole assignment,2026-07-22T00:00:00+00:00
