source_file,record_index,smiles,pka_value,pka_source_method,pka_type_canonical,atom_index_raw,override_group_label,note,reviewed_at,override_atom_index_raw
AvLiLuMoVe_testdata.sdf,1,CC(=O)CC1CCCC[NH2+]1,9.5,experimental,,,secondary_ammonium,,2026-06-25T19:44:12.598399+00:00
AvLiLuMoVe_testdata.sdf,1,CC(=O)CC1CCCC[NH2+]1,9.86,marvin,basic,9.0,secondary_ammonium,,2026-06-26T10:27:35.892060+00:00
AvLiLuMoVe_testdata.sdf,2,CC(=O)CCC[NH+](C)C,9.05,marvin,basic,6.0,tertiary_ammonium,,2026-06-26T10:27:41.729152+00:00
AvLiLuMoVe_testdata.sdf,2,CC(=O)CCC[NH+](C)C,9.1,experimental,,,tertiary_ammonium,,2026-06-26T10:27:46.148268+00:00
AvLiLuMoVe_testdata.sdf,3,CC(=O)OC(CC(=O)[O-])C[N+](C)(C)C,3.6,experimental,,,carboxylate,,2026-06-26T10:27:49.374832+00:00
AvLiLuMoVe_testdata.sdf,3,CC(=O)OC(CC(=O)[O-])C[N+](C)(C)C,4.09,marvin,acidic,8.0,carboxylate,,2026-06-26T10:27:52.658995+00:00
AvLiLuMoVe_testdata.sdf,4,CC(=O)OCCCC[NH+](C)C,9.4,experimental,,,tertiary_ammonium,,2026-06-26T10:27:55.506634+00:00
AvLiLuMoVe_testdata.sdf,4,CC(=O)OCCCC[NH+](C)C,9.78,marvin,basic,8.0,tertiary_ammonium,,2026-06-26T10:27:58.580835+00:00
AvLiLuMoVe_testdata.sdf,5,CC(=O)OCCC[NH+](C)C,9.0,experimental,,,tertiary_ammonium,,2026-06-26T10:28:01.502106+00:00
AvLiLuMoVe_testdata.sdf,5,CC(=O)OCCC[NH+](C)C,9.45,marvin,basic,7.0,tertiary_ammonium,,2026-06-26T10:28:04.541759+00:00
AvLiLuMoVe_testdata.sdf,6,CC(=O)Oc1ccc2c3c1O[C@@H]1C(OC(C)=O)C=C[C@H]4[C@@H](C2)[NH+](C)CC[C@]314,7.96,experimental,,,tertiary_ammonium,,2026-06-26T10:28:10.394575+00:00
AvLiLuMoVe_testdata.sdf,6,CC(=O)Oc1ccc2c3c1O[C@@H]1C(OC(C)=O)C=C[C@H]4[C@@H](C2)[NH+](C)CC[C@]314,9.1,marvin,basic,15.0,tertiary_ammonium,,2026-06-26T10:28:13.060036+00:00
AvLiLuMoVe_testdata.sdf,7,CC(C(=O)[O-])N(C(=O)c1ccccc1)c1ccc(F)c(Cl)c1,3.55,marvin,acidic,4.0,carboxylate,,2026-06-26T10:28:16.760046+00:00
AvLiLuMoVe_testdata.sdf,7,CC(C(=O)[O-])N(C(=O)c1ccccc1)c1ccc(F)c(Cl)c1,3.73,experimental,,,carboxylate,,2026-06-26T10:28:19.795310+00:00
AvLiLuMoVe_testdata.sdf,8,CC(C)(C)[NH2+]CC(O)COc1ccccc1C1CCCC1,9.76,marvin,basic,4.0,secondary_ammonium,,2026-06-26T10:28:29.460140+00:00
AvLiLuMoVe_testdata.sdf,8,CC(C)(C)[NH2+]CC(O)COc1ccccc1C1CCCC1,9.92,experimental,,,secondary_ammonium,,2026-06-26T10:28:32.784740+00:00
AvLiLuMoVe_testdata.sdf,9,CC(C)(C)[NH2+]CC(O)COc1nsnc1N1CCOCC1,8.8,experimental,,,aniline,,2026-06-26T10:28:38.049447+00:00
AvLiLuMoVe_testdata.sdf,9,CC(C)(C)[NH2+]CC(O)COc1nsnc1N1CCOCC1,9.76,marvin,basic,4.0,secondary_ammonium,,2026-06-26T10:28:46.493388+00:00
AvLiLuMoVe_testdata.sdf,11,CC(C)n1c(/C=C/[C@H](O)C[C@H](O)CC(=O)[O-])c(-c2ccc(F)cc2)c2ccccc21,4.31,experimental,,,carboxylate,,2026-06-26T10:28:50.802190+00:00
AvLiLuMoVe_testdata.sdf,11,CC(C)n1c(/C=C/[C@H](O)C[C@H](O)CC(=O)[O-])c(-c2ccc(F)cc2)c2ccccc21,4.54,marvin,acidic,20.0,carboxylate,,2026-06-26T10:28:53.536231+00:00
AvLiLuMoVe_testdata.sdf,12,CC(Cc1ccc(C(C)(C)C)cc1)C[NH+]1CC(C)OC(C)C1,7.34,experimental,,,tertiary_ammonium,,2026-06-26T10:28:56.227680+00:00
AvLiLuMoVe_testdata.sdf,12,CC(Cc1ccc(C(C)(C)C)cc1)C[NH+]1CC(C)OC(C)C1,8.49,marvin,basic,3.0,tertiary_ammonium,,2026-06-26T10:28:58.305976+00:00
AvLiLuMoVe_testdata.sdf,13,CC/C(=C(/c1ccccc1)c1ccc(OCC[NH+](C)C)cc1)c1ccccc1,8.48,experimental,,,tertiary_ammonium,,2026-06-26T10:29:00.210387+00:00
AvLiLuMoVe_testdata.sdf,13,CC/C(=C(/c1ccccc1)c1ccc(OCC[NH+](C)C)cc1)c1ccccc1,8.76,marvin,basic,19.0,tertiary_ammonium,,2026-06-26T10:29:02.130831+00:00
AvLiLuMoVe_testdata.sdf,14,CC1(C)CC(=O)CC(C)(C)[NH2+]1,7.9,experimental,,,secondary_ammonium,,2026-06-26T10:29:04.554069+00:00
AvLiLuMoVe_testdata.sdf,14,CC1(C)CC(=O)CC(C)(C)[NH2+]1,8.5,marvin,basic,7.0,secondary_ammonium,,2026-06-26T10:29:06.657470+00:00
AvLiLuMoVe_testdata.sdf,17,CC1CCC([NH+]2CCN(c3ccccc3F)CC2)CC1,7.4,experimental,,,tertiary_ammonium,,2026-06-26T10:31:51.754956+00:00
AvLiLuMoVe_testdata.sdf,17,CC1CCC([NH+]2CCN(c3ccccc3F)CC2)CC1,8.47,marvin,basic,7.0,tertiary_ammonium,,2026-06-26T10:31:54.903938+00:00
AvLiLuMoVe_testdata.sdf,19,CC1CCc2cc(F)cc3c(=O)c(C(=O)[O-])cn1c23,5.81,marvin,acidic,17.0,carboxylate,,2026-06-26T10:31:58.126479+00:00
AvLiLuMoVe_testdata.sdf,19,CC1CCc2cc(F)cc3c(=O)c(C(=O)[O-])cn1c23,6.325,experimental,,,carboxylate,,2026-06-26T10:32:01.762987+00:00
AvLiLuMoVe_testdata.sdf,20,CCC(=O)OC(Cc1ccccc1)(c1ccccc1)C(C)C[NH+](C)C,9.06,experimental,,,tertiary_ammonium,,2026-06-26T10:32:04.206753+00:00
AvLiLuMoVe_testdata.sdf,20,CCC(=O)OC(Cc1ccccc1)(c1ccccc1)C(C)C[NH+](C)C,9.51,marvin,basic,22.0,tertiary_ammonium,,2026-06-26T10:32:06.495007+00:00
AvLiLuMoVe_testdata.sdf,21,CCC1OC(=O)CC(O)C(C)C(CC=O)(OC2OC(C)CC([NH+](C)C)C2O)CC(C)C(=O)/C=C\C(C)=C/C1C,8.83,experimental,,,tertiary_ammonium,,2026-06-26T10:32:13.884226+00:00
AvLiLuMoVe_testdata.sdf,21,CCC1OC(=O)CC(O)C(C)C(CC=O)(OC2OC(C)CC([NH+](C)C)C2O)CC(C)C(=O)/C=C\C(C)=C/C1C,8.89,marvin,basic,32.0,tertiary_ammonium,,2026-06-26T10:32:17.022608+00:00
AvLiLuMoVe_testdata.sdf,22,CCC1OC(=O)CC(O)CC(OC2OC(C)CC([NH+](C)C)C2O)C(CC=O)CC(C)C(=O)/C=C\C2OC2C1C,8.79,experimental,,,tertiary_ammonium,,2026-06-26T10:32:20.537332+00:00
AvLiLuMoVe_testdata.sdf,22,CCC1OC(=O)CC(O)CC(OC2OC(C)CC([NH+](C)C)C2O)C(CC=O)CC(C)C(=O)/C=C\C2OC2C1C,8.91,marvin,basic,30.0,tertiary_ammonium,,2026-06-26T10:32:24.093421+00:00
AvLiLuMoVe_testdata.sdf,23,CCCC(=O)Nc1ccc(OC[C@H](O)C[NH2+]C(C)C)c(C(C)=O)c1,9.52,experimental,,,amide_secondary,,2026-06-26T10:32:26.802562+00:00
AvLiLuMoVe_testdata.sdf,23,CCCC(=O)Nc1ccc(OC[C@H](O)C[NH2+]C(C)C)c(C(C)=O)c1,9.65,marvin,basic,19.0,secondary_ammonium,,2026-06-26T10:32:28.989742+00:00
AvLiLuMoVe_testdata.sdf,24,CCCC(=O)OC(CC(=O)[O-])C[N+](C)(C)C,3.56,experimental,,,carboxylate,,2026-06-26T10:32:31.503523+00:00
AvLiLuMoVe_testdata.sdf,24,CCCC(=O)OC(CC(=O)[O-])C[N+](C)(C)C,4.27,marvin,acidic,10.0,carboxylate,,2026-06-26T10:32:34.300108+00:00
AvLiLuMoVe_testdata.sdf,25,CCCCC1CC[NH+](CCCC(=O)c2ccccc2C)CC1,7.85,experimental,,,tertiary_ammonium,,2026-06-26T10:32:37.113138+00:00
AvLiLuMoVe_testdata.sdf,25,CCCCC1CC[NH+](CCCC(=O)c2ccccc2C)CC1,8.86,marvin,basic,7.0,tertiary_ammonium,,2026-06-26T10:32:39.152236+00:00
AvLiLuMoVe_testdata.sdf,26,CCCCCCCC(=O)OC(CC(=O)[O-])C[N+](C)(C)C,3.6,experimental,,,carboxylate,,2026-06-26T10:32:42.073431+00:00
AvLiLuMoVe_testdata.sdf,26,CCCCCCCC(=O)OC(CC(=O)[O-])C[N+](C)(C)C,4.22,marvin,acidic,14.0,carboxylate,,2026-06-26T10:32:44.401015+00:00
AvLiLuMoVe_testdata.sdf,27,CCCCCCCCCC(=O)OC(CC(=O)[O-])C[N+](C)(C)C,3.65,experimental,,,carboxylate,,2026-06-26T10:32:46.550193+00:00
AvLiLuMoVe_testdata.sdf,27,CCCCCCCCCC(=O)OC(CC(=O)[O-])C[N+](C)(C)C,4.22,marvin,acidic,16.0,carboxylate,,2026-06-26T10:32:49.216010+00:00
AvLiLuMoVe_testdata.sdf,28,CCCCC[C@H](O)/C=C/[C@H]1[C@H](C/C=C/CCCC(=O)[O-])C(=O)C[C@@H]1O,4.3,marvin,acidic,22.0,carboxylate,,2026-06-26T10:32:52.980281+00:00
AvLiLuMoVe_testdata.sdf,28,CCCCC[C@H](O)/C=C/[C@H]1[C@H](C/C=C/CCCC(=O)[O-])C(=O)C[C@@H]1O,4.77,experimental,,,carboxylate,,2026-06-26T10:32:56.592745+00:00
AvLiLuMoVe_testdata.sdf,29,CCCCC[C@H](O)/C=C/[C@H]1[C@H](CCCCCCC(=O)[O-])C(=O)C[C@@H]1O,4.35,marvin,acidic,22.0,carboxylate,,2026-06-26T10:32:59.160989+00:00
AvLiLuMoVe_testdata.sdf,29,CCCCC[C@H](O)/C=C/[C@H]1[C@H](CCCCCCC(=O)[O-])C(=O)C[C@@H]1O,4.87,experimental,,,carboxylate,,2026-06-26T10:33:03.296176+00:00
AvLiLuMoVe_testdata.sdf,30,CCCCOc1ccc(C(=O)CC[NH+]2CCCCC2)cc1,8.36,marvin,basic,15.0,tertiary_ammonium,,2026-06-26T10:33:06.164180+00:00
AvLiLuMoVe_testdata.sdf,30,CCCCOc1ccc(C(=O)CC[NH+]2CCCCC2)cc1,9.0,experimental,,,tertiary_ammonium,,2026-06-26T10:33:07.871564+00:00
AvLiLuMoVe_testdata.sdf,31,CCCOC(=O)NCCC[NH+](C)C,9.29,marvin,basic,10.0,tertiary_ammonium,,2026-06-26T10:33:09.321823+00:00
AvLiLuMoVe_testdata.sdf,31,CCCOC(=O)NCCC[NH+](C)C,9.48,experimental,,,tertiary_ammonium,,2026-06-26T10:33:12.631614+00:00
AvLiLuMoVe_testdata.sdf,32,CCC[C@@H]1C[C@@H](C(=O)NC(C(C)Cl)[C@H]2O[C@H](SC)[C@H](O)[C@@H](O)[C@H]2O)[NH+](C)C1,7.55,marvin,basic,6.0,tertiary_ammonium,,2026-06-26T10:33:17.040499+00:00
AvLiLuMoVe_testdata.sdf,32,CCC[C@@H]1C[C@@H](C(=O)NC(C(C)Cl)[C@H]2O[C@H](SC)[C@H](O)[C@@H](O)[C@H]2O)[NH+](C)C1,7.72,experimental,,,amide_secondary,,2026-06-26T10:33:19.621280+00:00
AvLiLuMoVe_testdata.sdf,33,CCN(C)C(=O)Oc1cccc(C(C)[NH+](C)C)c1,8.8,experimental,,,tertiary_ammonium,,2026-06-26T10:33:22.156926+00:00
AvLiLuMoVe_testdata.sdf,33,CCN(C)C(=O)Oc1cccc(C(C)[NH+](C)C)c1,8.8,marvin,basic,15.0,tertiary_ammonium,,2026-06-26T10:33:26.648280+00:00
AvLiLuMoVe_testdata.sdf,34,CCN(CC)C(=O)Nc1ccc(OCC(O)C[NH2+]C)c(C(C)=O)c1,9.48,marvin,basic,21.0,secondary_ammonium,,2026-06-26T10:33:29.922003+00:00
AvLiLuMoVe_testdata.sdf,34,CCN(CC)C(=O)Nc1ccc(OCC(O)C[NH2+]C)c(C(C)=O)c1,9.66,experimental,,,secondary_ammonium,,2026-06-26T10:33:35.191662+00:00
AvLiLuMoVe_testdata.sdf,35,CCOC(=O)C1=C[C@]2(CC)CCCN3CCc4c(n1c1ccccc41)[C@@H]32,6.87,marvin,basic,6.0,tertiary_amine,,2026-06-26T10:33:40.699256+00:00
AvLiLuMoVe_testdata.sdf,35,CCOC(=O)C1=C[C@]2(CC)CCCN3CCc4c(n1c1ccccc41)[C@@H]32,7.1,experimental,,,tertiary_amine,,2026-06-26T10:33:43.582569+00:00
AvLiLuMoVe_testdata.sdf,36,CCOC(=O)[C@@H]1CN(Cc2ccccc2)CC1C(F)(F)F,5.4,experimental,,,tertiary_amine,,2026-06-26T10:33:48.551229+00:00
AvLiLuMoVe_testdata.sdf,36,CCOC(=O)[C@@H]1CN(Cc2ccccc2)CC1C(F)(F)F,7.83,marvin,basic,7.0,tertiary_amine,,2026-06-26T10:33:51.353490+00:00
AvLiLuMoVe_testdata.sdf,37,CCOC(=O)[C@@H]1CN(Cc2ccccc2)C[C@@H]1C(F)(F)F,5.4,experimental,,,tertiary_amine,,2026-06-26T10:33:54.342851+00:00
AvLiLuMoVe_testdata.sdf,37,CCOC(=O)[C@@H]1CN(Cc2ccccc2)C[C@@H]1C(F)(F)F,7.83,marvin,basic,7.0,tertiary_amine,,2026-06-26T10:33:59.901078+00:00
AvLiLuMoVe_testdata.sdf,38,CC[NH+]1CCCC1CNC(=O)c1cc(S(=O)(=O)CC)c(N)cc1OC,8.27,marvin,basic,2.0,tertiary_ammonium,,2026-06-26T10:34:50.484790+00:00
AvLiLuMoVe_testdata.sdf,38,CC[NH+]1CCCC1CNC(=O)c1cc(S(=O)(=O)CC)c(N)cc1OC,9.3,experimental,,,tertiary_ammonium,,2026-06-26T10:34:58.976837+00:00
AvLiLuMoVe_testdata.sdf,40,CN1c2ccccc2C(=O)N(CC[NH+](C)C)c2ccccc21,8.22,marvin,basic,19.0,tertiary_ammonium,,2026-06-26T10:35:21.109139+00:00
AvLiLuMoVe_testdata.sdf,40,CN1c2ccccc2C(=O)N(CC[NH+](C)C)c2ccccc21,8.28,experimental,,,amide_tertiary,,2026-06-26T10:35:27.378114+00:00
AvLiLuMoVe_testdata.sdf,41,COC(=O)[C@@H]1C2CCC(C[C@@H]1OC(=O)c1ccccc1)[NH+]2C,8.7,experimental,,,tertiary_ammonium,,2026-06-26T10:35:30.840382+00:00
AvLiLuMoVe_testdata.sdf,41,COC(=O)[C@@H]1C2CCC(C[C@@H]1OC(=O)c1ccccc1)[NH+]2C,8.84,marvin,basic,1.0,tertiary_ammonium,,2026-06-26T10:35:47.200815+00:00
AvLiLuMoVe_testdata.sdf,42,COC(=O)[C@H]1[C@H]2CC[C@@H](C[C@@H]1O)[NH+]2C,8.15,experimental,,,tertiary_ammonium,,2026-06-26T10:35:50.091168+00:00
AvLiLuMoVe_testdata.sdf,42,COC(=O)[C@H]1[C@H]2CC[C@@H](C[C@@H]1O)[NH+]2C,9.04,marvin,basic,1.0,tertiary_ammonium,,2026-06-26T10:35:54.209035+00:00
AvLiLuMoVe_testdata.sdf,43,COC1C=CC(CN2C(=O)[C@H]3C([C@H]2CC(F)F)[C@@H]2CCCN2[C@H]3c2ccc(C#N)cc2)=CC1,6.0,experimental,,,tertiary_amine,,2026-06-26T10:36:01.227871+00:00
AvLiLuMoVe_testdata.sdf,43,COC1C=CC(CN2C(=O)[C@H]3C([C@H]2CC(F)F)[C@@H]2CCCN2[C@H]3c2ccc(C#N)cc2)=CC1,9.38,marvin,basic,16.0,tertiary_amine,,2026-06-26T10:36:30.567321+00:00
AvLiLuMoVe_testdata.sdf,44,COCCc1ccc(OC[C@H](O)C[NH2+]C(C)C)cc1,9.56,experimental,,,secondary_ammonium,,2026-06-26T10:37:37.220422+00:00
AvLiLuMoVe_testdata.sdf,44,COCCc1ccc(OC[C@H](O)C[NH2+]C(C)C)cc1,9.66,marvin,basic,3.0,secondary_ammonium,,2026-06-26T10:37:40.061231+00:00
AvLiLuMoVe_testdata.sdf,45,COc1cc(C[NH+]2CCC3(C=Cc4ccccc43)CC2)cc(OC)c1OC,8.4,experimental,,,tertiary_ammonium,,2026-06-26T10:37:42.756282+00:00
AvLiLuMoVe_testdata.sdf,45,COc1cc(C[NH+]2CCC3(C=Cc4ccccc43)CC2)cc(OC)c1OC,8.44,marvin,basic,13.0,tertiary_ammonium,,2026-06-26T10:37:44.696847+00:00
AvLiLuMoVe_testdata.sdf,46,COc1cc2c(cc1OC)[C@@]13CC[NH+]4CC5=CCOC6CC(=O)N2C1[C@@H]6[C@@H]5C[C@@H]43,8.28,experimental,,,tertiary_ammonium,,2026-06-26T10:37:47.461439+00:00
AvLiLuMoVe_testdata.sdf,46,COc1cc2c(cc1OC)[C@@]13CC[NH+]4CC5=CCOC6CC(=O)N2C1[C@@H]6[C@@H]5C[C@@H]43,8.84,marvin,basic,15.0,tertiary_ammonium,,2026-06-26T10:38:25.816401+00:00
AvLiLuMoVe_testdata.sdf,47,COc1ccc(C(=O)CCC(=O)[O-])cc1,3.63,marvin,acidic,14.0,carboxylate,,2026-06-26T10:38:28.172663+00:00
AvLiLuMoVe_testdata.sdf,47,COc1ccc(C(=O)CCC(=O)[O-])cc1,4.7,experimental,,,carboxylate,,2026-06-26T10:38:30.671628+00:00
AvLiLuMoVe_testdata.sdf,48,COc1ccc(C[C@H](C)[NH3+])cc1,9.99,experimental,,,primary_ammonium,,2026-06-26T10:38:32.763784+00:00
AvLiLuMoVe_testdata.sdf,48,COc1ccc(C[C@H](C)[NH3+])cc1,10.04,marvin,basic,11.0,primary_ammonium,,2026-06-26T10:38:35.355258+00:00
AvLiLuMoVe_testdata.sdf,49,COc1ccc(OC)c([C@H]([OH2+])[C@@H](C)[NH3+])c1,9.27,marvin,basic,14.0,primary_ammonium,,2026-06-26T10:38:38.053935+00:00
AvLiLuMoVe_testdata.sdf,49,COc1ccc(OC)c([C@H]([OH2+])[C@@H](C)[NH3+])c1,9.32,experimental,,,primary_ammonium,,2026-06-26T10:38:40.586308+00:00
AvLiLuMoVe_testdata.sdf,50,COc1ccc2[nH+]c(-c3ccccc3)cc(N)c2c1,7.67,marvin,basic,11.0,quinoline,,2026-06-26T10:39:12.295879+00:00
AvLiLuMoVe_testdata.sdf,50,COc1ccc2[nH+]c(-c3ccccc3)cc(N)c2c1,8.7,experimental,,,quinoline,,2026-06-26T10:39:15.924942+00:00
AvLiLuMoVe_testdata.sdf,51,COc1ccc2c3c1O[C@H]1[C@@H](O)C=CC4[C@@H](C2)[NH+](C)CC[C@@]341,8.22,experimental,,,tertiary_ammonium,,2026-06-26T10:39:17.895999+00:00
AvLiLuMoVe_testdata.sdf,51,COc1ccc2c3c1O[C@H]1[C@@H](O)C=CC4[C@@H](C2)[NH+](C)CC[C@@]341,9.19,marvin,basic,1.0,tertiary_ammonium,,2026-06-26T10:39:19.371142+00:00
AvLiLuMoVe_testdata.sdf,52,COc1ccc2c3c1O[C@H]1[C@@H](O)C=CC4[C@@H](C2)[NH2+]CC[C@@]341,9.23,experimental,,,secondary_ammonium,,2026-06-26T10:39:22.027959+00:00
AvLiLuMoVe_testdata.sdf,52,COc1ccc2c3c1O[C@H]1[C@@H](O)C=CC4[C@@H](C2)[NH2+]CC[C@@]341,10.06,marvin,basic,13.0,secondary_ammonium,,2026-06-26T10:39:24.730615+00:00
AvLiLuMoVe_testdata.sdf,53,COc1cccc(C[C@H](C)[NH3+])c1,9.86,experimental,,,primary_ammonium,,2026-06-26T10:39:26.554540+00:00
AvLiLuMoVe_testdata.sdf,53,COc1cccc(C[C@H](C)[NH3+])c1,9.99,marvin,basic,11.0,primary_ammonium,,2026-06-26T10:39:28.882027+00:00
AvLiLuMoVe_testdata.sdf,54,C[C@@H](O)C(=O)[O-],3.79,marvin,acidic,4.0,carboxylate,,2026-06-26T10:39:31.721692+00:00
AvLiLuMoVe_testdata.sdf,54,C[C@@H](O)C(=O)[O-],3.86,experimental,,,carboxylate,,2026-06-26T10:39:33.670716+00:00
AvLiLuMoVe_testdata.sdf,56,C[C@H](CCC(=O)[O-])C1CC[C@H]2C3[C@@H](O)C[C@@H]4C[C@H](O)CC[C@]4(C)[C@H]3CC[C@]12C,4.6,marvin,acidic,6.0,carboxylate,,2026-06-26T10:39:35.835470+00:00
AvLiLuMoVe_testdata.sdf,56,C[C@H](CCC(=O)[O-])C1CC[C@H]2C3[C@@H](O)C[C@@H]4C[C@H](O)CC[C@]4(C)[C@H]3CC[C@]12C,5.04,experimental,,,carboxylate,,2026-06-26T10:39:38.252070+00:00
AvLiLuMoVe_testdata.sdf,57,C[C@H](CCC(=O)[O-])C1CC[C@H]2C3[C@H](O)C[C@@H]4C[C@H](O)CC[C@]4(C)[C@H]3CC[C@]12C,4.6,marvin,acidic,6.0,carboxylate,,2026-06-26T10:39:40.603488+00:00
AvLiLuMoVe_testdata.sdf,57,C[C@H](CCC(=O)[O-])C1CC[C@H]2C3[C@H](O)C[C@@H]4C[C@H](O)CC[C@]4(C)[C@H]3CC[C@]12C,5.03,experimental,,,carboxylate,,2026-06-26T10:39:48.464708+00:00
AvLiLuMoVe_testdata.sdf,58,C[C@H](O)C(=O)[O-],3.79,marvin,acidic,4.0,carboxylate,,2026-06-26T10:39:50.473948+00:00
AvLiLuMoVe_testdata.sdf,58,C[C@H](O)C(=O)[O-],3.86,experimental,,,carboxylate,,2026-06-26T10:39:52.868237+00:00
AvLiLuMoVe_testdata.sdf,61,C[NH+](C)CC/C=C1\c2ccccc2COc2ccccc21,8.7,experimental,,,tertiary_ammonium,,2026-06-26T10:39:56.332634+00:00
AvLiLuMoVe_testdata.sdf,61,C[NH+](C)CC/C=C1\c2ccccc2COc2ccccc21,9.76,marvin,basic,1.0,tertiary_ammonium,,2026-06-26T10:39:57.789738+00:00
AvLiLuMoVe_testdata.sdf,62,C[NH+](C)CCCC#N,8.66,marvin,basic,1.0,tertiary_ammonium,,2026-06-26T10:39:59.453388+00:00
AvLiLuMoVe_testdata.sdf,62,C[NH+](C)CCCC#N,8.7,experimental,,,tertiary_ammonium,,2026-06-26T10:40:01.410513+00:00
AvLiLuMoVe_testdata.sdf,63,C[NH+](C)CCCCC#N,9.5,experimental,,,tertiary_ammonium,,2026-06-26T10:40:02.954321+00:00
AvLiLuMoVe_testdata.sdf,63,C[NH+](C)CCCCC#N,9.78,marvin,basic,1.0,tertiary_ammonium,,2026-06-26T10:40:04.269405+00:00
AvLiLuMoVe_testdata.sdf,64,C[NH+](C)CCCCS(=O)(=O)c1ccccc1,9.3,experimental,,,tertiary_ammonium,,2026-06-26T10:40:10.293006+00:00
AvLiLuMoVe_testdata.sdf,64,C[NH+](C)CCCCS(=O)(=O)c1ccccc1,9.5,marvin,basic,1.0,tertiary_ammonium,,2026-06-26T10:40:12.477475+00:00
AvLiLuMoVe_testdata.sdf,65,C[NH+](C)CCCCS(=O)c1ccccc1,9.4,experimental,,,tertiary_ammonium,,2026-06-26T10:40:14.936175+00:00
AvLiLuMoVe_testdata.sdf,65,C[NH+](C)CCCCS(=O)c1ccccc1,9.65,marvin,basic,1.0,tertiary_ammonium,,2026-06-26T10:40:16.881451+00:00
AvLiLuMoVe_testdata.sdf,66,C[NH+](C)CCCCSc1ccccc1,9.78,marvin,basic,1.0,tertiary_ammonium,,2026-06-26T10:40:18.826389+00:00
AvLiLuMoVe_testdata.sdf,66,C[NH+](C)CCCCSc1ccccc1,9.8,experimental,,,tertiary_ammonium,,2026-06-26T10:40:21.162460+00:00
AvLiLuMoVe_testdata.sdf,67,C[NH+](C)CCCNC(=O)c1ccccc1,9.29,marvin,basic,1.0,tertiary_ammonium,,2026-06-26T10:40:24.226831+00:00
AvLiLuMoVe_testdata.sdf,67,C[NH+](C)CCCNC(=O)c1ccccc1,9.3,experimental,,,tertiary_ammonium,,2026-06-26T10:40:26.277030+00:00
AvLiLuMoVe_testdata.sdf,68,C[NH+](C)CCCOc1nn(Cc2ccccc2)c2ccccc12,9.25,marvin,basic,1.0,tertiary_ammonium,,2026-06-26T10:40:28.126504+00:00
AvLiLuMoVe_testdata.sdf,68,C[NH+](C)CCCOc1nn(Cc2ccccc2)c2ccccc12,9.27,experimental,,,tertiary_ammonium,,2026-06-26T10:40:31.156567+00:00
AvLiLuMoVe_testdata.sdf,69,C[NH+](C)CCNC(=O)c1ccccc1,8.5,experimental,,,tertiary_ammonium,,2026-06-26T10:40:33.251783+00:00
AvLiLuMoVe_testdata.sdf,69,C[NH+](C)CCNC(=O)c1ccccc1,8.5,marvin,basic,1.0,tertiary_ammonium,,2026-06-26T10:40:35.220750+00:00
AvLiLuMoVe_testdata.sdf,70,C[NH+](C)CCOC1(c2ccccc2)CC2CCC1(C)C2(C)C,8.86,marvin,basic,17.0,tertiary_ammonium,,2026-06-26T10:40:36.459072+00:00
AvLiLuMoVe_testdata.sdf,70,C[NH+](C)CCOC1(c2ccccc2)CC2CCC1(C)C2(C)C,9.61,experimental,,,tertiary_ammonium,,2026-06-26T10:40:37.494502+00:00
AvLiLuMoVe_testdata.sdf,71,C[NH+]1[C@@H]2CC[C@H]1CC(O)C2,9.69,marvin,basic,1.0,tertiary_ammonium,,2026-06-26T10:40:38.541546+00:00
AvLiLuMoVe_testdata.sdf,71,C[NH+]1[C@@H]2CC[C@H]1CC(O)C2,10.195,experimental,,,tertiary_ammonium,,2026-06-26T10:40:39.993672+00:00
AvLiLuMoVe_testdata.sdf,72,C[NH+]1[C@@H]2CC[C@H]1CC(OC(=O)C(CO)c1ccccc1)C2,9.38,marvin,basic,1.0,tertiary_ammonium,,2026-06-26T10:40:42.030338+00:00
AvLiLuMoVe_testdata.sdf,72,C[NH+]1[C@@H]2CC[C@H]1CC(OC(=O)C(CO)c1ccccc1)C2,9.84,experimental,,,tertiary_ammonium,,2026-06-26T10:40:44.633016+00:00
AvLiLuMoVe_testdata.sdf,73,C[NH+]1[C@@H]2CC[C@H]1CC(OC(=O)[C@H](CO)c1ccccc1)C2,9.38,marvin,basic,1.0,tertiary_ammonium,,2026-06-26T10:40:46.478230+00:00
AvLiLuMoVe_testdata.sdf,73,C[NH+]1[C@@H]2CC[C@H]1CC(OC(=O)[C@H](CO)c1ccccc1)C2,9.84,experimental,,,tertiary_ammonium,,2026-06-26T10:40:49.034061+00:00
AvLiLuMoVe_testdata.sdf,75,C[NH2+]C(C)Cc1ccccc1OC,10.04,marvin,basic,11.0,secondary_ammonium,,2026-06-26T10:40:51.427368+00:00
AvLiLuMoVe_testdata.sdf,75,C[NH2+]C(C)Cc1ccccc1OC,10.45,experimental,,,secondary_ammonium,,2026-06-26T10:40:53.161986+00:00
AvLiLuMoVe_testdata.sdf,78,C[NH2+][C@H](C)[C@@H](O)c1ccccc1,9.52,marvin,basic,10.0,secondary_ammonium,,2026-06-26T10:40:55.217118+00:00
AvLiLuMoVe_testdata.sdf,78,C[NH2+][C@H](C)[C@@H](O)c1ccccc1,9.73,experimental,,,secondary_ammonium,,2026-06-26T10:40:57.347258+00:00
AvLiLuMoVe_testdata.sdf,79,Cc1c(Cl)cccc1-n1ncc(C(=O)Nc2nccs2)c1C1CC[NH2+]CC1,9.9,experimental,,,secondary_ammonium,,2026-06-26T10:41:02.505479+00:00
AvLiLuMoVe_testdata.sdf,79,Cc1c(Cl)cccc1-n1ncc(C(=O)Nc2nccs2)c1C1CC[NH2+]CC1,9.95,marvin,basic,24.0,secondary_ammonium,,2026-06-26T10:41:05.302313+00:00
AvLiLuMoVe_testdata.sdf,80,Cc1cc(=O)oc2cc(C3OC(C(=O)[O-])C(O)C(O)C3O)ccc12,2.82,experimental,,,carboxylate,,2026-06-26T10:41:07.631643+00:00
AvLiLuMoVe_testdata.sdf,80,Cc1cc(=O)oc2cc(C3OC(C(=O)[O-])C(O)C(O)C3O)ccc12,3.05,marvin,acidic,20.0,carboxylate,,2026-06-26T10:41:10.293914+00:00
AvLiLuMoVe_testdata.sdf,81,Cc1cc(Cl)ccc1O[C@H](C)C(=O)[O-],3.21,experimental,,,carboxylate,,2026-06-26T10:41:12.098294+00:00
AvLiLuMoVe_testdata.sdf,81,Cc1cc(Cl)ccc1O[C@H](C)C(=O)[O-],3.47,marvin,acidic,12.0,carboxylate,,2026-06-26T10:41:13.370136+00:00
AvLiLuMoVe_testdata.sdf,82,Cc1ccc(-n2ncc(C(=O)Nc3nccs3)c2C2CC[NH2+]CC2)cc1C,9.95,marvin,basic,24.0,secondary_ammonium,,2026-06-26T10:41:15.957041+00:00
AvLiLuMoVe_testdata.sdf,82,Cc1ccc(-n2ncc(C(=O)Nc3nccs3)c2C2CC[NH2+]CC2)cc1C,10.0,experimental,,,secondary_ammonium,,2026-06-26T10:41:19.496972+00:00
AvLiLuMoVe_testdata.sdf,83,Cc1ccc(C)c(N2CC[NH+](C3C4CC5CC(C4)CC3C5)CC2)c1,7.6,experimental,,,tertiary_ammonium,,2026-06-26T10:41:21.319927+00:00
AvLiLuMoVe_testdata.sdf,83,Cc1ccc(C)c(N2CC[NH+](C3C4CC5CC(C4)CC3C5)CC2)c1,9.73,marvin,basic,10.0,tertiary_ammonium,,2026-06-26T10:41:22.598117+00:00
AvLiLuMoVe_testdata.sdf,84,Cc1ccc(C)c(N2CC[NH+](C3CCC(C)C3)CC2)c1,7.5,experimental,,,tertiary_ammonium,,2026-06-26T10:41:24.010258+00:00
AvLiLuMoVe_testdata.sdf,84,Cc1ccc(C)c(N2CC[NH+](C3CCC(C)C3)CC2)c1,9.03,marvin,basic,10.0,tertiary_ammonium,,2026-06-26T10:41:25.988186+00:00
AvLiLuMoVe_testdata.sdf,85,Cc1ccc(C)c(N2CCN(C3CCCC(C)C3)CC2)c1,7.16,experimental,,,tertiary_amine,,2026-06-26T10:41:33.671246+00:00
AvLiLuMoVe_testdata.sdf,85,Cc1ccc(C)c(N2CCN(C3CCCC(C)C3)CC2)c1,9.25,marvin,basic,10.0,tertiary_amine,,2026-06-26T10:41:35.950483+00:00
AvLiLuMoVe_testdata.sdf,86,Cc1ccc(C)c(N2CC[NH+](C3CCCCCC3)CC2)c1,7.54,experimental,,,tertiary_ammonium,,2026-06-26T10:41:37.510649+00:00
AvLiLuMoVe_testdata.sdf,86,Cc1ccc(C)c(N2CC[NH+](C3CCCCCC3)CC2)c1,9.29,marvin,basic,10.0,tertiary_ammonium,,2026-06-26T10:41:38.878705+00:00
AvLiLuMoVe_testdata.sdf,87,Cc1cccc(-n2ncc(C(=O)Nc3nccs3)c2C2CC[NH2+]CC2)c1,9.95,marvin,basic,23.0,secondary_ammonium,,2026-06-26T10:41:40.626682+00:00
AvLiLuMoVe_testdata.sdf,87,Cc1cccc(-n2ncc(C(=O)Nc3nccs3)c2C2CC[NH2+]CC2)c1,10.0,experimental,,,secondary_ammonium,,2026-06-26T10:41:43.243433+00:00
AvLiLuMoVe_testdata.sdf,88,Cn1nnnc1SCC1CS[C@@H]2C(=NC(=O)[C@H](O)c3ccccc3)C(=O)N2C1C(=O)[O-],3.03,marvin,acidic,30.0,carboxylate,,2026-06-26T10:41:46.443486+00:00
AvLiLuMoVe_testdata.sdf,88,Cn1nnnc1SCC1CS[C@@H]2C(=NC(=O)[C@H](O)c3ccccc3)C(=O)N2C1C(=O)[O-],3.4,experimental,,,carboxylate,,2026-06-26T10:41:49.710194+00:00
AvLiLuMoVe_testdata.sdf,89,FC(F)(F)c1cccc(N2CC[NH+](C3C4CC5CC(C4)CC3C5)CC2)c1,7.45,experimental,,,tertiary_ammonium,,2026-06-26T10:41:53.615340+00:00
AvLiLuMoVe_testdata.sdf,89,FC(F)(F)c1cccc(N2CC[NH+](C3C4CC5CC(C4)CC3C5)CC2)c1,9.65,marvin,basic,9.0,tertiary_ammonium,,2026-06-26T10:41:54.987065+00:00
AvLiLuMoVe_testdata.sdf,94,N#CC1CC(F)CN1,4.0,experimental,,,secondary_amine,,2026-06-26T10:41:58.416275+00:00
AvLiLuMoVe_testdata.sdf,94,N#CC1CC(F)CN1,5.09,marvin,basic,3.0,secondary_amine,,2026-06-26T10:41:59.989312+00:00
AvLiLuMoVe_testdata.sdf,95,N#Cc1ccc([C@H]2[C@H]3C(O)N(Cc4ccc(F)cc4)C(=O)[C@H]3[C@@H]3CC(F)(F)CN32)cc1,2.0,experimental,,,tertiary_amine,,2026-06-26T10:42:06.309456+00:00
AvLiLuMoVe_testdata.sdf,95,N#Cc1ccc([C@H]2[C@H]3C(O)N(Cc4ccc(F)cc4)C(=O)[C@H]3[C@@H]3CC(F)(F)CN32)cc1,5.95,marvin,basic,11.0,tertiary_amine,,2026-06-26T10:42:08.580453+00:00
AvLiLuMoVe_testdata.sdf,96,N#Cc1ccc2c(c1)N(CCCC[NH+]1CCC(O)CC1)c1ccccc1S2,8.76,experimental,,,tertiary_ammonium,,2026-06-26T10:42:11.493572+00:00
AvLiLuMoVe_testdata.sdf,96,N#Cc1ccc2c(c1)N(CCCC[NH+]1CCC(O)CC1)c1ccccc1S2,9.17,marvin,basic,20.0,tertiary_ammonium,,2026-06-26T10:42:14.031699+00:00
AvLiLuMoVe_testdata.sdf,97,[NH3+]CCS(=O)(=O)c1ccccc1,7.8,experimental,,,primary_ammonium,,2026-06-26T10:42:16.211443+00:00
AvLiLuMoVe_testdata.sdf,97,[NH3+]CCS(=O)(=O)c1ccccc1,8.13,marvin,basic,11.0,primary_ammonium,,2026-06-26T10:42:18.242971+00:00
AvLiLuMoVe_testdata.sdf,98,Nc1c2c([nH+]c3ccccc13)-c1ccccc1CC2,7.69,marvin,basic,10.0,quinoline,,2026-06-26T10:42:22.244416+00:00
AvLiLuMoVe_testdata.sdf,98,Nc1c2c([nH+]c3ccccc13)-c1ccccc1CC2,8.1,experimental,,,quinoline,,2026-06-26T10:42:23.753875+00:00
AvLiLuMoVe_testdata.sdf,99,Nc1cc(-c2ccccc2)[nH+]c2ccc(Br)cc12,6.74,marvin,basic,15.0,quinoline,,2026-06-26T10:42:26.262426+00:00
AvLiLuMoVe_testdata.sdf,99,Nc1cc(-c2ccccc2)[nH+]c2ccc(Br)cc12,7.4,experimental,,,quinoline,,2026-06-26T10:42:27.931873+00:00
AvLiLuMoVe_testdata.sdf,100,Nc1cc(-c2ccccc2)[nH+]c2ccc(Cl)cc12,6.72,marvin,basic,15.0,quinoline,,2026-06-26T10:42:29.257049+00:00
AvLiLuMoVe_testdata.sdf,100,Nc1cc(-c2ccccc2)[nH+]c2ccc(Cl)cc12,7.4,experimental,,,quinoline,,2026-06-26T10:42:37.224212+00:00
AvLiLuMoVe_testdata.sdf,101,O=C(CCC[NH+]1CC=C(n2c(=O)[nH]c3ccccc32)CC1)c1ccc(F)cc1,6.75,marvin,basic,13.0,tertiary_ammonium,,2026-06-26T10:42:38.715946+00:00
AvLiLuMoVe_testdata.sdf,101,O=C(CCC[NH+]1CC=C(n2c(=O)[nH]c3ccccc32)CC1)c1ccc(F)cc1,7.6,experimental,,,tertiary_ammonium,,2026-06-26T10:42:41.345402+00:00
AvLiLuMoVe_testdata.sdf,102,O=C(N[C@H]1CCCC[C@H]1C(=O)[O-])c1ccccc1,3.3,experimental,,,carboxylate,,2026-06-26T10:42:43.455312+00:00
AvLiLuMoVe_testdata.sdf,102,O=C(N[C@H]1CCCC[C@H]1C(=O)[O-])c1ccccc1,4.26,marvin,acidic,17.0,carboxylate,,2026-06-26T10:42:45.264234+00:00
AvLiLuMoVe_testdata.sdf,103,O=C([O-])COc1ccc(Cl)cc1Cl,2.64,experimental,,,carboxylate,,2026-06-26T10:42:46.797990+00:00
AvLiLuMoVe_testdata.sdf,103,O=C([O-])COc1ccc(Cl)cc1Cl,2.81,marvin,acidic,12.0,carboxylate,,2026-06-26T10:42:47.936591+00:00
AvLiLuMoVe_testdata.sdf,104,O=C([O-])[C@H](O)[C@@H](O)[C@H](O)[C@H](O)CO,3.39,marvin,acidic,7.0,carboxylate,,2026-06-26T10:42:49.443962+00:00
AvLiLuMoVe_testdata.sdf,104,O=C([O-])[C@H](O)[C@@H](O)[C@H](O)[C@H](O)CO,3.62,experimental,,,carboxylate,,2026-06-26T10:42:52.845169+00:00
AvLiLuMoVe_testdata.sdf,105,O=C([O-])c1ccccc1-c1ncc(-c2ccccc2)o1,2.9,experimental,,,carboxylate,,2026-06-26T10:42:55.255963+00:00
AvLiLuMoVe_testdata.sdf,105,O=C([O-])c1ccccc1-c1ncc(-c2ccccc2)o1,3.04,marvin,acidic,19.0,carboxylate,,2026-06-26T10:42:57.041721+00:00
AvLiLuMoVe_testdata.sdf,106,O=C([O-])c1ccccc1C(=O)Nc1nc(-c2ccccc2)cs1,2.9,marvin,acidic,22.0,carboxylate,,2026-06-26T10:42:58.563109+00:00
AvLiLuMoVe_testdata.sdf,106,O=C([O-])c1ccccc1C(=O)Nc1nc(-c2ccccc2)cs1,3.4,experimental,,,carboxylate,,2026-06-26T10:43:00.490190+00:00
AvLiLuMoVe_testdata.sdf,107,O=C([O-])c1ccccc1Nc1cccc(C(F)(F)F)c1,3.88,marvin,acidic,8.0,carboxylate,,2026-06-26T10:43:02.450786+00:00
AvLiLuMoVe_testdata.sdf,107,O=C([O-])c1ccccc1Nc1cccc(C(F)(F)F)c1,4.09,experimental,,,carboxylate,,2026-06-26T10:43:03.663384+00:00
AvLiLuMoVe_testdata.sdf,108,O=C([O-])c1nc(Cl)ccc1Cl,2.32,experimental,,,carboxylate,,2026-06-26T10:43:05.602687+00:00
AvLiLuMoVe_testdata.sdf,108,O=C([O-])c1nc(Cl)ccc1Cl,3.09,marvin,acidic,9.0,carboxylate,,2026-06-26T10:43:07.119031+00:00
AvLiLuMoVe_testdata.sdf,109,O=C1CCCN1CC#CC[NH+]1CCCC1,8.18,marvin,basic,3.0,tertiary_ammonium,,2026-06-26T10:43:09.755818+00:00
AvLiLuMoVe_testdata.sdf,109,O=C1CCCN1CC#CC[NH+]1CCCC1,8.4,experimental,,,tertiary_ammonium,,2026-06-26T10:43:12.918122+00:00
AvLiLuMoVe_testdata.sdf,110,O=C1C[C@@H]2OCC=C3C[NH+]4CC[C@]56c7ccccc7N1[C@H]5C2[C@H]3C[C@H]46,8.26,experimental,,,tertiary_ammonium,,2026-06-26T10:43:15.217448+00:00
AvLiLuMoVe_testdata.sdf,110,O=C1C[C@@H]2OCC=C3C[NH+]4CC[C@]56c7ccccc7N1[C@H]5C2[C@H]3C[C@H]46,9.27,marvin,basic,9.0,tertiary_ammonium,,2026-06-26T10:43:17.324073+00:00
AvLiLuMoVe_testdata.sdf,111,O=S1(=O)CCNCC1,5.27,marvin,basic,7.0,secondary_amine,,2026-06-26T10:43:20.756955+00:00
AvLiLuMoVe_testdata.sdf,111,O=S1(=O)CCNCC1,5.4,experimental,,,secondary_amine,,2026-06-26T10:43:22.171842+00:00
AvLiLuMoVe_testdata.sdf,112,[NH3+]C(CO)(CO)CO,8.08,experimental,,,primary_ammonium,,2026-06-26T10:43:23.953949+00:00
AvLiLuMoVe_testdata.sdf,112,[NH3+]C(CO)(CO)CO,8.95,marvin,basic,6.0,primary_ammonium,,2026-06-26T10:43:25.389103+00:00
AvLiLuMoVe_testdata.sdf,113,[NH3+]CCCCCS(=O)(=O)c1ccccc1,10.13,marvin,basic,14.0,primary_ammonium,,2026-06-26T10:43:26.807309+00:00
AvLiLuMoVe_testdata.sdf,113,[NH3+]CCCCCS(=O)(=O)c1ccccc1,10.4,experimental,,,primary_ammonium,,2026-06-26T10:43:33.216612+00:00
AvLiLuMoVe_testdata.sdf,114,[NH3+]CCCCCSc1ccccc1,10.2,marvin,basic,12.0,primary_ammonium,,2026-06-26T10:43:35.217338+00:00
AvLiLuMoVe_testdata.sdf,114,[NH3+]CCCCCSc1ccccc1,10.5,experimental,,,primary_ammonium,,2026-06-26T10:43:37.245527+00:00
AvLiLuMoVe_testdata.sdf,115,[NH3+]CCCCS(=O)(=O)c1ccccc1,10.0,experimental,,,primary_ammonium,,2026-06-26T10:43:38.392556+00:00
AvLiLuMoVe_testdata.sdf,115,[NH3+]CCCCS(=O)(=O)c1ccccc1,10.12,marvin,basic,13.0,primary_ammonium,,2026-06-26T10:43:40.043725+00:00
AvLiLuMoVe_testdata.sdf,116,[NH3+]CCCCSc1ccccc1,10.2,marvin,basic,11.0,primary_ammonium,,2026-06-26T10:43:41.538803+00:00
AvLiLuMoVe_testdata.sdf,116,[NH3+]CCCCSc1ccccc1,10.4,experimental,,,primary_ammonium,,2026-06-26T10:43:43.284169+00:00
AvLiLuMoVe_testdata.sdf,117,[NH3+]CCCS(=O)(=O)c1ccccc1,9.2,experimental,,,primary_ammonium,,2026-06-26T10:43:44.514986+00:00
AvLiLuMoVe_testdata.sdf,117,[NH3+]CCCS(=O)(=O)c1ccccc1,9.36,marvin,basic,12.0,primary_ammonium,,2026-06-26T10:43:46.463638+00:00
AvLiLuMoVe_testdata.sdf,118,[NH3+]CCCSc1ccccc1,9.9,experimental,,,primary_ammonium,,2026-06-26T10:43:48.599973+00:00
AvLiLuMoVe_testdata.sdf,118,[NH3+]CCCSc1ccccc1,10.18,marvin,basic,10.0,primary_ammonium,,2026-06-26T10:43:50.068082+00:00
AvLiLuMoVe_testdata.sdf,119,[NH3+]CCSc1ccccc1,9.0,experimental,,,primary_ammonium,,2026-06-26T10:43:52.821893+00:00
AvLiLuMoVe_testdata.sdf,119,[NH3+]CCSc1ccccc1,9.5,marvin,basic,9.0,primary_ammonium,,2026-06-26T10:43:54.599673+00:00
AvLiLuMoVe_testdata.sdf,120,[NH3+]Cc1cc(-c2ccccc2)nc2ccccc12,8.37,experimental,,,primary_ammonium,,2026-06-26T10:43:57.076246+00:00
AvLiLuMoVe_testdata.sdf,120,[NH3+]Cc1cc(-c2ccccc2)nc2ccccc12,9.32,marvin,basic,17.0,primary_ammonium,,2026-06-26T10:43:58.878255+00:00
AvLiLuMoVe_testdata.sdf,121,c1ccc(N2CC[NH2+]CC2)cc1,8.88,marvin,basic,9.0,secondary_ammonium,,2026-06-26T10:44:00.083142+00:00
AvLiLuMoVe_testdata.sdf,121,c1ccc(N2CC[NH2+]CC2)cc1,9.0,experimental,,,secondary_ammonium,,2026-06-26T10:44:01.368903+00:00
AvLiLuMoVe_testdata.sdf,122,c1cnc(N2CC[NH2+]CC2)nc1,8.69,marvin,basic,9.0,secondary_ammonium,,2026-06-26T10:44:02.810454+00:00
AvLiLuMoVe_testdata.sdf,122,c1cnc(N2CC[NH2+]CC2)nc1,8.9,experimental,,,secondary_ammonium,,2026-06-26T10:44:05.188846+00:00
FIXED_chembl26.sdf,0,Cl.Cn1nnc(O)c1CC(N)C(=O)[O-],6.42,experimental,,,carboxylate,,2026-06-26T10:47:53.892605+00:00
FIXED_chembl26.sdf,1,Cl.Cn1nc(O)c(CC(N)C(=O)[O-])n1,6.11,experimental,,,carboxylate,,2026-06-26T10:47:55.388931+00:00
FIXED_chembl26.sdf,2,N[C@@H](CCC(=O)O)C(=O)[O-],4.2,experimental,,,carboxylate,,2026-06-26T10:47:58.893656+00:00
FIXED_chembl26.sdf,3,N[C@@H](CCC(=O)O)C(=O)[O-],2.2,experimental,,,carboxylate,,2026-06-26T10:48:00.211316+00:00
FIXED_chembl26.sdf,4,N[C@@H](CCC(=O)O)C(=O)[O-],4.3,experimental,,,carboxylate,,2026-06-26T10:48:01.350006+00:00
FIXED_chembl26.sdf,5,N[C@@H](CCC(=O)O)C(=O)[O-],3.2,experimental,,,carboxylate,,2026-06-26T10:48:02.632933+00:00
FIXED_chembl26.sdf,6,[NH3+][C@@H](CCC(=O)O)C(=O)O,9.7,experimental,,,primary_ammonium,,2026-06-26T10:48:37.763974+00:00
FIXED_chembl26.sdf,7,CCOC(=O)c1nonc1[O-],3.24,experimental,,,phenolate,,2026-06-26T10:48:43.749373+00:00
FIXED_chembl26.sdf,8,CCOC(=O)c1nsnc1[O-],4.21,experimental,,,phenolate,,2026-06-26T10:48:46.037160+00:00
FIXED_chembl26.sdf,9,CCOC(=O)c1cn(C)nc1[O-],6.71,experimental,,,phenolate,,2026-06-26T10:48:48.844666+00:00
FIXED_chembl26.sdf,10,CCOC(=O)c1c([O-])nnn1Cc1ccccc1,5.38,experimental,,,phenolate,,2026-06-26T10:48:50.520960+00:00
FIXED_chembl26.sdf,11,CCOC(=O)c1nn(Cc2ccccc2)nc1[O-],5.14,experimental,,,phenolate,,2026-06-26T10:48:51.811221+00:00
FIXED_chembl26.sdf,12,CCOC(=O)c1nnn(Cc2ccccc2)c1[O-],6.22,experimental,,,phenolate,,2026-06-26T10:48:52.938447+00:00
FIXED_chembl26.sdf,13,CCOC(=O)c1c([O-])nnn1C,5.54,experimental,,,phenolate,,2026-06-26T10:48:55.010148+00:00
FIXED_chembl26.sdf,14,CCOC(=O)c1nn(C)nc1[O-],5.14,experimental,,,phenolate,,2026-06-26T10:48:56.072588+00:00
FIXED_chembl26.sdf,15,CCOC(=O)c1nnn(C)c1[O-],6.21,experimental,,,phenolate,,2026-06-26T10:48:57.140613+00:00
FIXED_chembl26.sdf,16,Cc1onc(O)c1CC(N)C(=O)[O-],4.8,experimental,,,carboxylate,,2026-06-26T10:49:00.775858+00:00
FIXED_chembl26.sdf,17,Cc1onc(O)c1CC(N)C(=O)[O-],2.1,experimental,,,carboxylate,,2026-06-26T10:49:02.241452+00:00
FIXED_chembl26.sdf,18,Cc1onc(O)c1CC(N)C(=O)[O-],5.12,experimental,,,carboxylate,,2026-06-26T10:49:03.558708+00:00
FIXED_chembl26.sdf,20,Cc1onc(O)c1CC(N)C(=O)[O-],5.2,experimental,,,carboxylate,,2026-06-26T10:49:04.833533+00:00
FIXED_chembl26.sdf,21,Cc1onc(O)c1CC(N)C(=O)[O-],1.94,experimental,,,carboxylate,,2026-06-26T10:49:06.117273+00:00
FIXED_chembl26.sdf,22,Cc1onc(O)c1CC(N)C(=O)[O-],2.5,experimental,,,carboxylate,,2026-06-26T10:49:07.335850+00:00
FIXED_chembl26.sdf,23,Cc1onc(O)c1CC([NH3+])C(=O)O,10.1,experimental,,,carboxylic_acid,,2026-06-26T10:49:08.758636+00:00
FIXED_chembl26.sdf,25,Cc1onc(O)c1CC([NH3+])C(=O)O,10.0,experimental,,,carboxylic_acid,,2026-06-26T10:49:10.253237+00:00
FIXED_chembl26.sdf,26,CNc1ncc2cc(-c3cc(NC(=O)NCCC(C)(C)C)c(F)cc3C)c(C)nc2n1,4.52,experimental,,,pyridine,,2026-06-26T10:49:30.328806+00:00
FIXED_chembl26.sdf,29,N#CNC(=N)N,-0.4,experimental,,,guanidine,,2026-06-26T10:50:05.929426+00:00
FIXED_chembl26.sdf,34,N=C(N)N[N+](=O)[O-],-0.9,experimental,,,guanidine,,2026-06-26T10:50:18.868427+00:00
FIXED_chembl26.sdf,35,Nc1n[nH]c(-c2cc[nH+]cc2)n1,9.5,experimental,,,124triazole_acidity,Reassigned from pyridinium to the neutral 1 2 4-triazole N-H to triazolate transition,2026-09-16T00:00:00+00:00,
FIXED_chembl26.sdf,36,Nc1n[nH]c(-c2ccncc2)n1,4.74,experimental,,,124triazole,,2026-06-26T10:50:42.160444+00:00
FIXED_chembl26.sdf,37,Nc1n[nH]c(-c2ccncc2)n1,2.38,experimental,,,124triazole,,2026-06-26T10:50:45.379500+00:00
FIXED_chembl26.sdf,38,Nc1nc(-c2cc[nH+]c(N)c2)n[nH]1,9.56,experimental,,,pyridinium,,2026-06-26T10:50:49.136397+00:00
FIXED_chembl26.sdf,39,Nc1cc(-c2n[nH]c(N)n2)ccn1,6.13,experimental,,,pyridine,,2026-06-26T10:50:51.633712+00:00
FIXED_chembl26.sdf,40,Nc1cc(-c2n[nH]c(N)n2)ccn1,2.36,experimental,,,124triazole,,2026-06-26T10:50:56.488939+00:00
FIXED_chembl26.sdf,41,CN/C(=N/CCSCc1nc[nH]c1C)NC#N,7.02,experimental,,,imidazole,,2026-06-26T10:50:59.576330+00:00
FIXED_chembl26.sdf,42,CN/C(=N/CCSCc1nc[nH]c1C)NC#N,6.8,experimental,,,imidazole,,2026-06-26T10:51:00.807300+00:00
FIXED_chembl26.sdf,44,CN/C(=N/CCSCc1nc[nH]c1C)NC#N,-0.4,experimental,,,imidazole,,2026-06-26T10:51:01.930040+00:00
FIXED_chembl26.sdf,45,CN/C(=N/CCSCc1nc[nH]c1C)NC#N,6.4,experimental,,,imidazole,,2026-06-26T10:51:05.492549+00:00
FIXED_chembl26.sdf,46,CN/C(=N/CCSCc1nc[nH]c1C)NC#N,6.97,experimental,,,imidazole,,2026-06-26T10:51:07.431224+00:00
FIXED_chembl26.sdf,47,CN/C(=N/CCSCc1nc[nH]c1C)NC#N,7.0,experimental,,,imidazole,,2026-06-26T10:51:08.943099+00:00
FIXED_chembl26.sdf,52,CN/C(=N/CCSCc1nc[nH]c1C)NC#N,6.76,experimental,,,imidazole,,2026-06-26T10:51:10.351220+00:00
FIXED_chembl26.sdf,53,CCNc1cc(-c2n[nH]c(N)n2)cc[nH+]1,9.7,experimental,,,pyridinium,,2026-06-26T10:51:12.252908+00:00
FIXED_chembl26.sdf,54,CCNc1cc(-c2n[nH]c(N)n2)ccn1,6.48,experimental,,,pyridine,,2026-06-26T10:51:17.654628+00:00
FIXED_chembl26.sdf,55,CCNc1cc(-c2n[nH]c(N)n2)ccn1,2.49,experimental,,,124triazole,,2026-06-26T10:51:20.742188+00:00
FIXED_chembl26.sdf,56,CN(Cc1cnc2nc(N)nc(N)c2n1)c1ccc(C(=O)N[C@@H](CCC(=O)[O-])C(=O)O)cc1,5.5,experimental,,,carboxylate,,2026-06-26T10:51:23.163419+00:00
FIXED_chembl26.sdf,57,CN(Cc1cnc2nc(N)nc(N)c2n1)c1ccc(C(=O)N[C@@H](CCC(=O)[O-])C(=O)O)cc1,5.6,experimental,,,carboxylate,,2026-06-26T10:51:25.393218+00:00
FIXED_chembl26.sdf,58,CN(Cc1cnc2nc(N)nc(N)c2n1)c1ccc(C(=O)N[C@@H](CCC(=O)[O-])C(=O)O)cc1,5.4,experimental,,,carboxylate,,2026-06-26T10:51:27.267454+00:00
FIXED_chembl26.sdf,59,CN(Cc1cnc2nc(N)nc(N)c2n1)c1ccc(C(=O)N[C@@H](CCC(=O)[O-])C(=O)O)cc1,3.1,experimental,,,carboxylate,,2026-06-26T10:51:29.125130+00:00
FIXED_chembl26.sdf,60,CN(Cc1cnc2nc(N)nc(N)c2n1)c1ccc(C(=O)N[C@@H](CCC(=O)[O-])C(=O)O)cc1,3.8,experimental,,,carboxylate,,2026-06-26T10:51:39.211580+00:00
FIXED_chembl26.sdf,61,CN(Cc1cnc2nc(N)nc(N)c2n1)c1ccc(C(=O)N[C@@H](CCC(=O)[O-])C(=O)O)cc1,4.7,experimental,,,carboxylate,,2026-06-26T10:51:40.343473+00:00
FIXED_chembl26.sdf,62,CN(Cc1cnc2nc(N)nc(N)c2n1)c1ccc(C(=O)N[C@@H](CCC(=O)[O-])C(=O)O)cc1,3.36,experimental,,,carboxylate,,2026-06-26T10:51:41.443991+00:00
FIXED_chembl26.sdf,63,CN(Cc1cnc2nc(N)c(Br)c(N)c2n1)c1ccc(C(=O)N[C@@H](CCC(=O)[O-])C(=O)O)cc1,5.1,experimental,,,carboxylate,,2026-06-26T10:51:43.219679+00:00
FIXED_chembl26.sdf,64,CN(Cc1cnc2nc(N)c([N+](=O)[O-])c(N)c2n1)c1ccc(C(=O)N[C@@H](CCC(=O)[O-])C(=O)O)cc1,4.3,experimental,,,carboxylate,,2026-06-26T10:51:44.753328+00:00
FIXED_chembl26.sdf,65,CC#Cc1cncc(-c2cc(Cl)c([C@]3(C)CC(=O)N(C)C(=[NH2+])N3)s2)c1,7.5,experimental,,,guanidinium,,2026-06-26T10:51:49.672394+00:00
FIXED_chembl26.sdf,66,O=c1[nH]c(=O)n(C[C@@H]2C3CCC(CC3)[C@H]2Nc2nc(-c3c[nH]c4ncc(F)cc34)ncc2F)o1,5.2,experimental,,,hydroxy-1234riazine,,2026-06-26T10:52:16.904400+00:00
FIXED_chembl26.sdf,67,Cc1cc(=O)c2c(O)cc(O)c([C@H]3CCN(C)C[C@H]3O)c2o1,5.83,experimental,,,tertiary_amine,,2026-06-26T10:52:21.378031+00:00
FIXED_chembl26.sdf,68,CN1CC[C@H](c2c(O)cc(O)c3c(=O)cc(-c4ccccc4Cl)oc23)[C@H](O)C1,5.56,experimental,,,tertiary_amine,,2026-06-26T10:52:22.741521+00:00
FIXED_chembl26.sdf,69,CN1CC[C@H](c2c(O)cc(O)c3c(=O)cc(-c4ccccc4Cl)oc23)[C@H](O)C1,5.68,experimental,,,tertiary_amine,,2026-06-26T10:52:24.309717+00:00
FIXED_chembl26.sdf,70,N[C@@H](Cc1ccccc1)C(=O)NCCC[C@H](N)C(=O)Nc1ccc(C#Cc2c(F)c(F)nc(F)c2F)cc1,7.2,experimental,,,pyridine,,2026-06-26T10:52:27.451688+00:00
FIXED_chembl26.sdf,71,N[C@@H](Cc1ccccc1)C(=O)NCCC[C@H](N)C(=O)Nc1ccc(C#Cc2c(F)c(F)nc(F)c2F)cc1,7.1,experimental,,,pyridine,,2026-06-26T10:52:28.712494+00:00
FIXED_chembl26.sdf,73,C[C@H](N)C(=O)NCCC[C@H](N)C(=O)Nc1ccc(C#Cc2c(F)c(F)nc(F)c2F)cc1,7.0,experimental,,,pyridine,,2026-06-26T10:52:29.911709+00:00
FIXED_chembl26.sdf,74,C[C@H](N)C(=O)NCCC[C@H](N)C(=O)Nc1ccc(C#Cc2c(F)c(F)nc(F)c2F)cc1,6.6,experimental,,,pyridine,,2026-06-26T10:52:31.274865+00:00
FIXED_chembl26.sdf,75,C[C@H]([NH3+])C(=O)NCCC[C@H](N)C(=O)Nc1ccc(C#Cc2c(F)c(F)nc(F)c2F)cc1,7.8,experimental,,,pyridine,,2026-06-26T10:52:32.292023+00:00
FIXED_chembl26.sdf,76,NCC(=O)NCCC[C@H](N)C(=O)Nc1ccc(C#Cc2c(F)c(F)nc(F)c2F)cc1,7.2,experimental,,,pyridine,,2026-06-26T10:52:33.313046+00:00
FIXED_chembl26.sdf,77,NCC(=O)NCCC[C@H](N)C(=O)Nc1ccc(C#Cc2c(F)c(F)nc(F)c2F)cc1,7.0,experimental,,,pyridine,,2026-06-26T10:52:34.400685+00:00
FIXED_chembl26.sdf,78,N[C@@H](CCCNC(=O)C[NH3+])C(=O)Nc1ccc(C#Cc2c(F)c(F)nc(F)c2F)cc1,7.7,experimental,,,pyridine,,2026-06-26T10:52:35.545374+00:00
FIXED_chembl26.sdf,79,N[C@@H](Cc1ccccc1)C(=O)NCCCC[C@H](N)C(=O)Nc1ccc(C#Cc2c(F)c(F)nc(F)c2F)cc1,6.6,experimental,,,pyridine,,2026-06-26T10:52:36.585522+00:00
FIXED_chembl26.sdf,80,N[C@@H](Cc1ccccc1)C(=O)NCCCC[C@H](N)C(=O)Nc1ccc(C#Cc2c(F)c(F)nc(F)c2F)cc1,7.3,experimental,,,pyridine,,2026-06-26T10:52:37.688934+00:00
FIXED_chembl26.sdf,81,N[C@@H](Cc1ccccc1)C(=O)NCCCC[C@H](N)C(=O)Nc1ccc(C#Cc2c(F)c(F)nc(F)c2F)cc1,6.7,experimental,,,pyridine,,2026-06-26T10:52:38.839654+00:00
FIXED_chembl26.sdf,82,C[C@H](N)C(=O)NCCCC[C@H](N)C(=O)Nc1ccc(C#Cc2c(F)c(F)nc(F)c2F)cc1,7.3,experimental,,,pyridine,,2026-06-26T10:52:39.948191+00:00
FIXED_chembl26.sdf,84,C[C@H](N)C(=O)NCCCC[C@H](N)C(=O)Nc1ccc(C#Cc2c(F)c(F)nc(F)c2F)cc1,7.4,experimental,,,pyridine,,2026-06-26T10:52:40.903706+00:00
FIXED_chembl26.sdf,85,Cc1cc(C)nc(Nc2cc(N[C@@H]3CCCC[C@@H]3N)c[nH+]c2C(N)=O)c1,9.0,experimental,,,pyridinium,,2026-06-26T10:52:43.695104+00:00
FIXED_chembl26.sdf,86,Cc1cc(C)nc(Nc2cc(NC[C@@H](N)C(F)(F)F)cnc2C(N)=O)c1,5.1,experimental,,,primary_amine,,2026-06-26T10:53:09.707058+00:00
FIXED_chembl26.sdf,87,Cc1cc(C)nc(Nc2cc(NCC3(N)CC3)c[nH+]c2C(N)=O)c1,7.9,experimental,,,pyridinium,,2026-06-26T10:53:14.251761+00:00
FIXED_chembl26.sdf,88,COC[C@H](N)CNc1c[nH+]c(C(N)=O)c(Nc2cc(C)cc(C)n2)c1,7.8,experimental,,,pyridinium,,2026-06-26T10:53:15.690963+00:00
FIXED_chembl26.sdf,89,Cc1cc(C)nc(Nc2cc(N[C@@H]3CS(=O)(=O)CC[C@@H]3N)cnc2C(N)=O)c1,7.0,experimental,,,primary_amine,,2026-06-26T10:53:30.977023+00:00
FIXED_chembl26.sdf,90,Cc1cc(C)nc(Nc2cc(NC[C@@H](N)CS(C)(=O)=O)cnc2C(N)=O)c1,5.7,experimental,,,primary_amine,,2026-06-26T10:53:35.215364+00:00
FIXED_chembl26.sdf,94,COc1ccc([C@@]2(F)C[C@@H]2[NH3+])cc1OC,7.4,experimental,,,primary_ammonium,,2026-06-26T10:53:37.485515+00:00
FIXED_chembl26.sdf,95,COc1ccc([C@@]2(F)C[C@@H]2[NH3+])cc1,7.5,experimental,,,primary_ammonium,,2026-06-26T10:53:39.152053+00:00
FIXED_chembl26.sdf,107,O=C(c1ccccc1C(F)(F)F)N(CC1CCC1)[C@H]1CC[NH2+]C1,9.5,experimental,,,secondary_ammonium,,2026-06-26T10:53:40.313613+00:00
FIXED_chembl26.sdf,108,C/C1=C/C=C\C(=O)O[C@H](/C=C(C)/C=C/C(C)=C/C[NH+]2CCCC2)Cc2nc(cs2)CCCCC(=O)O[C@@H](C)C1,11.0,experimental,,,tertiary_ammonium,,2026-06-26T10:53:42.662757+00:00
FIXED_chembl26.sdf,109,C/C1=C/C=C\C(=O)O[C@H](/C=C(C)/C=C/C(C)=C/C[NH+]2CCOCC2)Cc2nc(cs2)CCCCC(=O)O[C@@H](C)C1,8.36,experimental,,,tertiary_ammonium,,2026-06-26T10:53:44.574105+00:00
FIXED_chembl26.sdf,110,C/C1=C/C=C\C(=O)O[C@H](/C=C(C)/C=C/C(C)=C/C[NH+](C)C)Cc2nc(cs2)CCCCC(=O)O[C@@H](C)C1,11.0,experimental,,,tertiary_ammonium,,2026-06-26T10:53:46.912863+00:00
FIXED_chembl26.sdf,111,C1=C(CS/C(NC2CCCCC2)=[NH+]\C2CCCCC2)N2CCN=C2S1,7.7,experimental,,,iminium,,2026-06-26T10:53:49.869372+00:00
FIXED_chembl26.sdf,112,CC1(C)CN2C(CS/C(NC3CCCCC3)=[NH+]\C3CCCCC3)=CSC2=N1,8.0,experimental,,,iminium,,2026-06-26T10:53:51.046477+00:00
FIXED_chembl26.sdf,113,CNc1ccc([N+](=O)[O-])c2c(NCCCN(C)C)ccnc12,4.22,experimental,,,tertiary_amine,,2026-06-26T10:53:57.230784+00:00
FIXED_chembl26.sdf,115,CN(C)CCCNc1ccnc2cccc([N+](=O)[O-])c12,6.39,experimental,,,tertiary_amine,,2026-06-26T10:53:59.532105+00:00
FIXED_chembl26.sdf,117,CN(C)CCNC(=O)c1ccc(NNc2ccnc3cccc([N+](=O)[O-])c23)cc1,5.08,experimental,,,tertiary_amine,,2026-06-26T10:54:03.282511+00:00
FIXED_chembl26.sdf,118,Cc1cnc2ccc(C)c([N+](=O)[O-])c2c1NCCCN(C)C,6.07,experimental,,,tertiary_amine,,2026-06-26T10:54:06.747833+00:00
FIXED_chembl26.sdf,119,NCCc1c[nH]c2c1C(=O)C(=O)C=C2O,5.6,experimental,,,primary_amine,,2026-06-26T10:54:11.418444+00:00
FIXED_chembl26.sdf,120,NCCc1c[nH]c2c1C(=O)C(O)=C(C1=C(O)c3[nH]cc(CCN)c3C(=O)C1=O)C2=O,6.5,experimental,,,primary_amine,,2026-06-26T10:54:45.908667+00:00
FIXED_chembl26.sdf,123,C[NH+](C)CCCCc1ccc(C2(C)COC2)cc1,9.9,experimental,,,tertiary_ammonium,,2026-06-26T10:54:49.540578+00:00
FIXED_chembl26.sdf,126,C[NH+](C)CCCCc1ccc(C2(O)COC2)cc1,9.6,experimental,,,tertiary_ammonium,,2026-06-26T10:54:52.045436+00:00
FIXED_chembl26.sdf,127,C[NH+](C)CCCCc1ccc(C2(F)COC2)cc1,9.9,experimental,,,tertiary_ammonium,,2026-06-26T10:54:54.058277+00:00
FIXED_chembl26.sdf,128,C[NH+](C)CCCCc1ccc(C2COC2)cc1,9.9,experimental,,,tertiary_ammonium,,2026-06-26T10:54:55.323272+00:00
FIXED_chembl26.sdf,131,C[NH+](C)CCCC1(c2ccc(C(C)(C)C)cc2)COC1,9.6,experimental,,,tertiary_ammonium,,2026-06-26T10:54:56.392238+00:00
FIXED_chembl26.sdf,134,C[NH+](C)CCC1(Cc2ccc(C(C)(C)C)cc2)COC1,9.2,experimental,,,tertiary_ammonium,,2026-06-26T10:54:57.406416+00:00
FIXED_chembl26.sdf,137,C[NH+](C)CC1(CCc2ccc(C(C)(C)C)cc2)COC1,8.0,experimental,,,tertiary_ammonium,,2026-06-26T10:54:58.668347+00:00
FIXED_chembl26.sdf,140,CN(C)C1(CCCc2ccc(C(C)(C)C)cc2)COC1,7.2,experimental,,,tertiary_amine,,2026-06-26T10:55:00.764232+00:00
FIXED_chembl26.sdf,142,CC1(C)CC[NH+]1Cc1ccc2c(c1)OCO2,10.1,experimental,,,tertiary_ammonium,,2026-06-26T10:55:02.752742+00:00
FIXED_chembl26.sdf,143,c1cc2c(cc1CN1CCC13COC3)OCO2,6.2,experimental,,,tertiary_amine,,2026-06-26T10:55:05.825894+00:00
FIXED_chembl26.sdf,144,CC1(C)C[NH+](Cc2ccc3c(c2)OCO3)C1,9.6,experimental,,,tertiary_ammonium,,2026-06-26T10:55:07.961924+00:00
FIXED_chembl26.sdf,145,c1cc2c(cc1C[NH+]1CC3(COC3)C1)OCO2,8.0,experimental,,,tertiary_ammonium,,2026-06-26T10:55:09.424107+00:00
FIXED_chembl26.sdf,146,CC1(C)CCC[NH+]1Cc1ccc2c(c1)OCO2,10.0,experimental,,,tertiary_ammonium,,2026-06-26T10:55:10.537220+00:00
FIXED_chembl26.sdf,147,c1cc2c(cc1CN1CCCC13COC3)OCO2,6.3,experimental,,,tertiary_amine,,2026-06-26T10:55:13.067391+00:00
FIXED_chembl26.sdf,148,CC1(C)CC[NH+](Cc2ccc3c(c2)OCO3)C1,9.7,experimental,,,tertiary_ammonium,,2026-06-26T10:55:14.850075+00:00
FIXED_chembl26.sdf,149,c1cc2c(cc1C[NH+]1CCC3(COC3)C1)OCO2,8.1,experimental,,,tertiary_ammonium,,2026-06-26T10:55:16.191381+00:00
FIXED_chembl26.sdf,150,O=C1CCN(Cc2ccc3c(c2)OCO3)C1,6.1,experimental,,,tertiary_amine,,2026-06-26T10:55:18.723285+00:00
FIXED_chembl26.sdf,151,CC1(C)CCCC[NH+]1Cc1ccc2c(c1)OCO2,10.2,experimental,,,tertiary_ammonium,,2026-06-26T10:55:20.725707+00:00
FIXED_chembl26.sdf,152,c1cc2c(cc1CN1CCCCC13COC3)OCO2,7.0,experimental,,,tertiary_amine,,2026-06-26T10:55:22.873002+00:00
FIXED_chembl26.sdf,153,CC1(C)CCC[NH+](Cc2ccc3c(c2)OCO3)C1,9.4,experimental,,,tertiary_ammonium,,2026-06-26T10:55:24.638507+00:00
FIXED_chembl26.sdf,154,c1cc2c(cc1C[NH+]1CCCC3(COC3)C1)OCO2,7.9,experimental,,,tertiary_ammonium,,2026-06-26T10:55:26.162291+00:00
FIXED_chembl26.sdf,155,O=C1CCC[NH+](Cc2ccc3c(c2)OCO3)C1,7.6,experimental,,,tertiary_ammonium,,2026-06-26T10:55:27.287422+00:00
FIXED_chembl26.sdf,156,CC1(C)CC[NH+](Cc2ccc3c(c2)OCO3)CC1,9.5,experimental,,,tertiary_ammonium,,2026-06-26T10:55:28.407708+00:00
FIXED_chembl26.sdf,157,c1cc2c(cc1C[NH+]1CCC3(CC1)COC3)OCO2,8.3,experimental,,,tertiary_ammonium,,2026-06-26T10:55:29.587721+00:00
FIXED_chembl26.sdf,158,O=C1CC[NH+](Cc2ccc3c(c2)OCO3)CC1,7.5,experimental,,,tertiary_ammonium,,2026-06-26T10:55:30.696058+00:00
FIXED_chembl26.sdf,159,c1cc2c(cc1CN1CC3CC(C1)O3)OCO2,7.1,experimental,,,tertiary_amine,,2026-06-26T10:55:32.698141+00:00
FIXED_chembl26.sdf,160,c1cc2c(cc1CN1CCOCC1)OCO2,7.0,experimental,,,tertiary_amine,,2026-06-26T10:55:34.139677+00:00
FIXED_chembl26.sdf,161,c1cc2c(cc1C[NH+]1CCCCC1)OCO2,9.6,experimental,,,tertiary_ammonium,,2026-06-26T10:55:35.985343+00:00
FIXED_chembl26.sdf,162,c1cc2c(cc1C[NH+]1CCCC1)OCO2,9.7,experimental,,,tertiary_ammonium,,2026-06-26T10:55:37.188434+00:00
FIXED_chembl26.sdf,163,c1cc2c(cc1C[NH+]1CCC1)OCO2,9.5,experimental,,,tertiary_ammonium,,2026-06-26T10:55:38.403684+00:00
FIXED_chembl26.sdf,164,COCC1CC(C(=O)NC[C@H]2CCCO2)CN(Cc2nc(N3CCOCC3)oc2C)C1,7.2,experimental,,,tertiary_amine,,2026-06-26T10:55:44.554846+00:00
FIXED_chembl26.sdf,165,COCC1CC(C(=O)NC[C@H]2CCCO2)CN(Cc2[nH+]c(N3CCOCC3)oc2C)C1,7.8,experimental,,,tertiary_amine,,2026-06-26T10:55:46.367731+00:00
FIXED_chembl26.sdf,166,CN(C)CCCNC(=O)c1cc(NC(=O)c2cc(NC(=O)/C=C/C(=O)Nc3cc(C(=O)Nc4cc(C(=O)NCCC[NH+](C)C)n(C)c4)n(C)c3)cn2C)cn1C,9.5,experimental,,,tertiary_ammonium,,2026-06-26T10:55:50.866915+00:00
FIXED_chembl26.sdf,167,Cn1cc(NC(=O)c2cc(NC(=O)CNC(=N)N)cn2C)cc1C(=O)NCCC(N)=[NH2+],12.4,experimental,,,iminium,,2026-06-26T10:55:53.868952+00:00
FIXED_chembl26.sdf,168,Cn1cc(NC(=O)c2cc(NC(=O)c3cc(NC=O)cn3C)cn2C)cc1C(=O)NCCC(N)=[NH2+],12.4,experimental,,,iminium,,2026-06-26T10:55:56.729386+00:00
FIXED_chembl26.sdf,169,CN(C)[CH+]CCNC(=O)c1cc(NC(=O)c2cc(NC(=O)c3cc(NC(=O)c4cc(NC(=O)c5cc(NC(=O)c6cc(NC(=O)CCCN(C)C)cn6C)cn5C)cn4C)cn3C)cn2C)cn1C,9.5,experimental,,,tertiary_amine,,2026-06-26T10:56:24.951056+00:00
FIXED_chembl26.sdf,170,CN(C)CCCNC(=O)c1cc(NC(=O)c2cc(NC(=O)CNC(=O)c3cccc(C(=O)NCC(=O)Nc4cc(C(=O)Nc5cc(C(=O)NCCC[NH+](C)C)n(C)c5)n(C)c4)c3)cn2C)cn1C,9.5,experimental,,,tertiary_ammonium,,2026-06-26T10:56:29.503197+00:00
FIXED_chembl26.sdf,171,Cn1cc(NC(=O)c2cc(NC(=O)c3cc(NC=O)cn3C)cn2C)cc1C(=O)NCCC[NH+](C)C,9.5,experimental,,,tertiary_ammonium,,2026-06-26T10:56:32.071018+00:00
FIXED_chembl26.sdf,172,CN(C)CCCC(=O)Nc1cc(C(=O)Nc2cc(C(=O)Nc3cc(C(=O)Nc4cc(C(=O)Nc5cc(C(=O)NCCC[NH+](C)C)n(C)c5)n(C)c4)n(C)c3)n(C)c2)n(C)c1,9.5,experimental,,,tertiary_ammonium,,2026-06-26T10:56:34.887853+00:00
FIXED_chembl26.sdf,173,CC(C)(C)[C@@]1(O)CCN2C[C@@H]3c4ccccc4CCc4cccc(c43)[C@H]2C1,5.9,experimental,,,tertiary_amine,,2026-06-26T10:56:39.025672+00:00
FIXED_chembl26.sdf,174,COCCCOc1cc(C[C@@H](C[C@H](N)[C@@H](O)C[C@H](C(=O)NCC(C)(C)C(N)=O)C(C)C)C(C)C)ccc1OC.COCCCOc1cc(C[C@@H](C[C@H](N)[C@@H](O)C[C@H](C(=O)NCC(C)(C)C(N)=O)C(C)C)C(C)C)ccc1OC.O=C([O-])/C=C/C(=O)O,9.2,experimental,,,primary_amine,,2026-06-26T10:57:30.360505+00:00
FIXED_chembl26.sdf,175,COCCCOc1cc(C[C@@H](C[C@H](N)[C@@H]([OH2+])C[C@H](C(=O)NC[C@H]2CCC(=O)N2)C(C)C)C(C)C)ccc1OC.Cl,9.09,experimental,,,primary_amine,,2026-06-26T10:57:57.274969+00:00
FIXED_chembl26.sdf,176,COCCCCc1cc(C[C@@H](C[C@H](N)[C@@H]([OH2+])C[C@H](C(=O)NCC(C)(C)C(N)=O)C(C)C)C(C)C)ccc1OC.Cl,9.44,experimental,,,primary_amine,,2026-06-26T10:58:03.066685+00:00
FIXED_chembl26.sdf,177,COCCCCc1cc(C[C@@H](C[C@H](N)[C@@H](O)C[C@H](C(=O)NCCN2CCOCC2)C(C)C)C(C)C)ccc1OC.Cl,6.01,experimental,,,tertiary_amine,,2026-06-26T10:58:08.318220+00:00
FIXED_chembl26.sdf,178,COCCCOc1cc(C[C@@H](C[C@H]([NH3+])[C@@H](O)C[C@H](C(=O)NCCC(=O)N(C)C)C(C)C)C(C)C)ccc1OC.O=C([O-])CC(O)(CC(=O)O)C(=O)O.[Na+],9.4,experimental,,,primary_ammonium,,2026-06-26T10:58:11.042486+00:00
FIXED_chembl26.sdf,179,COCCCOc1cc(C[C@@H](C[C@H]([NH3+])[C@@H](O)C[C@H](C(=O)NCCC(=O)N(C)C)C(C)C)C(C)C)ccc1OC.O=C(O)CC(O)(CC(=O)O)C(=O)O,5.7,experimental,,,carboxylic_acid,,2026-06-26T10:58:36.703751+00:00
FIXED_chembl26.sdf,180,COc1cc2c(cc1OC)-c1c(-c3cncs3)ncn1CC2,4.3,experimental,,,imidazole,,2026-06-26T10:58:59.282422+00:00
FIXED_chembl26.sdf,181,COc1cc2c(cc1OC)-c1c(-c3cncs3)nc(C)n1CC2,5.0,experimental,,,imidazole,,2026-06-26T10:59:01.186109+00:00
FIXED_chembl26.sdf,182,COc1cc2c(cc1OC)-c1c(-c3cccnc3)ncn1CC2,3.5,experimental,,,imidazole,,2026-06-26T10:59:04.489740+00:00
FIXED_chembl26.sdf,183,COc1cc2c(cc1OC)-c1c(-c3cccnc3)nc(C)n1CC2,4.0,experimental,,,imidazole,,2026-06-26T10:59:06.331366+00:00
FIXED_chembl26.sdf,184,COc1cc2c(cc1OC)-c1c(-c3cnc(C(=O)N(C)C(C)(C)C)s3)ncn1CC2,4.0,experimental,,,imidazole,,2026-06-26T10:59:09.814888+00:00
FIXED_chembl26.sdf,185,O=[N+]([O-])c1ccc([NH2+]c2ccc(NC(=S)Oc3ccc(O)cc3)cc2)cc1,9.22,experimental,,,phenol,,2026-06-26T10:59:14.846664+00:00
FIXED_chembl26.sdf,186,O=[N+]([O-])c1ccc(Sc2ccc(NC(=S)Oc3ccc(O)cc3)cc2)cc1,9.21,experimental,,,phenol,,2026-06-26T10:59:17.302070+00:00
FIXED_chembl26.sdf,187,CC(=O)Nc1ccc(OC(=S)Nc2ccc(Oc3ccc([N+](=O)[O-])cc3)cc2)cc1,9.04,experimental,,,amide_secondary,,2026-06-26T11:00:12.281335+00:00
FIXED_chembl26.sdf,188,O=[N+]([O-])c1ccc(Oc2ccc(NC(=S)Oc3ccc(O)cc3)cc2)cc1,9.23,experimental,,,phenol,,2026-06-26T11:00:17.429108+00:00
FIXED_chembl26.sdf,189,CC(=O)Nc1ccc(OC(=S)Nc2ccc(Nc3ccc([N+](=O)[O-])cc3)cc2)cc1,9.04,experimental,,,amide_secondary,,2026-06-26T11:00:23.274956+00:00
FIXED_chembl26.sdf,190,CC(=O)Nc1ccc(OC(=S)Nc2ccc(Sc3ccc([N+](=O)[O-])cc3)cc2)cc1,8.99,experimental,,,thiophenol,,2026-06-26T11:00:32.846816+00:00
FIXED_chembl26.sdf,191,Oc1ccc(OC(=S)Nc2ccc([NH2+]c3ccc(C(F)(F)F)cc3)cc2)cc1,9.23,experimental,,,phenol,,2026-06-26T11:00:36.839503+00:00
FIXED_chembl26.sdf,192,CC(=O)Nc1ccc(OC(=S)Nc2ccc([NH2+]c3ccc(C(F)(F)F)cc3)cc2)cc1,9.05,experimental,,,aniline,,2026-06-26T11:00:42.435291+00:00
FIXED_chembl26.sdf,193,Oc1ccc(OC(=S)Nc2ccc(Oc3ccc(C(F)(F)F)cc3)cc2)cc1,9.23,experimental,,,phenol,,2026-06-26T11:00:47.596936+00:00
FIXED_chembl26.sdf,194,CC(=O)Nc1ccc(OC(=S)Nc2ccc(Oc3ccc(C(F)(F)F)cc3)cc2)cc1,9.03,experimental,,,aniline,,2026-06-26T11:00:53.454139+00:00
FIXED_chembl26.sdf,195,Oc1ccc(OC(=S)Nc2ccc(Sc3ccc(C(F)(F)F)cc3)cc2)cc1,9.22,experimental,,,aniline,,2026-06-26T11:01:03.431084+00:00
FIXED_chembl26.sdf,196,CC(=O)Nc1ccc(OC(=S)Nc2ccc(Sc3ccc(C(F)(F)F)cc3)cc2)cc1,9.02,experimental,,,aniline,,2026-06-26T11:01:05.252889+00:00
FIXED_chembl26.sdf,197,Oc1ccc(OC(=S)Nc2ccc([NH2+]c3ccc(C(Cl)(Cl)Cl)cc3)cc2)cc1,9.23,experimental,,,aniline,,2026-06-26T11:01:11.787580+00:00
FIXED_chembl26.sdf,198,CC(=O)Nc1ccc(OC(=S)Nc2ccc([NH2+]c3ccc(C(Cl)(Cl)Cl)cc3)cc2)cc1,9.01,experimental,,,aniline,,2026-06-26T11:01:34.189754+00:00
FIXED_chembl26.sdf,199,Oc1ccc(OC(=S)Nc2ccc(Oc3ccc(C(Cl)(Cl)Cl)cc3)cc2)cc1,9.24,experimental,,,aniline,,2026-06-26T11:01:38.838173+00:00
FIXED_chembl26.sdf,200,CC(=O)Nc1ccc(OC(=S)Nc2ccc(Oc3ccc(C(Cl)(Cl)Cl)cc3)cc2)cc1,9.02,experimental,,,aniline,,2026-06-26T11:01:40.094306+00:00
FIXED_chembl26.sdf,201,Oc1ccc(OC(=S)Nc2ccc(Sc3ccc(C(Cl)(Cl)Cl)cc3)cc2)cc1,9.22,experimental,,,aniline,,2026-06-26T11:01:41.783277+00:00
FIXED_chembl26.sdf,202,CC(=O)Nc1ccc(OC(=S)Nc2ccc(Sc3ccc(C(Cl)(Cl)Cl)cc3)cc2)cc1,9.01,experimental,,,aniline,,2026-06-26T11:01:43.859854+00:00
FIXED_chembl26.sdf,203,CCNC1CN(c2cc3c(cc2F)c(=O)c(C(=O)[O-])cn3C2CC2)C1,8.62,experimental,,,aniline,,2026-06-26T11:01:45.613819+00:00
FIXED_chembl26.sdf,204,CCNC1CN(c2cc3c(cc2F)c(=O)c(C(=O)[O-])cn3C2CC2)C1,6.48,experimental,,,carboxylate,,2026-06-26T11:01:50.562014+00:00
FIXED_chembl26.sdf,205,C#CCN(CC#C)C(=O)[C@@]1(c2cccs2)C[C@H]1C[NH3+],9.3,experimental,,,primary_ammonium,,2026-06-26T11:01:54.188453+00:00
FIXED_chembl26.sdf,206,C=C(F)CN(CC)C(=O)[C@@]1(c2cccs2)C[C@H]1C[NH3+],9.4,experimental,,,primary_ammonium,,2026-06-26T11:01:55.658320+00:00
FIXED_chembl26.sdf,207,C=CCN(CC=C)C(=O)[C@@]1(c2cccs2)C[C@H]1C[NH3+],9.4,experimental,,,primary_ammonium,,2026-06-26T11:01:57.587317+00:00
FIXED_chembl26.sdf,208,C=CCN(Cc1nccs1)C(=O)[C@@]1(c2cccs2)C[C@H]1C[NH3+],9.4,experimental,,,primary_ammonium,,2026-06-26T11:02:00.710309+00:00
FIXED_chembl26.sdf,209,C#CCN(CC)C(=O)[C@@]1(c2cccs2)C[C@H]1C[NH3+],9.4,experimental,,,primary_ammonium,,2026-06-26T11:02:02.743965+00:00
FIXED_chembl26.sdf,210,CCN(CC)C(=O)C1(c2ccccc2)CC1C[NH3+],9.5,experimental,,,primary_ammonium,,2026-06-26T11:02:04.458845+00:00
FIXED_chembl26.sdf,211,CCN(CC)C(=O)C1(c2ccccc2)CC1C[NH3+],9.7,experimental,,,primary_ammonium,,2026-06-26T11:02:05.677376+00:00
FIXED_chembl26.sdf,212,[NH3+]C[C@@H]1C[C@@]1(C(=O)N1Cc2ccccc2C1)c1cccs1,9.5,experimental,,,primary_ammonium,,2026-06-26T11:02:07.723250+00:00
FIXED_chembl26.sdf,213,CCN(CC)C(=O)[C@]1(c2ccccc2)C[C@H]1C[NH3+],9.6,experimental,,,primary_ammonium,,2026-06-26T11:02:09.085042+00:00
FIXED_chembl26.sdf,214,C[NH2+]CC[C@@H](Oc1ccccc1C)c1ccccc1,10.1,experimental,,,secondary_ammonium,,2026-06-26T11:02:11.546290+00:00
FIXED_chembl26.sdf,216,C[NH2+]CC[C@@H](Oc1ccccc1C)c1ccccc1,10.33,experimental,,,secondary_ammonium,,2026-06-26T11:02:13.168902+00:00
FIXED_chembl26.sdf,223,Cc1cc(-c2cnc3cccc(-c4ccc(CN5CCS(=O)(=O)CC5)cc4)c3n2)ccc1C(=O)N1CCN(C)CC1,3.9,experimental,,,tertiary_amine,,2026-06-26T11:02:47.677320+00:00
FIXED_chembl26.sdf,224,CN1CCN(c2ccc(-c3cnc4cccc(-c5cc(F)c(CN6CCOCC6)c(F)c5)c4n3)cc2)CC1,4.5,experimental,,,tertiary_amine,,2026-06-26T11:03:24.998374+00:00
FIXED_chembl26.sdf,225,CN1CCN(c2ccc(-c3cnc4cccc(-c5cc(F)c(CN6CCS(=O)(=O)CC6)c(F)c5)c4n3)cn2)CC1,3.6,experimental,,,pyridine,,2026-06-26T11:03:47.690540+00:00
FIXED_chembl26.sdf,226,Fc1cc(-c2cccc3ncc(-c4cnn(C5CCNCC5)c4)nc23)cc(F)c1CN1CCOCC1,5.5,experimental,,,pyrazine,,2026-06-26T11:03:54.039909+00:00
FIXED_chembl26.sdf,227,CC(=O)NS(=O)(=O)c1ccc(N)cc1,5.78,experimental,,,aniline,,2026-06-26T11:03:58.705982+00:00
FIXED_chembl26.sdf,228,CC(=O)NS(=O)(=O)c1ccc(N)cc1,5.38,experimental,,,aniline,,2026-06-26T11:04:00.447278+00:00
FIXED_chembl26.sdf,229,CCOc1[nH+]oc2c1CNCC2.Cl,7.6,experimental,,,isoxazolidine,,2026-06-26T11:04:33.010738+00:00
FIXED_chembl26.sdf,230,Br.Oc1noc2c1CNCC2,4.3,experimental,,,isoxazolidine,,2026-06-26T11:04:52.469728+00:00
FIXED_chembl26.sdf,231,COc1[nH+]oc2c1CNCC2.Cl,7.5,experimental,,,isoxazolidine,,2026-06-26T11:04:56.301975+00:00
FIXED_chembl26.sdf,232,COc1[nH+]oc2c1CNCC2.Cl,7.7,experimental,,,isoxazolidine,,2026-06-26T11:04:58.191560+00:00
FIXED_chembl26.sdf,233,[NH3+]c1ccc(S(=O)(=O)c2ccc(O)cc2O)cc1,10.14,experimental,,,aryl_ammonium,,2026-06-26T11:05:04.034667+00:00
FIXED_chembl26.sdf,234,[NH3+]c1ccc(S(=O)(=O)c2ccc(O)cc2O)cc1,7.67,experimental,,,aryl_ammonium,,2026-06-26T11:05:05.306889+00:00
FIXED_chembl26.sdf,235,CC(C)C(=O)N(Cc1cccc(Cl)c1Cl)[C@H]1CC[NH2+]C1,9.4,experimental,,,secondary_ammonium,,2026-06-26T11:05:07.099307+00:00
FIXED_chembl26.sdf,237,CC(C)(O)c1ccn2ccnc2c1,7.2,experimental,,,n-indole,,2026-06-26T11:05:24.874636+00:00
FIXED_chembl26.sdf,239,CC(C)(O)c1ccn2ccnc2n1,5.4,experimental,,,pyrimidine,,2026-06-26T11:05:27.900661+00:00
FIXED_chembl26.sdf,241,CC(C)(O)c1ccn2ccnc2c1F,5.4,experimental,,,n-indole,,2026-06-26T11:05:29.889438+00:00
FIXED_chembl26.sdf,242,C[C@@H](C(=O)[O-])c1ccc(OS(=O)(=O)C(F)(F)F)cc1,4.0,experimental,,,carboxylate,,2026-06-26T11:05:31.437534+00:00
FIXED_chembl26.sdf,243,C[C@@H](C(=O)NS(C)(=O)=O)c1ccc(OS(=O)(=O)C(F)(F)F)cc1,4.4,experimental,,,sulfamide,,2026-06-26T11:06:00.872860+00:00
FIXED_chembl26.sdf,244,COc1cc2c(Nc3ccc(Cl)cc3F)ncnc2cc1OCCCN1CCOCC1,7.2,experimental,,,tertiary_amine,,2026-06-26T11:06:06.493148+00:00
FIXED_chembl26.sdf,245,C[C@@]1(c2cc(NC(=O)c3ccc(C#N)c[nH+]3)ccc2F)CCOC(N)=N1,9.8,experimental,,,pyridinium,,2026-06-26T11:06:09.356769+00:00
FIXED_chembl26.sdf,246,C[C@@]1(c2cc(NC(=O)c3ccc(C#N)c[nH+]3)ccc2F)CCOC(N)=N1,9.7,experimental,,,pyridinium,,2026-06-26T11:06:10.364722+00:00
FIXED_chembl26.sdf,248,C[C@@]1(c2cc(NC(=O)c3ccc(C#N)cn3)ccc2F)C=COC(N)=[NH+]1,7.7,experimental,,,hydroxyguanidinium,,2026-06-26T11:06:29.822141+00:00
FIXED_chembl26.sdf,249,CC1=COC(N)=N[C@]1(C)c1cc(NC(=O)c2ccc(C#N)c[nH+]2)ccc1F,8.0,experimental,,,pyridinium,,2026-06-26T11:06:34.717583+00:00
FIXED_chembl26.sdf,250,CC1=C[C@@](C)(c2cc(NC(=O)c3ccc(C#N)cn3)ccc2F)[NH+]=C(N)O1,7.9,experimental,,,hydroxyguanidinium,,2026-06-26T11:06:37.179071+00:00
FIXED_chembl26.sdf,251,CC1=C[C@@](CF)(c2cc(NC(=O)c3ccc(C#N)cn3)ccc2F)N=C(N)O1,6.3,experimental,,,hydroxyamidine,,2026-06-26T11:06:42.088425+00:00
FIXED_chembl26.sdf,252,C[C@@]1(c2cc(NC(=O)c3ccc(C#N)cn3)ccc2F)C=C(CF)OC(N)=N1,6.9,experimental,,,hydroxyamidine,,2026-06-26T11:06:44.208133+00:00
FIXED_chembl26.sdf,253,N#Cc1ccc(C(=O)Nc2ccc(F)c([C@]3(C4CC4)C=C(CF)OC(N)=N3)c2)nc1,6.8,experimental,,,hydroxyamidine,,2026-06-26T11:06:46.718366+00:00
FIXED_chembl26.sdf,254,COCC1=C[C@@](C)(c2cc(NC(=O)c3ccc(C#N)cn3)ccc2F)[NH+]=C(N)O1,7.4,experimental,,,hydroxyguanidinium,,2026-06-26T11:06:49.148319+00:00
FIXED_chembl26.sdf,255,Cc1cc(C#N)cnc1C(=O)Nc1ccc(F)c([C@]2(C)C=C(C(F)F)OC(N)=N2)c1,6.4,experimental,,,hydroxyamidine,,2026-06-26T11:06:51.257393+00:00
FIXED_chembl26.sdf,256,C[C@@]1(c2ccccc2F)CCOC(N)=N1,9.8,experimental,,,hydroxyamidine,,2026-06-26T11:06:55.583945+00:00
FIXED_chembl26.sdf,257,O=C(NCCCCCCNC(=O)NS(=O)(=O)c1cccc(Cl)c1)NS(=O)(=O)c1cccc(Cl)c1,5.35,experimental,,,aromatic_thiosulfamide,,2026-06-26T11:07:18.513800+00:00
FIXED_chembl26.sdf,258,O=C(NCCCCCCCNC(=O)NS(=O)(=O)c1cccc(Cl)c1)NS(=O)(=O)c1cccc(Cl)c1,5.12,experimental,,,aromatic_thiosulfamide,,2026-06-26T11:07:20.799179+00:00
FIXED_chembl26.sdf,260,O=C(Nc1ccc(C2CCN(C(=O)[C@H]3CC[C@H](C(=O)[O-])CC3)CC2)cc1)c1nc(-c2ccccc2)oc1C(F)(F)F,5.78,experimental,,,carboxylate,,2026-06-26T11:07:33.691218+00:00
FIXED_chembl26.sdf,266,O=[N+]([O-])c1cn2c(n1)OC(COc1ccc(-c3ccc(F)cc3)nc1)CC2,3.95,experimental,,,imidazole,,2026-06-26T11:08:57.272760+00:00
FIXED_chembl26.sdf,267,COCCOCCC[NH2+]Cc1cc2cc(S(N)(=O)=O)oc2s1,7.42,experimental,,,secondary_ammonium,,2026-06-26T11:09:00.156821+00:00
FIXED_chembl26.sdf,268,COCCOCCC[NH2+]Cc1cc2cc(S(N)(=O)=O)oc2s1,9.0,experimental,,,secondary_ammonium,,2026-06-26T11:09:01.436088+00:00
FIXED_chembl26.sdf,269,COCCN(CCOC)Cc1cc2cc(S(N)(=O)=O)oc2s1,5.57,experimental,,,tertiary_amine,,2026-06-26T11:09:07.070735+00:00
FIXED_chembl26.sdf,270,COCC[NH+](CCOC)Cc1cc2cc(S(N)(=O)=O)oc2s1,8.95,experimental,,,tertiary_ammonium,,2026-06-26T11:09:09.662915+00:00
FIXED_chembl26.sdf,271,CCC[NH2+]Cc1cc2cc(S(N)(=O)=O)oc2s1,7.85,experimental,,,secondary_ammonium,,2026-06-26T11:09:11.451364+00:00
FIXED_chembl26.sdf,272,CCC[NH2+]Cc1cc2cc(S(N)(=O)=O)oc2s1,9.4,experimental,,,secondary_ammonium,,2026-06-26T11:09:12.928197+00:00
FIXED_chembl26.sdf,273,NS(=O)(=O)c1cc2cc(CNCc3ccccn3)sc2o1,7.02,experimental,,,secondary_amine,,2026-06-26T11:09:20.885410+00:00
FIXED_chembl26.sdf,274,NS(=O)(=O)c1cc2cc(CNCc3cccc[nH+]3)sc2o1,9.08,experimental,,,pyridinium,,2026-06-26T11:09:25.530929+00:00
FIXED_chembl26.sdf,275,COCCCNCc1cc2cc(S(N)(=O)=O)oc2s1,7.25,experimental,,,secondary_amine,,2026-06-26T11:09:30.394069+00:00
FIXED_chembl26.sdf,276,COCCC[NH2+]Cc1cc2cc(S(N)(=O)=O)oc2s1,9.0,experimental,,,secondary_ammonium,,2026-06-26T11:09:32.404348+00:00
FIXED_chembl26.sdf,277,COCCOCCN(CCOC)Cc1cc2cc(S(N)(=O)=O)oc2s1,5.55,experimental,,,tertiary_amine,,2026-06-26T11:09:36.650830+00:00
FIXED_chembl26.sdf,278,COCCOCC[NH+](CCOC)Cc1cc2cc(S(N)(=O)=O)oc2s1,8.85,experimental,,,tertiary_ammonium,,2026-06-26T11:09:40.018401+00:00
FIXED_chembl26.sdf,279,NS(=O)(=O)c1cc2cc(CNCCF)sc2o1,6.55,experimental,,,secondary_amine,,2026-06-26T11:09:43.815035+00:00
FIXED_chembl26.sdf,280,NS(=O)(=O)c1cc2cc(C[NH2+]CCF)sc2o1,9.0,experimental,,,secondary_ammonium,,2026-06-26T11:09:45.880002+00:00
FIXED_chembl26.sdf,281,CC[NH2+]Cc1cc2cc(S(N)(=O)=O)oc2s1,8.05,experimental,,,secondary_ammonium,,2026-06-26T11:09:47.318078+00:00
FIXED_chembl26.sdf,282,CC[NH2+]Cc1cc2cc(S(N)(=O)=O)oc2s1,9.55,experimental,,,secondary_ammonium,,2026-06-26T11:09:48.814694+00:00
FIXED_chembl26.sdf,283,C[NH2+]Cc1cc2cc(S(N)(=O)=O)oc2s1,7.85,experimental,,,secondary_ammonium,,2026-06-26T11:09:50.958879+00:00
FIXED_chembl26.sdf,284,C[NH2+]Cc1cc2cc(S(N)(=O)=O)oc2s1,9.25,experimental,,,secondary_ammonium,,2026-06-26T11:09:52.600453+00:00
FIXED_chembl26.sdf,285,NS(=O)(=O)c1cc2cc(C[NH2+]CCCCO)sc2o1,7.65,experimental,,,secondary_ammonium,,2026-06-26T11:09:55.079356+00:00
FIXED_chembl26.sdf,286,NS(=O)(=O)c1cc2cc(C[NH2+]CCCCO)sc2o1,9.16,experimental,,,secondary_ammonium,,2026-06-26T11:09:57.894799+00:00
FIXED_chembl26.sdf,287,CC(C)C[NH2+]Cc1cc2cc(S(N)(=O)=O)oc2s1,7.55,experimental,,,secondary_ammonium,,2026-06-26T11:09:59.836900+00:00
FIXED_chembl26.sdf,288,CC(C)C[NH2+]Cc1cc2cc(S(N)(=O)=O)oc2s1,9.1,experimental,,,secondary_ammonium,,2026-06-26T11:10:01.023184+00:00
FIXED_chembl26.sdf,289,O=C([O-])C1CCCN(CCC=C(c2ccccc2)c2ccccc2)C1,9.36,experimental,,,tertiary_amine,,2026-06-26T11:10:16.720978+00:00
FIXED_chembl26.sdf,290,O=C([O-])C1CCCN(CCC=C(c2ccccc2)c2ccccc2)C1,3.32,experimental,,,carboxylate,,2026-06-26T11:10:20.161186+00:00
FIXED_chembl26.sdf,292,COc1ccc(Cn2c(=O)n3ncnc3c3c4c(sc32)CN(CC2CCOCC2)CC4)cc1,6.6,experimental,,,tertiary_amine,,2026-06-26T11:10:33.362750+00:00
FIXED_chembl26.sdf,293,O=C1Cn2c(cc3ccccc32)C(=O)N1O,7.27,experimental,,,n-hydroxy,,2026-06-26T11:11:05.086644+00:00
FIXED_chembl26.sdf,294,COc1ccc2c(c1)cc1n2CC(=O)N(O)C1=O,7.27,experimental,,,n-hydroxy,,2026-06-26T11:11:09.179016+00:00
FIXED_chembl26.sdf,295,O=C1Cn2c(cc3cc(F)ccc32)C(=O)N1O,7.27,experimental,,,n-hydroxy,,2026-06-26T11:11:11.346001+00:00
FIXED_chembl26.sdf,296,O=C1Cn2c(cc3cc(Cl)ccc32)C(=O)N1O,7.27,experimental,,,n-hydroxy,,2026-06-26T11:11:12.602412+00:00
FIXED_chembl26.sdf,297,O=C1Cn2c(cc3cc(O)ccc32)C(=O)N1O,7.27,experimental,,,phenol,,2026-06-26T11:11:13.992116+00:00
FIXED_chembl26.sdf,298,O=C1Cn2c(cc3ccccc32)C(=O)N1,9.3,experimental,,,isoquinoline,,2026-06-26T11:11:19.925536+00:00
FIXED_chembl26.sdf,299,O=C([O-])C(=O)CC(=O)c1ccccc1,2.85,experimental,,,carboxylate,,2026-06-26T11:11:22.531432+00:00
FIXED_chembl26.sdf,300,CCCCCS(=O)(=O)NC(=O)CCc1ccc(OCCOC)cc1Oc1ncc(C(F)(F)F)cc1Cl,4.6,experimental,,,pyridine,,2026-06-26T11:11:43.797415+00:00
FIXED_chembl26.sdf,301,CCCCCS(=O)(=O)NCCCc1ccc(OCCOC)cc1Oc1[nH+]cc(C(F)(F)F)cc1Cl,17.5,experimental,,,pyridinium,,2026-06-26T11:11:45.356176+00:00
FIXED_chembl26.sdf,302,CCCCCS(=O)(=O)NC(=O)OCCCc1ccc(OCCOC)cc1Oc1ncc(C(F)(F)F)cc1Cl,4.6,experimental,,,pyridine,,2026-06-26T11:11:47.227827+00:00
FIXED_chembl26.sdf,303,CC(C)n1nc(-c2cnc(N)c(C(F)(F)F)c2)cc1C1CCN(C2COC2)CC1,6.55,experimental,,,tertiary_amine,,2026-06-26T11:11:53.458805+00:00
FIXED_chembl26.sdf,304,CC(C)n1nc(-c2cnc(N)c(C(F)(F)F)c2)cc1[C@H]1[C@@H]2CN(C3COC3)C[C@@H]21,5.9,experimental,,,tertiary_amine,,2026-06-26T11:11:54.461893+00:00
FIXED_chembl26.sdf,305,CNC(=S)N(C)CCNc1c2ccccc2[nH+]c2ccccc12.O=[N+]([O-])[O-],9.0,experimental,,,quinoline,,2026-06-26T11:12:14.861899+00:00
FIXED_chembl26.sdf,306,CNC(=[NH2+])N(C)CCNc1c2ccccc2nc2ccccc12.Cl.Cl,9.0,experimental,,,guanidinium,,2026-06-26T11:12:17.286265+00:00
FIXED_chembl26.sdf,307,Cc1c(NC2=[NH+]CCN2)ccc2c1NCCO2,11.1,experimental,,,guanidinium,,2026-06-26T11:12:19.062856+00:00
FIXED_chembl26.sdf,308,Cc1c(NC2=[NH+]CCN2)ccc2nccnc12,9.4,experimental,,,guanidinium,,2026-06-26T11:12:21.021589+00:00
FIXED_chembl26.sdf,309,Cc1c(NC2=[NH+]CCN2)ccc2c1NCCN2,11.3,experimental,,,guanidinium,,2026-06-26T11:12:22.661012+00:00
FIXED_chembl26.sdf,310,CC(=O)Nc1ccc2ncccc2c1,5.51,experimental,,,quinoline,,2026-06-26T11:12:27.300005+00:00
FIXED_chembl26.sdf,311,CC(=O)Nc1ccc2nc(F)ccc2c1,-1.39,experimental,,,quinoline,,2026-06-26T11:12:28.406186+00:00
FIXED_chembl26.sdf,312,CC(=O)Nc1ccc2nc(N(C)CC[NH+](C)C)ccc2c1,9.05,experimental,,,tertiary_ammonium,,2026-06-26T11:12:31.455151+00:00
FIXED_chembl26.sdf,313,CC(=O)Nc1ccc2nc(N(C)CC[NH+](C)C)ccc2c1,10.18,experimental,,,tertiary_ammonium,,2026-06-26T11:12:32.853724+00:00
FIXED_chembl26.sdf,314,CC(=O)Nc1ccc2nc(OCCN(C)C)ccc2c1,4.64,experimental,,,tertiary_amine,,2026-06-26T11:12:38.299118+00:00
FIXED_chembl26.sdf,315,CC(=O)Nc1ccc2nc(OCC[NH+](C)C)ccc2c1,9.94,experimental,,,tertiary_ammonium,,2026-06-26T11:12:40.480019+00:00
FIXED_chembl26.sdf,316,CC(=O)Nc1ccc2nc([NH+](C)CCO)ccc2c1,8.91,experimental,,,quinoline,,2026-06-26T11:12:43.305421+00:00
FIXED_chembl26.sdf,317,CC(=O)Nc1ccc2nc(C(C)CCN(C)C)ccc2c1,6.56,experimental,,,tertiary_amine,,2026-06-26T11:12:46.590901+00:00
FIXED_chembl26.sdf,318,CC(=O)Nc1ccc2nc(C(C)CC[NH+](C)C)ccc2c1,11.85,experimental,,,tertiary_ammonium,,2026-06-26T11:12:49.024846+00:00
FIXED_chembl26.sdf,319,CC(=O)Nc1ccc2nc(NCC[NH+](C)C)ccc2c1,12.19,experimental,,,tertiary_ammonium,,2026-06-26T11:12:51.263139+00:00
FIXED_chembl26.sdf,320,CC(=O)Nc1ccc2nc(NCC[NH+](C)C)ccc2c1,10.82,experimental,,,tertiary_ammonium,,2026-06-26T11:12:53.666196+00:00
FIXED_chembl26.sdf,321,CC(=O)Nc1ccc2nc(SCCN(C)C)ccc2c1,4.33,experimental,,,quinoline,,2026-06-26T11:12:58.832440+00:00
FIXED_chembl26.sdf,322,CC(=O)Nc1ccc2nc(SCC[NH+](C)C)ccc2c1,11.55,experimental,,,tertiary_ammonium,,2026-06-26T11:13:01.240453+00:00
FIXED_chembl26.sdf,323,CC(=O)Nc1ccc2nc(CCC[NH+](C)C)ccc2c1,8.98,experimental,,,tertiary_ammonium,,2026-06-26T11:13:02.730241+00:00
FIXED_chembl26.sdf,324,CC(=O)Nc1ccc2nc(CCC[NH+](C)C)ccc2c1,12.65,experimental,,,tertiary_ammonium,,2026-06-26T11:13:03.802133+00:00
FIXED_chembl26.sdf,325,CC(=O)Nc1ccc2nc(C(C)(C)CCN(C)C)ccc2c1,6.22,experimental,,,tertiary_amine,,2026-06-26T11:13:04.994574+00:00
FIXED_chembl26.sdf,326,CC(=O)Nc1ccc2nc(C(C)(C)CC[NH+](C)C)ccc2c1,12.37,experimental,,,tertiary_ammonium,,2026-06-26T11:13:06.217877+00:00
FIXED_chembl26.sdf,327,CS(=O)(=O)OCCC[NH2+]CCCOS(C)(=O)=O.Cl,8.77,experimental,,,secondary_ammonium,,2026-06-26T11:13:08.169236+00:00
FIXED_chembl26.sdf,328,Nc1cc(C(F)(F)F)c(-c2cc(N3CCOCC3)nc(N3CCOCC3)n2)cn1,5.1,experimental,,,tertiary_amine,,2026-06-26T11:13:13.997075+00:00
FIXED_chembl26.sdf,329,S=C(NCc1ccc2c(c1)OCO2)N1CCN(c2ncnc3c2oc2ccccc23)CC1,7.09,experimental,,,tertiary_amine,,2026-06-26T11:13:20.050682+00:00
FIXED_chembl26.sdf,330,S=C(NCc1ccc2c(c1)OCO2)N1CCN(c2ncnc3c2oc2ccccc23)CC1,6.81,experimental,,,tertiary_amine,,2026-06-26T11:13:21.925591+00:00
FIXED_chembl26.sdf,331,S=C(NCc1ccc2c(c1)OCO2)N1CCN(c2ncnc3c2oc2ccccc23)CC1,7.1,experimental,,,tertiary_amine,,2026-06-26T11:13:24.134863+00:00
FIXED_chembl26.sdf,332,CC(C)CNC(=O)[C@H]1C[C@@](F)(c2ccc(CN3CCCC3)c(F)c2)C1,9.2,experimental,,,tertiary_amine,,2026-06-26T11:13:26.962967+00:00
FIXED_chembl26.sdf,333,CCNC(=O)[C@H]1C[C@@](F)(c2ccc(CN3CCCC3)c(F)c2)C1,9.2,experimental,,,tertiary_amine,,2026-06-26T11:13:28.357764+00:00
FIXED_chembl26.sdf,334,CCN(C)C(=O)[C@H]1C[C@@H](c2ccc(CN3CCCC3)c(F)c2)C1,9.3,experimental,,,tertiary_amine,,2026-06-26T11:13:29.455304+00:00
FIXED_chembl26.sdf,335,CC(=O)N(C)C[C@H]1C[C@H](c2ccc(CN3CCCC3)c(Cl)c2)C1,9.3,experimental,,,tertiary_amine,,2026-06-26T11:13:30.857553+00:00
FIXED_chembl26.sdf,336,c1cnc(OC[C@H]2C[C@H](c3ccc(CN4CCCC4)cc3)C2)nc1,9.8,experimental,,,tertiary_amine,,2026-06-26T11:13:33.679449+00:00
FIXED_chembl26.sdf,340,CCC(c1ccccc1)N(CC)c1ccc(O)cn1,6.7,experimental,,,tertiary_amine,,2026-06-26T11:13:52.021685+00:00
FIXED_chembl26.sdf,341,CCN(Cc1ccccc1)c1ncc(O)cn1,3.9,experimental,,,tertiary_amine,,2026-06-26T11:13:54.296399+00:00
FIXED_chembl26.sdf,342,CCC(c1ccccc1)N(CC)c1ncc(O)cn1,3.9,experimental,,,pyrimidine,,2026-06-26T11:14:14.851565+00:00
FIXED_chembl26.sdf,343,CCN(Cc1ccccc1)c1ccc(O)cn1,6.7,experimental,,,pyridine,,2026-06-26T11:14:29.393045+00:00
FIXED_chembl26.sdf,344,O=C(/C=N/O)c1ccc(OCC2CCN(Cc3ccccc3)CC2)nc1,7.8,experimental,,,tertiary_amine,,2026-06-26T11:14:53.072178+00:00
FIXED_chembl26.sdf,345,O=C(/C=N/O)c1cnc(OCC2CCN(Cc3ccccc3)CC2)nc1,7.6,experimental,,,tertiary_amine,,2026-06-26T11:14:56.750261+00:00
FIXED_chembl26.sdf,346,O/N=C/c1ccc(OCC2CCN(Cc3ccccc3)CC2)nc1,11.2,experimental,,,tertiary_amine,,2026-06-26T11:15:10.268605+00:00
FIXED_chembl26.sdf,347,O/N=C/c1cnc(OCC2CCN(Cc3ccccc3)CC2)nc1,10.7,experimental,,,tertiary_amine,,2026-06-26T11:15:13.669733+00:00
FIXED_chembl26.sdf,348,C=CCN(CC)C(=O)[C@@]1(c2ccsc2)C[C@H]1CN,9.5,experimental,,,primary_amine,,2026-06-26T11:15:18.096917+00:00
FIXED_chembl26.sdf,349,CCN(CC)C(=O)[C@@]1(c2ccccc2)C[C@H]1CN,9.6,experimental,,,primary_amine,,2026-06-26T11:15:20.623097+00:00
FIXED_chembl26.sdf,350,O=C(O)c1cc([N+](=O)[O-])ccc1O,4.5,experimental,,,carboxylic_acid,,2026-06-26T11:15:25.043091+00:00
FIXED_chembl26.sdf,351,O=C(O)c1cc([N+](=O)[O-])ccc1O,2.32,experimental,,,carboxylic_acid,,2026-06-26T11:15:27.547660+00:00
FIXED_chembl26.sdf,352,O=C(O)c1cc([N+](=O)[O-])ccc1O,5.48,experimental,,,aniline,,2026-06-26T11:15:32.211061+00:00
FIXED_chembl26.sdf,353,O=C(O)c1cccc([N+](=O)[O-])c1,3.4,experimental,,,carboxylic_acid,,2026-06-26T11:15:36.502525+00:00
FIXED_chembl26.sdf,354,O=C(O)c1cccc([N+](=O)[O-])c1,3.47,experimental,,,carboxylic_acid,,2026-06-26T11:15:38.352937+00:00
FIXED_chembl26.sdf,355,O=C(O)c1cccc([N+](=O)[O-])c1,4.33,experimental,,,carboxylic_acid,,2026-06-26T11:15:40.090986+00:00
FIXED_chembl26.sdf,356,O=C(O)c1ccccc1O,3.8,experimental,,,carboxylic_acid,,2026-06-26T11:15:43.080072+00:00
FIXED_chembl26.sdf,357,O=C(O)c1ccccc1O,4.3,experimental,,,carboxylic_acid,,2026-06-26T11:15:45.536434+00:00
FIXED_chembl26.sdf,358,O=C(O)c1ccccc1O,2.88,experimental,,,carboxylic_acid,,2026-06-26T11:15:46.942294+00:00
FIXED_chembl26.sdf,359,O=C(O)c1ccccc1O,3.0,experimental,,,carboxylic_acid,,2026-06-26T11:15:48.772967+00:00
FIXED_chembl26.sdf,360,O=C(O)c1ccccc1O,4.32,experimental,,,carboxylic_acid,,2026-06-26T11:15:50.201374+00:00
FIXED_chembl26.sdf,361,O=C(O)c1ccccc1O,2.97,experimental,,,carboxylic_acid,,2026-06-26T11:15:51.402857+00:00
FIXED_chembl26.sdf,362,O=C(O)c1ccccc1O,4.14,experimental,,,carboxylic_acid,,2026-06-26T11:15:53.960556+00:00
FIXED_chembl26.sdf,364,O=C(O)c1ccccc1O,3.01,experimental,,,carboxylic_acid,,2026-06-26T11:15:55.383601+00:00
FIXED_chembl26.sdf,365,O=C(O)c1ccccc1O,4.83,experimental,,,carboxylic_acid,,2026-06-26T11:15:56.598931+00:00
FIXED_chembl26.sdf,366,O=C(O)c1ccccc1O,2.96,experimental,,,carboxylic_acid,,2026-06-26T11:15:58.945604+00:00
FIXED_chembl26.sdf,375,CCCCC1C(=O)N(c2ccccc2)N(c2ccccc2)C1=O,2.4,experimental,,,aniline,,2026-06-26T11:16:30.416836+00:00
FIXED_chembl26.sdf,376,CCCCC1C(=O)N(c2ccccc2)N(c2ccccc2)C1=O,4.6,experimental,,,aniline,,2026-06-26T11:16:32.636877+00:00
FIXED_chembl26.sdf,377,CCCCC1C(=O)N(c2ccccc2)N(c2ccccc2)C1=O,4.4,experimental,,,aniline,,2026-06-26T11:16:34.180619+00:00
FIXED_chembl26.sdf,378,O=[N+]([O-])c1ccccc1O,0.2,experimental,,,aniline,,2026-06-26T11:16:38.159847+00:00
FIXED_chembl26.sdf,379,O=[N+]([O-])c1ccccc1O,7.0,experimental,,,phenol,,2026-06-26T11:16:40.614587+00:00
FIXED_chembl26.sdf,380,O=[N+]([O-])c1ccccc1O,7.2,experimental,,,phenol,,2026-06-26T11:16:42.606888+00:00
FIXED_chembl26.sdf,381,CCCC(C)C1(CC)C(=O)NC(=S)NC1=O,0.8,experimental,,,thioamideamide,,2026-06-26T11:17:00.715453+00:00
FIXED_chembl26.sdf,382,CCCC(C)C1(CC)C(=O)NC(=S)NC1=O,7.6,experimental,,,amide_secondary,,2026-06-26T11:17:06.650774+00:00
FIXED_chembl26.sdf,383,CCC(=O)c1ccc(O)cc1,1.0,experimental,,,phenol,,2026-06-26T11:17:19.924923+00:00
FIXED_chembl26.sdf,384,O=[N+]([O-])c1cccc(O)c1,1.4,experimental,,,phenol,,2026-06-26T11:17:25.416003+00:00
FIXED_chembl26.sdf,385,O=[N+]([O-])c1cccc(O)c1,8.4,experimental,,,aniline,,2026-06-26T11:17:28.775394+00:00
FIXED_chembl26.sdf,399,Cc1cc(=O)n(-c2ccccc2)n1C,5.4,experimental,,,pyrazolidine,,2026-06-26T11:17:44.059674+00:00
FIXED_chembl26.sdf,400,Cc1cc(=O)n(-c2ccccc2)n1C,1.4,experimental,,,pyrazolidine,,2026-06-26T11:17:45.474950+00:00
FIXED_chembl26.sdf,401,Cc1cc(=O)n(-c2ccccc2)n1C,1.44,experimental,,,pyrazolidine,,2026-06-26T11:17:46.546418+00:00
FIXED_chembl26.sdf,403,Cc1cc(=O)n(-c2ccccc2)n1C,0.0,experimental,,,pyrazolidine,,2026-06-26T11:17:47.577108+00:00
FIXED_chembl26.sdf,404,Cc1cc(=O)n(-c2ccccc2)n1C,3.9,experimental,,,pyrazolidine,,2026-06-26T11:17:48.780168+00:00
FIXED_chembl26.sdf,405,Cc1cc(=O)n(-c2ccccc2)n1C,1.45,experimental,,,pyrazolidine,,2026-06-26T11:17:50.192408+00:00
FIXED_chembl26.sdf,423,C=C[C@H]1CN2CC[C@H]1C[C@H]2[C@H](O)c1ccnc2ccc(OC)cc12,1.6,experimental,,,quinoline,,2026-06-26T11:18:23.077958+00:00
FIXED_chembl26.sdf,424,C=C[C@H]1CN2CC[C@H]1C[C@H]2[C@H](O)c1ccnc2ccc(OC)cc12,8.8,experimental,,,tertiary_amine,,2026-06-26T11:18:29.064593+00:00
FIXED_chembl26.sdf,426,C=C[C@H]1CN2CC[C@H]1C[C@H]2[C@H](O)c1ccnc2ccc(OC)cc12,9.13,experimental,,,tertiary_amine,,2026-06-26T11:18:31.147698+00:00
FIXED_chembl26.sdf,428,C=C[C@H]1CN2CC[C@H]1C[C@H]2[C@H](O)c1ccnc2ccc(OC)cc12,3.1,experimental,,,quinoline,,2026-06-26T11:18:39.849045+00:00
FIXED_chembl26.sdf,429,C=C[C@H]1CN2CC[C@H]1C[C@H]2[C@H](O)c1ccnc2ccc(OC)cc12,8.5,experimental,,,tertiary_amine,,2026-06-26T11:18:43.545023+00:00
FIXED_chembl26.sdf,430,CN[C@@H](C)[C@H](O)c1ccccc1,2.8,experimental,,,secondary_amine,,2026-06-26T11:18:48.470276+00:00
FIXED_chembl26.sdf,431,CN[C@@H](C)[C@H](O)c1ccccc1,9.65,experimental,,,secondary_amine,,2026-06-26T11:18:49.815893+00:00
FIXED_chembl26.sdf,432,CN[C@@H](C)[C@H](O)c1ccccc1,4.3,experimental,,,secondary_amine,,2026-06-26T11:18:52.192446+00:00
FIXED_chembl26.sdf,435,Cc1nc2c3c(ccn2c1C)CCC(c1ccccc1)O3,7.73,experimental,,,n-indole,,2026-06-26T11:18:56.445351+00:00
FIXED_chembl26.sdf,436,CC(=O)c1c(C)nc2c3c(c(C(=O)N(C)C)cn12)CCC(c1ccccc1)O3,3.73,experimental,,,n-indole,,2026-06-26T11:18:59.412330+00:00
FIXED_chembl26.sdf,437,Cc1nc2c3c(c(C(=O)N(C)C)cn2c1C)CCC(c1cccs1)O3,6.64,experimental,,,n-indole,,2026-06-26T11:19:01.115777+00:00
FIXED_chembl26.sdf,438,Cc1nc2c3c(c(C(=O)N(C)C)cn2c1C)CCC(c1ccc(F)cc1)O3,6.74,experimental,,,n-indole,,2026-06-26T11:19:02.464945+00:00
FIXED_chembl26.sdf,439,Cc1nc2c3c(c(C(=O)N(C)C)cn2c1C)CCC(c1ccccc1F)O3,6.78,experimental,,,n-indole,,2026-06-26T11:19:03.780921+00:00
FIXED_chembl26.sdf,473,C[n+]1cccc(/C=N/O)c1.[Br-],9.53,experimental,,,imine,,2026-06-26T11:20:11.009869+00:00
FIXED_chembl26.sdf,474,C[n+]1ccc(/C=N/O)cc1.[Br-],8.36,experimental,,,imine,,2026-06-26T11:20:12.142125+00:00
FIXED_chembl26.sdf,475,O/N=C/c1cc[n+](CCC[n+]2ccc(/C=N/O)cc2)cc1.[Br-].[Br-],8.19,experimental,,,imine,,2026-06-26T11:20:16.835405+00:00
FIXED_chembl26.sdf,476,O/N=C/c1cc[n+](CCC[n+]2ccc(/C=N/O)cc2)cc1.[Br-].[Br-],7.8,experimental,,,imine,,2026-06-26T11:20:19.081578+00:00
FIXED_chembl26.sdf,477,O/N=C/c1cc[n+](CCC[n+]2ccc(/C=N/O)cc2)cc1.[Br-].[Br-],7.06,experimental,,,imine,,2026-06-26T11:20:20.064000+00:00
FIXED_chembl26.sdf,478,O/N=C\c1cc[n+](Cc2ccccc2C[n+]2ccc(/C=N\O)cc2)cc1.[Br-].[Br-],8.29,experimental,,,imine,,2026-06-26T11:20:21.075335+00:00
FIXED_chembl26.sdf,479,O/N=C\c1cc[n+](Cc2ccccc2C[n+]2ccc(/C=N\O)cc2)cc1.[Br-].[Br-],7.4,experimental,,,imine,,2026-06-26T11:20:22.025455+00:00
FIXED_chembl26.sdf,480,O/N=C/c1cc[n+](Cc2cccc(C[n+]3ccc(/C=N/O)cc3)c2)cc1.[Br-].[Br-],8.1,experimental,,,imine,,2026-06-26T11:20:23.627752+00:00
FIXED_chembl26.sdf,481,O/N=C/c1cc[n+](Cc2cccc(C[n+]3ccc(/C=N/O)cc3)c2)cc1.[Br-].[Br-],7.14,experimental,,,imine,,2026-06-26T11:20:24.758898+00:00
FIXED_chembl26.sdf,482,O/N=C/c1cc[n+](Cc2ccc(C[n+]3ccc(/C=N/O)cc3)cc2)cc1.[Br-].[Br-],8.3,experimental,,,imine,,2026-06-26T11:20:25.618894+00:00
FIXED_chembl26.sdf,483,O/N=C/c1cc[n+](Cc2ccc(C[n+]3ccc(/C=N/O)cc3)cc2)cc1.[Br-].[Br-],7.58,experimental,,,imine,,2026-06-26T11:20:26.389944+00:00
FIXED_chembl26.sdf,484,NC(=O)c1cc[n+](CCC[n+]2ccc(/C=N/O)cc2)cc1.[Br-].[Br-],8.49,experimental,,,amide_primary,,2026-06-26T11:20:27.146341+00:00
FIXED_chembl26.sdf,485,NC(=O)c1cc[n+](CCC[n+]2ccc(/C=N/O)cc2)cc1.[Br-].[Br-],8.32,experimental,,,imine,,2026-06-26T11:20:33.743326+00:00
FIXED_chembl26.sdf,486,NC(=O)c1cc[n+](CCC[n+]2ccc(/C=N/O)cc2)cc1.[Br-].[Br-],8.42,experimental,,,imine,,2026-06-26T11:20:34.842219+00:00
FIXED_chembl26.sdf,487,NC(=O)c1cc[n+](CCC[n+]2ccc(/C=N/O)cc2)cc1.[Br-].[Br-],8.29,experimental,,,imine,,2026-06-26T11:20:36.422784+00:00
FIXED_chembl26.sdf,488,NC(=O)c1cc[n+](CCCC[n+]2ccc(/C=N/O)cc2)cc1.[Br-].[Br-],8.55,experimental,,,imine,,2026-06-26T11:20:37.715225+00:00
FIXED_chembl26.sdf,489,NC(=O)c1cc[n+](CCCC[n+]2ccc(/C=N/O)cc2)cc1.[Br-].[Br-],8.44,experimental,,,imine,,2026-06-26T11:20:40.213450+00:00
FIXED_chembl26.sdf,490,NC(=O)c1cc[n+](CCCC[n+]2ccc(/C=N/O)cc2)cc1.[Br-].[Br-],8.28,experimental,,,imine,,2026-06-26T11:20:41.492207+00:00
FIXED_chembl26.sdf,491,NC(=O)c1cc[n+](C/C=C\C[n+]2ccc(/C=N/O)cc2)cc1.[Br-].[Br-],8.34,experimental,,,imine,,2026-06-26T11:20:42.446648+00:00
FIXED_chembl26.sdf,492,NC(=O)c1cc[n+](C/C=C\C[n+]2ccc(/C=N/O)cc2)cc1.[Br-].[Br-],8.23,experimental,,,imine,,2026-06-26T11:20:43.343045+00:00
FIXED_chembl26.sdf,493,NC(=O)c1cc[n+](Cc2ccc(C[n+]3ccc(/C=N/O)cc3)cc2)cc1.[Br-].[Br-],8.25,experimental,,,imine,,2026-06-26T11:20:44.333095+00:00
FIXED_chembl26.sdf,494,NC(=O)c1cc[n+](Cc2ccc(C[n+]3ccc(/C=N/O)cc3)cc2)cc1.[Br-].[Br-],8.09,experimental,,,imine,,2026-06-26T11:20:45.183419+00:00
FIXED_chembl26.sdf,495,NC(=O)c1cc[n+](Cc2ccc(C[n+]3ccc(/C=N/O)cc3)cc2)cc1.[Br-].[Br-],8.1,experimental,,,imine,,2026-06-26T11:20:46.161899+00:00
FIXED_chembl26.sdf,496,NC(=O)c1cc[n+](Cc2cccc(C[n+]3ccc(/C=N/O)cc3)c2)cc1.[Br-].[Br-],8.02,experimental,,,imine,,2026-06-26T11:20:47.061811+00:00
FIXED_chembl26.sdf,497,NC(=O)c1cc[n+](Cc2cccc(C[n+]3ccc(/C=N/O)cc3)c2)cc1.[Br-].[Br-],8.01,experimental,,,imine,,2026-06-26T11:20:47.978946+00:00
FIXED_chembl26.sdf,498,NC(=O)c1cc[n+](Cc2cccc(C[n+]3ccc(/C=N/O)cc3)c2)cc1.[Br-].[Br-],8.11,experimental,,,imine,,2026-06-26T11:20:49.040319+00:00
FIXED_chembl26.sdf,499,NC(=O)c1cc[n+](Cc2ccccc2C[n+]2ccc(/C=N/O)cc2)cc1.[Br-].[Br-],8.13,experimental,,,imine,,2026-06-26T11:20:50.557530+00:00
FIXED_chembl26.sdf,500,NC(=O)c1cc[n+](Cc2ccccc2C[n+]2ccc(/C=N/O)cc2)cc1.[Br-].[Br-],7.94,experimental,,,imine,,2026-06-26T11:20:51.467737+00:00
FIXED_chembl26.sdf,501,NC(=O)c1cc[n+](Cc2ccccc2C[n+]2ccc(/C=N/O)cc2)cc1.[Br-].[Br-],7.97,experimental,,,imine,,2026-06-26T11:20:52.338122+00:00
FIXED_chembl26.sdf,502,C[C@@H]1CN[C@@H](C2CC2)C(=O)N(C)[C@H](C)C(=O)N[C@H](Cc2ccc(F)cc2)C(=O)NCCCc2ccccc2O1.Cl.O,7.17,experimental,,,secondary_amine,,2026-06-26T11:20:55.943283+00:00
FIXED_chembl26.sdf,503,C[C@@H]1C(=O)N[C@H](Cc2ccccc2)C(=O)NCCCc2ccccc2OCCN[C@@H](C2CC2)C(=O)N1C,6.72,experimental,,,secondary_amine,,2026-06-26T11:20:58.012296+00:00
FIXED_chembl26.sdf,508,CN1CCN(CC(=O)Nc2cc(-n3cccn3)nc(-c3ccco3)n2)CC1,7.9,experimental,,,tertiary_amine,,2026-06-26T11:21:13.204579+00:00
FIXED_chembl26.sdf,510,O=C(O)C1CCCNC1,10.3,experimental,,,secondary_amine,,2026-06-26T11:21:20.484211+00:00
FIXED_chembl26.sdf,511,O=C(O)C1CCCNC1,10.32,experimental,,,secondary_amine,,2026-06-26T11:21:23.234956+00:00
FIXED_chembl26.sdf,518,Cl.N=C(N)c1ccc(-c2ccc(-c3ccc(C(=N)N)cc3)o2)cc1,10.4,experimental,,,amidine,,2026-06-26T11:21:32.920020+00:00
FIXED_chembl26.sdf,519,Cl.N/C(=N\O)Nc1ccc(Oc2ccc(N/C(N)=N/O)cc2)cc1,8.3,experimental,,,amidine,,2026-06-26T11:22:05.500888+00:00
FIXED_chembl26.sdf,520,C[C@H](N)CNc1nc(-c2ccncc2)cc2cnccc12,9.0,experimental,,,primary_amine,,2026-06-26T11:22:09.486703+00:00
FIXED_chembl26.sdf,521,Nc1ccc(S(=O)(=O)c2c(O)cc(O)cc2O)cc1,9.62,experimental,,,phenol,Reassigned from aniline by minimum-error one-to-one matching across the three phenolic O-H coordinates,2026-09-16T00:00:00+00:00,13
FIXED_chembl26.sdf,522,Nc1ccc(S(=O)(=O)c2c(O)cc(O)cc2O)cc1,7.69,experimental,,,phenol,Reassigned from aniline by minimum-error one-to-one matching across the three phenolic O-H coordinates,2026-09-16T00:00:00+00:00,16
FIXED_chembl26.sdf,532,CCNC(=O)Nc1cc(-c2nc(C(F)(F)F)cs2)c(-c2cc(C(=O)O)cnc2N2C3CCC2CN(C)C3)cn1,7.4,experimental,,,tertiary_amine,,2026-06-26T11:22:30.828915+00:00
FIXED_chembl26.sdf,533,CCNC(=O)Nc1cc(-c2nc(C(F)(F)F)cs2)c(-c2cc(C(=O)O)cnc2N2C3CCC2CN(C)C3)cn1,3.5,experimental,,,carboxylic_acid,,2026-06-26T11:22:38.550193+00:00
FIXED_chembl26.sdf,534,CCNC(=O)Nc1cc(-c2nc(C(F)(F)F)cs2)c(-c2cc(C(=O)O)ccc2N2C3CCC2CN(C)C3)cn1,8.2,experimental,,,tertiary_amine,,2026-06-26T11:22:43.664146+00:00
FIXED_chembl26.sdf,535,CCNC(=O)Nc1cc(-c2nc(C(F)(F)F)cs2)c(-c2cc(C(=O)O)ccc2N2C3CCC2CN(C)C3)cn1,4.4,experimental,,,carboxylic_acid,,2026-06-26T11:22:46.590785+00:00
FIXED_chembl26.sdf,536,CCNC(=O)Nc1cc(-c2nc(C(F)(F)F)cs2)c(-c2cc(C(=O)NS(C)(=O)=O)cnc2N2C3CCC2CN(C)C3)cn1,7.6,experimental,,,tertiary_amine,,2026-06-26T11:22:52.433725+00:00
FIXED_chembl26.sdf,538,CCNC(=O)Nc1cc(-c2nc(C(F)(F)F)cs2)c(-c2cc(-c3nnn[nH]3)cnc2N2C3CCC2CN(C)C3)cn1,7.8,experimental,,,tertiary_amine,,2026-06-26T11:53:18.777269+00:00
FIXED_chembl26.sdf,539,CCNC(=O)Nc1cc(-c2nc(C(F)(F)F)cs2)c(-c2cc(-c3nnn[nH]3)cnc2N2C3CCC2CN(C)C3)cn1,3.6,experimental,,,tetrazole,,2026-06-26T11:53:27.498112+00:00
FIXED_chembl26.sdf,540,CCNC(=O)Nc1cc(-c2nc(C(F)(F)F)cs2)c(-c2cc(-c3n[nH]c(=O)o3)cnc2N2C3CCC2CN(C)C3)cn1,7.8,experimental,,,tertiary_amine,,2026-06-26T11:53:32.823974+00:00
FIXED_chembl26.sdf,541,CCNC(=O)Nc1cc(-c2nc(C(F)(F)F)cs2)c(-c2cc(-c3n[nH]c(=O)o3)cnc2N2C3CCC2CN(C)C3)cn1,6.7,experimental,,,tertiary_amine,,2026-06-26T11:53:35.279625+00:00
FIXED_chembl26.sdf,542,CCNC(=O)Nc1cc(-c2nc(C(F)(F)F)cs2)c(-c2cc(-c3n[nH]c(=O)o3)cnc2N2CCC(N)CC2)cn1,9.5,experimental,,,tertiary_amine,,2026-06-26T11:53:39.393190+00:00
FIXED_chembl26.sdf,543,CCNC(=O)Nc1cc(-c2nc(C(F)(F)F)cs2)c(-c2cc(-c3n[nH]c(=O)o3)cnc2N2CCC(N)CC2)cn1,6.8,experimental,,,tertiary_amine,,2026-06-26T11:53:43.086133+00:00
FIXED_chembl26.sdf,544,CCNC(=O)Nc1cc(-c2nc(C(F)(F)F)cs2)c(-c2cc(-c3n[nH]c(=O)o3)cnc2N2[C@@H]3CC[C@H]2C[C@@H](N)C3)cn1,9.5,experimental,,,tertiary_amine,,2026-06-26T11:53:44.156634+00:00
FIXED_chembl26.sdf,545,CCNC(=O)Nc1cc(-c2nc(C(F)(F)F)cs2)c(-c2cc(-c3n[nH]c(=O)o3)cnc2N2[C@@H]3CC[C@H]2C[C@@H](N)C3)cn1,6.8,experimental,,,tertiary_amine,,2026-06-26T11:53:45.527898+00:00
FIXED_chembl26.sdf,546,CCNC(=O)Nc1cc(-c2nc(C3CC3)cs2)c(-c2cc(-c3n[nH]c(=O)o3)cnc2N2C3CCC2CN(C)C3)cn1,7.9,experimental,,,tertiary_amine,,2026-06-26T11:53:48.506851+00:00
FIXED_chembl26.sdf,547,CCNC(=O)Nc1cc(-c2nc(C3CC3)cs2)c(-c2cc(-c3n[nH]c(=O)o3)cnc2N2C3CCC2CN(C)C3)cn1,6.7,experimental,,,tertiary_amine,,2026-06-26T11:53:49.998493+00:00
FIXED_chembl26.sdf,548,O=C(O)CN1C(=O)c2cccc3cccc(c23)C1=O,4.8,experimental,,,carboxylic_acid,,2026-06-26T11:53:52.721749+00:00
FIXED_chembl26.sdf,549,O=C(O)C1CCOc2ccc(Cl)cc21,4.9,experimental,,,carboxylic_acid,,2026-06-26T11:53:54.773141+00:00
FIXED_chembl26.sdf,550,O=C1NC(=O)[C@@]2(CCOc3ccc(Cl)cc32)O1,5.6,experimental,,,imide,,2026-06-26T11:53:59.326398+00:00
FIXED_chembl26.sdf,555,Cl.N=C(N)N1C2CC(OC(=O)C(CO)c3ccccc3)CC1C1OC12,10.84,experimental,,,guanidine,,2026-06-26T11:54:15.032692+00:00
FIXED_chembl26.sdf,564,Cl.N=C(N)N1C2CCC1CC(OC(=O)C(CO)c1ccccc1)C2,11.6,experimental,,,guanidine,,2026-06-26T11:54:26.766064+00:00
FIXED_chembl26.sdf,565,CC(=N)N1C2CC(OC(=O)C(CO)c3ccccc3)CC1C1OC12.Cl,10.74,experimental,,,amidine,,2026-06-26T11:54:30.780830+00:00
FIXED_chembl26.sdf,566,CC(=N)N1C2CCC1CC(OC(=O)C(CO)c1ccccc1)C2.Cl,10.92,experimental,,,amidine,,2026-06-26T11:54:33.019824+00:00
FIXED_chembl26.sdf,567,Cl.N=CN1C2CCC1CC(OC(=O)C(CO)c1ccccc1)C2,10.33,experimental,,,amidine,,2026-06-26T11:54:34.537368+00:00
FIXED_chembl26.sdf,568,CN1[C@@H]2C[C@@H](OC(=O)[C@H](CO)c3ccccc3)C[C@H]1[C@@H]1O[C@H]12,7.55,experimental,,,tertiary_amine,,2026-06-26T11:54:37.141230+00:00
FIXED_chembl26.sdf,569,CN1[C@@H]2C[C@@H](OC(=O)[C@H](CO)c3ccccc3)C[C@H]1[C@@H]1O[C@H]12,7.6,experimental,,,tertiary_amine,,2026-06-26T11:54:38.122601+00:00
FIXED_chembl26.sdf,570,CN1[C@@H]2C[C@@H](OC(=O)[C@H](CO)c3ccccc3)C[C@H]1[C@@H]1O[C@H]12,7.75,experimental,,,tertiary_amine,,2026-06-26T11:54:38.997477+00:00
FIXED_chembl26.sdf,571,Cl.N=CN1C2CC(OC(=O)C(CO)c3ccccc3)CC1C1OC12,9.78,experimental,,,primary_alcohol,,2026-06-26T11:54:39.890866+00:00
FIXED_chembl26.sdf,582,N#Cc1cc(C(F)(F)F)ccc1N1CCOc2cc(S(=O)(=O)Nc3ccncn3)ccc21,5.8,experimental,,,aniline,,2026-06-26T11:55:16.517173+00:00
FIXED_chembl26.sdf,585,O=C(O)C(=O)CC(=O)c1ccc(-c2ccccc2)cc1,3.85,experimental,,,carboxylic_acid,,2026-06-26T11:55:26.906401+00:00
FIXED_chembl26.sdf,610,Oc1cc(Cc2ccccc2)on1,5.36,experimental,,,isoxazolidine,,2026-06-26T11:56:21.120142+00:00
FIXED_chembl26.sdf,611,O=C1CC(=O)C(Cc2ccccc2)N1,6.08,experimental,,,amide_secondary,,2026-06-26T11:56:38.349803+00:00
FIXED_chembl26.sdf,619,Oc1ccccc1SCc1ccccc1,9.06,experimental,,,thiophenol,,2026-06-26T11:56:44.015821+00:00
FIXED_chembl26.sdf,620,[O-][S+](Cc1ccccc1)c1ccccc1O,7.7,experimental,,,thiophenol,,2026-06-26T11:56:45.041494+00:00
FIXED_chembl26.sdf,621,O=S(=O)(Cc1ccccc1)c1ccccc1O,7.12,experimental,,,thiophenol,,2026-06-26T11:56:46.011410+00:00
FIXED_chembl26.sdf,631,C[C@]1(c2cc(N)ccc2F)N=C(N)CO[C@H]1C(F)(F)F,8.0,experimental,,,amidine,,2026-06-26T11:57:02.045072+00:00
FIXED_chembl26.sdf,632,C[C@]1(c2cc(N)ccc2F)N=C(N)CO[C@@H]1F,8.1,experimental,,,amidine,,2026-06-26T11:57:02.940299+00:00
FIXED_chembl26.sdf,633,CC1(c2ccccc2)COCC(N)=N1,9.8,experimental,,,amidine,,2026-06-26T11:57:03.880603+00:00
FIXED_chembl26.sdf,634,C[C@]1(c2cc(NC(=O)c3ccc(C#N)cn3)ccc2F)N=C(N)CO[C@@H]1F,7.9,experimental,,,amidine,,2026-06-26T11:57:08.507940+00:00
FIXED_chembl26.sdf,635,Cc1cc(Cl)cnc1C(=O)Nc1ccc(F)c([C@@]2(C)N=C(N)CO[C@@H]2F)c1,7.4,experimental,,,amidine,,2026-06-26T11:57:10.928243+00:00
FIXED_chembl26.sdf,636,C[C@]1(c2cc(NC(=O)c3ccc(Cl)cn3)ccc2F)N=C(N)CO[C@@H]1F,7.9,experimental,,,amidine,,2026-06-26T11:57:12.149855+00:00
FIXED_chembl26.sdf,637,COc1cnc(C(=O)Nc2cc([C@@]3(C)N=C(N)CO[C@@H]3F)ccn2)cn1,2.8,experimental,,,amidine,,2026-06-26T11:57:14.185251+00:00
FIXED_chembl26.sdf,638,COc1cnc(C(=O)Nc2ccnc([C@@]3(C)N=C(N)CO[C@@H]3F)c2)cn1,2.6,experimental,,,amidine,,2026-06-26T11:57:15.095171+00:00
FIXED_chembl26.sdf,639,COc1cnc(C(=O)Nc2ccc(F)c([C@@]3(C4CC4)N=C(N)CO[C@@H]3F)c2)cn1,7.8,experimental,,,amidine,,2026-06-26T11:57:18.439039+00:00
FIXED_chembl26.sdf,640,C[C@]1(c2cc(NC(=O)c3cnc(Cl)cn3)ccc2F)N=C(N)CO[C@@H]1C(F)(F)F,8.0,experimental,,,amidine,,2026-06-26T11:57:20.640057+00:00
FIXED_chembl26.sdf,641,C[C@]1(c2cc(NC(=O)c3cnc(Cl)cn3)ccc2F)N=C(N)CO[C@H]1C(F)(F)F,7.8,experimental,,,amidine,,2026-06-26T11:57:21.432735+00:00
FIXED_chembl26.sdf,642,C[C@]1(c2cc(NC(=O)c3cnc(Cl)cn3)ccc2F)N=C(N)CO[C@]1(F)C(F)(F)F,6.9,experimental,,,amidine,,2026-06-26T11:57:22.191073+00:00
FIXED_chembl26.sdf,643,C[C@]1(c2cc(NC(=O)c3cnc(Cl)cn3)ccc2F)N=C(N)CO[C@@]1(F)C(F)(F)F,6.8,experimental,,,amidine,,2026-06-26T11:57:23.353053+00:00
FIXED_chembl26.sdf,644,COc1cnc(C(=O)Nc2ccc(F)c([C@@]3(C)N=C(N)CO[C@@H]3F)c2)cn1,7.8,experimental,,,amidine,,2026-06-26T11:57:25.269666+00:00
FIXED_chembl26.sdf,646,COc1cnc(C(=O)Nc2ccc(F)c([C@@]3(C)N=C(N)CO[C@H]3F)c2)cn1,7.6,experimental,,,amidine,,2026-06-26T11:57:26.381747+00:00
FIXED_chembl26.sdf,647,COc1cnc(C(=O)Nc2ccc(F)c([C@]3(C)COCC(N)=N3)c2)cn1,9.0,experimental,,,amidine,,2026-06-26T11:57:27.704045+00:00
FIXED_chembl26.sdf,648,C[C@@]1(c2cc(NC(=O)c3ccc(Cl)cn3)ccc2F)COCC(N)=N1,9.2,experimental,,,amidine,,2026-06-26T11:57:29.287675+00:00
FIXED_chembl26.sdf,650,C[C@@]1(c2cccc(NC(=O)c3ccc(Cl)cn3)c2)COCC(N)=N1,9.6,experimental,,,amidine,,2026-06-26T11:57:30.184647+00:00
FIXED_chembl26.sdf,651,CCN(CC)CCCC(C)Nc1ccnc2cc(Cl)ccc12,8.38,experimental,,,tertiary_amine,,2026-06-26T11:57:33.344189+00:00
FIXED_chembl26.sdf,652,CCN(CC)CCCC(C)Nc1ccnc2cc(Cl)ccc12,9.94,experimental,,,tertiary_amine,,2026-06-26T11:57:34.080963+00:00
FIXED_chembl26.sdf,653,CCN(CC)CCCC(C)Nc1ccnc2cc(Cl)ccc12,8.41,experimental,,,tertiary_amine,,2026-06-26T11:57:35.259824+00:00
FIXED_chembl26.sdf,654,CCN(CC)CCCC(C)Nc1ccnc2cc(Cl)ccc12,8.5,experimental,,,tertiary_amine,,2026-06-26T11:57:36.402280+00:00
FIXED_chembl26.sdf,655,CCN(CC)CCCC(C)Nc1ccnc2cc(Cl)ccc12,10.8,experimental,,,tertiary_amine,,2026-06-26T11:57:37.350578+00:00
FIXED_chembl26.sdf,656,CCN(CC)CCCC(C)Nc1ccnc2cc(Cl)ccc12,9.9,experimental,,,tertiary_amine,,2026-06-26T11:57:38.266871+00:00
FIXED_chembl26.sdf,658,CCN(CC)CCCC(C)Nc1ccnc2cc(Cl)ccc12,8.4,experimental,,,tertiary_amine,,2026-06-26T11:57:39.117600+00:00
FIXED_chembl26.sdf,659,CCN(CC)CCCC(C)Nc1ccnc2cc(Cl)ccc12,8.1,experimental,,,tertiary_amine,,2026-06-26T11:57:39.941471+00:00
FIXED_chembl26.sdf,660,CCN(CC)CCCC(C)Nc1ccnc2cc(Cl)ccc12,10.27,experimental,,,tertiary_amine,,2026-06-26T11:57:40.819594+00:00
FIXED_chembl26.sdf,662,CO/N=C(\C#N)C1=CCCN(C)C1,7.65,experimental,,,tertiary_amine,,2026-06-26T11:57:42.596744+00:00
FIXED_chembl26.sdf,663,CO/N=C(\C#N)C1CN2CCC1CC2,8.96,experimental,,,tertiary_amine,,2026-06-26T11:57:43.454604+00:00
FIXED_chembl26.sdf,664,CO/N=C(\F)C1=CCCN(C)C1,7.39,experimental,,,tertiary_amine,,2026-06-26T11:57:46.891563+00:00
FIXED_chembl26.sdf,666,CO/N=C/C1=CCCN(C)C1,8.21,experimental,,,tertiary_amine,,2026-06-26T11:57:55.886168+00:00
FIXED_chembl26.sdf,667,CO/N=C/C1=CCCNC1,9.18,experimental,,,secondary_amine,,2026-06-26T11:57:58.363951+00:00
FIXED_chembl26.sdf,668,NC(=O)c1cc[n+](C/C=C/C[n+]2ccc(/C=N/O)cc2)cc1.[Br-].[Br-],8.33,experimental,,,imine,,2026-06-26T11:58:01.682335+00:00
FIXED_chembl26.sdf,669,O=C1C(Nc2ccccc2)=C(NS(=O)(=O)c2ccccc2)C(=O)c2ccccc21,9.5,experimental,,,aniline,,2026-06-26T11:58:06.049603+00:00
FIXED_chembl26.sdf,670,Cc1cc(C)cc(NC2=C(NS(=O)(=O)c3ccccc3)C(=O)c3ccccc3C2=O)c1,9.2,experimental,,,aniline,,2026-06-26T11:58:06.977442+00:00
FIXED_chembl26.sdf,671,O=C1C(Nc2ccc(Br)cc2)=C(NS(=O)(=O)c2ccccc2)C(=O)c2ccccc21,10.4,experimental,,,aniline,,2026-06-26T11:58:08.098666+00:00
FIXED_chembl26.sdf,672,COCCNC1=C(NS(=O)(=O)c2ccccc2)C(=O)c2ccccc2C1=O,9.8,experimental,,,enamine,,2026-06-26T11:58:16.993511+00:00
FIXED_chembl26.sdf,673,O=C1C(NC2CCCC2)=C(NS(=O)(=O)c2ccccc2)C(=O)c2ccccc21,10.1,experimental,,,enamine,,2026-06-26T11:58:20.928597+00:00
FIXED_chembl26.sdf,674,O=C1C(NCc2ccccc2)=C(NS(=O)(=O)c2ccccc2)C(=O)c2ccccc21,10.4,experimental,,,enamine,,2026-06-26T11:58:23.793351+00:00
FIXED_chembl26.sdf,675,O=C1C(NS(=O)(=O)c2ccccc2)=C(Oc2ccccc2)C(=O)c2ccccc21,5.0,experimental,,,enamine,,2026-06-26T11:58:25.564257+00:00
FIXED_chembl26.sdf,676,Cc1cc(C)cc(OC2=C(NS(=O)(=O)c3ccccc3)C(=O)c3ccccc3C2=O)c1,5.0,experimental,,,enamine,,2026-06-26T11:58:26.952563+00:00
FIXED_chembl26.sdf,677,O=C1C(NS(=O)(=O)c2ccccc2)=C(Oc2ccc(Br)cc2)C(=O)c2ccccc21,5.0,experimental,,,enamine,,2026-06-26T11:58:29.172937+00:00
FIXED_chembl26.sdf,678,O=C1C(NS(=O)(=O)c2ccccc2)=C(c2ccccc2Cl)C(=O)c2ccccc21,4.9,experimental,,,enamine,,2026-06-26T11:58:31.028900+00:00
FIXED_chembl26.sdf,679,O=C1C(NS(=O)(=O)c2ccccc2)=C(c2cccc(Cl)c2)C(=O)c2ccccc21,4.5,experimental,,,enamine,,2026-06-26T11:58:33.107722+00:00
FIXED_chembl26.sdf,680,O=C1C(NS(=O)(=O)c2ccccc2)=C(c2ccc(Cl)cc2)C(=O)c2ccccc21,5.0,experimental,,,enamine,,2026-06-26T11:58:34.011854+00:00
FIXED_chembl26.sdf,681,O=Cc1cccc(C2=C(NS(=O)(=O)c3ccccc3)C(=O)c3ccccc3C2=O)c1,5.0,experimental,,,enamine,,2026-06-26T11:58:36.142853+00:00
FIXED_chembl26.sdf,682,O=Cc1ccc(C2=C(NS(=O)(=O)c3ccccc3)C(=O)c3ccccc3C2=O)cc1,4.6,experimental,,,enamine,,2026-06-26T11:58:37.436635+00:00
FIXED_chembl26.sdf,683,O=C1C(NS(=O)(=O)c2ccccc2)=C(c2ccco2)C(=O)c2ccccc21,5.1,experimental,,,enamine,,2026-06-26T11:58:39.312105+00:00
FIXED_chembl26.sdf,684,O=C1C(NS(=O)(=O)c2ccccc2)=C(c2ccoc2)C(=O)c2ccccc21,5.0,experimental,,,enamine,,2026-06-26T11:58:40.811896+00:00
FIXED_chembl26.sdf,685,Cc1cc(C)cc(NC2=C(NS(C)(=O)=O)C(=O)c3ccccc3C2=O)c1,9.5,experimental,,,enamine,,2026-06-26T11:58:43.957560+00:00
FIXED_chembl26.sdf,686,Cc1cc(C)cc(NC2=C(NS(=O)(=O)C3CCCCC3)C(=O)c3ccccc3C2=O)c1,10.6,experimental,,,aniline,,2026-06-26T11:58:46.650760+00:00
FIXED_chembl26.sdf,687,Cc1cc(C)cc(NC2=C(NS(=O)(=O)c3ccccc3C)C(=O)c3ccccc3C2=O)c1,9.3,experimental,,,aniline,,2026-06-26T11:58:47.456915+00:00
FIXED_chembl26.sdf,688,Cc1cc(C)cc(NC2=C(NS(=O)(=O)c3ccccc3[N+](=O)[O-])C(=O)c3ccccc3C2=O)c1,7.9,experimental,,,aniline,,2026-06-26T11:58:49.449218+00:00
FIXED_chembl26.sdf,689,Cc1cc(C)cc(NC2=C(NS(=O)(=O)c3c(F)cccc3F)C(=O)c3ccccc3C2=O)c1,8.4,experimental,,,aniline,,2026-06-26T11:58:50.611317+00:00
FIXED_chembl26.sdf,690,Cc1cc(C)cc(NC2=C(NS(=O)(=O)c3cccc([N+](=O)[O-])c3)C(=O)c3ccccc3C2=O)c1,8.6,experimental,,,aniline,,2026-06-26T11:58:52.415024+00:00
FIXED_chembl26.sdf,691,Cc1ccc(S(=O)(=O)NC2=C(Nc3cc(C)cc(C)c3)C(=O)c3ccccc3C2=O)cc1,9.7,experimental,,,aniline,,2026-06-26T11:58:54.217124+00:00
FIXED_chembl26.sdf,692,Cc1cc(C)cc(NC2=C(NS(=O)(=O)c3ccc(F)cc3)C(=O)c3ccccc3C2=O)c1,9.9,experimental,,,aniline,,2026-06-26T11:58:55.456466+00:00
FIXED_chembl26.sdf,693,Cc1cc(C)cc(NC2=C(NS(=O)(=O)c3ccco3)C(=O)c3ccccc3C2=O)c1,8.3,experimental,,,aniline,,2026-06-26T11:58:57.505225+00:00
FIXED_chembl26.sdf,694,Cc1cc(C)cc(NC2=C(NS(=O)(=O)Cc3ccccc3)C(=O)c3ccccc3C2=O)c1,10.0,experimental,,,aniline,,2026-06-26T11:58:59.635560+00:00
FIXED_chembl26.sdf,695,O=Cc1cccc(C2=C(NC(=O)c3ccccc3)C(=O)c3ccccc3C2=O)c1,10.9,experimental,,,aldehyde,,2026-06-26T11:59:01.624059+00:00
FIXED_chembl26.sdf,696,O=C(NC1=C(c2ccoc2)C(=O)c2ccccc2C1=O)c1ccccc1,12.1,experimental,,,enamine,,2026-06-26T11:59:07.716348+00:00
FIXED_chembl26.sdf,697,O=Cc1cccc(C2=C(NC(=O)Cc3ccccc3)C(=O)c3ccccc3C2=O)c1,11.4,experimental,,,enamine,,2026-06-26T11:59:09.685177+00:00
FIXED_chembl26.sdf,698,O=C(Cc1ccccc1)NC1=C(c2ccoc2)C(=O)c2ccccc2C1=O,12.5,experimental,,,enamine,,2026-06-26T11:59:11.326926+00:00
FIXED_chembl26.sdf,699,Cc1cc(C)cc(NC2=C(NS(=O)(=O)c3ccccc3)C(=O)c3cccc([N+](=O)[O-])c3C2=O)c1,8.2,experimental,,,aniline,,2026-06-26T11:59:14.293661+00:00
FIXED_chembl26.sdf,732,NS(=O)(=O)c1cc(C(=O)O)c(NCc2ccco2)cc1Cl,10.63,experimental,,,aniline,,2026-06-26T12:00:01.600933+00:00
FIXED_chembl26.sdf,733,NS(=O)(=O)c1cc(C(=O)O)c(NCc2ccco2)cc1Cl,3.9,experimental,,,carboxylic_acid,,2026-06-26T12:00:05.741470+00:00
FIXED_chembl26.sdf,734,NS(=O)(=O)c1cc(C(=O)O)c(NCc2ccco2)cc1Cl,4.5,experimental,,,carboxylic_acid,,2026-06-26T12:00:07.656987+00:00
FIXED_chembl26.sdf,735,NS(=O)(=O)c1cc(C(=O)O)c(NCc2ccco2)cc1Cl,10.46,experimental,,,aniline,,2026-06-26T12:00:10.067246+00:00
FIXED_chembl26.sdf,736,NS(=O)(=O)c1cc(C(=O)O)c(NCc2ccco2)cc1Cl,4.7,experimental,,,carboxylic_acid,,2026-06-26T12:00:12.057507+00:00
FIXED_chembl26.sdf,737,NS(=O)(=O)c1cc(C(=O)O)c(NCc2ccco2)cc1Cl,3.96,experimental,,,carboxylic_acid,,2026-06-26T12:00:15.157053+00:00
FIXED_chembl26.sdf,739,NS(=O)(=O)c1cc(C(=O)O)c(NCc2ccco2)cc1Cl,3.51,experimental,,,carboxylic_acid,,2026-06-26T12:00:17.302920+00:00
FIXED_chembl26.sdf,740,NS(=O)(=O)c1cc2c(cc1Cl)NCNS2(=O)=O,9.95,experimental,,,aniline,,2026-06-26T12:00:21.203038+00:00
FIXED_chembl26.sdf,761,COc1ccc2cc([C@H](C)C(=O)O)ccc2c1,8.41,experimental,,,ether,,2026-06-26T12:01:04.536242+00:00
FIXED_chembl26.sdf,763,COc1ccc2cc([C@H](C)C(=O)O)ccc2c1,4.0,experimental,,,carboxylic_acid,,2026-06-26T12:01:07.585597+00:00
FIXED_chembl26.sdf,764,COC(=O)C1=C(C)NC(C)=C(C(=O)OCCN(C)Cc2ccccc2)C1c1cccc([N+](=O)[O-])c1,7.17,experimental,,,tertiary_amine,,2026-06-26T12:01:11.617541+00:00
FIXED_chembl26.sdf,765,COC(=O)C1=C(C)NC(C)=C(C(=O)OCCN(C)Cc2ccccc2)C1c1cccc([N+](=O)[O-])c1,7.6,experimental,,,tertiary_amine,,2026-06-26T12:01:12.985089+00:00
FIXED_chembl26.sdf,766,COC(=O)C1=C(C)NC(C)=C(C(=O)OCCN(C)Cc2ccccc2)C1c1cccc([N+](=O)[O-])c1,7.2,experimental,,,tertiary_amine,,2026-06-26T12:01:13.852867+00:00
FIXED_chembl26.sdf,768,COc1cc2nc(N3CCN(C(=O)c4ccco4)CC3)nc(N)c2cc1OC,6.5,experimental,,,ether,,2026-06-26T12:01:16.770290+00:00
FIXED_chembl26.sdf,769,COc1cc2nc(N3CCN(C(=O)c4ccco4)CC3)nc(N)c2cc1OC,7.0,experimental,,,ether,,2026-06-26T12:01:17.665701+00:00
FIXED_chembl26.sdf,772,C=C[C@H]1CN2CC[C@H]1C[C@@H]2[C@@H](O)c1ccnc2ccc(OC)cc12,8.52,experimental,,,tertiary_amine,,2026-06-26T12:01:23.075793+00:00
FIXED_chembl26.sdf,773,C=C[C@H]1CN2CC[C@H]1C[C@@H]2[C@@H](O)c1ccnc2ccc(OC)cc12,8.8,experimental,,,tertiary_amine,,2026-06-26T12:01:24.394068+00:00
FIXED_chembl26.sdf,774,C=C[C@H]1CN2CC[C@H]1C[C@@H]2[C@@H](O)c1ccnc2ccc(OC)cc12,8.05,experimental,,,tertiary_amine,,2026-06-26T12:01:25.401699+00:00
FIXED_chembl26.sdf,776,C=C[C@H]1CN2CC[C@H]1C[C@@H]2[C@@H](O)c1ccnc2ccc(OC)cc12,8.3,experimental,,,tertiary_amine,,2026-06-26T12:01:26.426150+00:00
FIXED_chembl26.sdf,777,C=C[C@H]1CN2CC[C@H]1C[C@@H]2[C@@H](O)c1ccnc2ccc(OC)cc12,13.93,experimental,,,tertiary_amine,,2026-06-26T12:01:28.181492+00:00
FIXED_chembl26.sdf,778,C=C[C@H]1CN2CC[C@H]1C[C@@H]2[C@@H](O)c1ccnc2ccc(OC)cc12,9.13,experimental,,,tertiary_amine,,2026-06-26T12:01:29.380347+00:00
FIXED_chembl26.sdf,779,C=C[C@H]1CN2CC[C@H]1C[C@@H]2[C@@H](O)c1ccnc2ccc(OC)cc12,8.1,experimental,,,tertiary_amine,,2026-06-26T12:01:30.500780+00:00
FIXED_chembl26.sdf,783,CNC(=C[N+](=O)[O-])NCCSCc1ccc(CN(C)C)o1,8.48,experimental,,,tertiary_amine,,2026-06-26T12:01:31.729106+00:00
FIXED_chembl26.sdf,784,CNC(=C[N+](=O)[O-])NCCSCc1ccc(CN(C)C)o1,8.47,experimental,,,tertiary_amine,,2026-06-26T12:01:33.166680+00:00
FIXED_chembl26.sdf,785,CNC(=C[N+](=O)[O-])NCCSCc1ccc(CN(C)C)o1,8.2,experimental,,,tertiary_amine,,2026-06-26T12:01:34.487538+00:00
FIXED_chembl26.sdf,786,CNC(=C[N+](=O)[O-])NCCSCc1ccc(CN(C)C)o1,0.88,experimental,,,7,manual,2026-06-26T12:02:06.765733+00:00
FIXED_chembl26.sdf,789,CNC(=C[N+](=O)[O-])NCCSCc1ccc(CN(C)C)o1,2.11,experimental,,,7,manual,2026-06-26T12:02:22.038007+00:00
FIXED_chembl26.sdf,790,CN1C(C(=O)Nc2ccccn2)=C(O)c2sccc2S1(=O)=O,4.95,experimental,,,pyridine,,2026-06-26T12:02:29.877675+00:00
FIXED_chembl26.sdf,797,Cl.N=C(N)NC(=O)c1nc(Cl)c(N)nc1N.O.O,8.8,experimental,,,guanidine,,2026-06-26T12:02:54.549511+00:00
FIXED_chembl26.sdf,852,O=C(O)C(=O)CC(=O)c1ccc(-c2ccc(Br)cc2)cc1,8.35,experimental,,,5,manual,2026-06-26T12:05:49.240141+00:00
FIXED_chembl26.sdf,853,O=C1NCC2(CCNCC2)c2[nH]c(-c3ccnc(-c4ccc5c(c4)OCO5)n3)cc21,9.3,experimental,,,secondary_amine,,2026-06-26T12:06:06.731725+00:00
FIXED_chembl26.sdf,854,O=C1NCC2(CCNCC2)c2[nH]c(-c3ccnc(-c4cc5ccccc5o4)n3)cc21,9.1,experimental,,,secondary_amine,,2026-06-26T12:06:10.517916+00:00
FIXED_chembl26.sdf,855,CN1CCC2(CC1)CNC(=O)c1cc(-c3ccnc(-c4cc5ccccc5o4)n3)[nH]c12,8.1,experimental,,,tertiary_amine,,2026-06-26T12:06:11.969831+00:00
FIXED_chembl26.sdf,856,CCN1CCC2(CC1)CNC(=O)c1cc(-c3ccnc(-c4cc5ccccc5o4)n3)[nH]c12,8.6,experimental,,,tertiary_amine,,2026-06-26T12:06:13.079653+00:00
FIXED_chembl26.sdf,857,O=C1NCC2(CCCNC2)c2[nH]c(-c3ccnc(-c4cc5ccccc5o4)n3)cc21,8.4,experimental,,,secondary_amine,,2026-06-26T12:06:14.082665+00:00
FIXED_chembl26.sdf,858,O=C1NCC2(CCCNC2)c2[nH]c(-c3ccnc(-c4ccc5c(c4)OCO5)n3)cc21,8.3,experimental,,,secondary_amine,,2026-06-26T12:06:16.489999+00:00
FIXED_chembl26.sdf,859,COc1cncc(-c2nccc(-c3cc4c([nH]3)C3(CCCNC3)CNC4=O)n2)c1,8.4,experimental,,,secondary_amine,,2026-06-26T12:06:19.098548+00:00
FIXED_chembl26.sdf,860,COCCCOc1ccc(-c2nccc(-c3cc4c([nH]3)C3(CCCNC3)CNC4=O)n2)cn1,8.2,experimental,,,secondary_amine,,2026-06-26T12:06:21.070412+00:00
FIXED_chembl26.sdf,862,COc1cccc2c1C(=O)c1c(O)c3c(c(O)c1C2=O)C[C@@](O)(C(=O)CO)C[C@@H]3O[C@H]1C[C@H](N)[C@H](O)[C@H](C)O1,8.22,experimental,,,primary_amine,,2026-06-26T12:06:46.969720+00:00
FIXED_chembl26.sdf,865,O=C(N[C@@H](Cc1ccc(OCCNc2ccccn2)cc1)C(=O)O)c1c(Cl)cccc1Cl,6.7,experimental,,,carboxylic_acid,,2026-06-26T12:07:07.463763+00:00
FIXED_chembl26.sdf,874,O=C(N[C@@H](Cc1ccc(OCCNc2nc3ccccc3[nH]2)cc1)C(=O)O)c1c(Cl)cccc1Cl,7.2,experimental,,,benzimidazole,,2026-06-26T12:07:44.552626+00:00
FIXED_chembl26.sdf,875,O=C(N[C@@H](Cc1ccc(OCCNc2nc3ccccc3s2)cc1)C(=O)O)c1c(Cl)cccc1Cl,4.3,experimental,,,carboxylic_acid,,2026-06-26T12:07:49.809702+00:00
FIXED_chembl26.sdf,876,CN1CCNc2nc(CCOc3ccc(C[C@H](NC(=O)c4c(Cl)cccc4Cl)C(=O)O)cc3)ccc21,7.1,experimental,,,pyridine,,2026-06-26T12:07:53.280376+00:00
FIXED_chembl26.sdf,877,O=C(N[C@@H](Cc1ccc(OCCc2ccc3c(n2)NCCO3)cc1)C(=O)O)c1c(Cl)cccc1Cl,6.0,experimental,,,pyridine,,2026-06-26T12:07:54.995207+00:00
FIXED_chembl26.sdf,878,O=C(N[C@@H](Cc1ccc(OCCc2cccc(NC3CCCC3)n2)cc1)C(=O)O)c1c(Cl)cccc1Cl,6.8,experimental,,,pyridine,,2026-06-26T12:07:56.304662+00:00
FIXED_chembl26.sdf,882,O=C(O)CN(CCN(CC(=O)O)CC(=O)O)CCN(CC(=O)O)CC(=O)O,10.48,experimental,,,tertiary_amine,,2026-06-26T12:08:05.929320+00:00
FIXED_chembl26.sdf,883,O=C(O)CN(CCN(CC(=O)O)CC(=O)O)CCN(CC(=O)O)CC(=O)O,8.64,experimental,,,tertiary_amine,,2026-06-26T12:08:08.102063+00:00
FIXED_chembl26.sdf,888,Nc1ccc(CC(C(=O)O)N(CCN(CC(=O)O)CC(=O)O)CCN(CC(=O)O)CC(=O)O)cc1,10.16,experimental,,,tertiary_amine,,2026-06-26T12:08:18.979915+00:00
FIXED_chembl26.sdf,891,CN(C)CCNC(=O)c1cccc2c(N)c3ccccc3nc12,8.3,experimental,,,tertiary_amine,,2026-06-26T12:08:29.891415+00:00
FIXED_chembl26.sdf,899,Cc1ccc(N2CCN(C(=O)[C@H](C)Cc3ccc(Cl)cc3)CC2)c([C@@H](NC(=O)CCN(C)C)C(C)C)c1,7.8,experimental,,,tertiary_amine,,2026-06-26T12:08:43.907421+00:00
FIXED_chembl26.sdf,902,O=[N+]([O-])c1ccc(OS(=O)(=O)[O-])cc1.[K+],7.14,experimental,,,aniline,,2026-06-26T12:08:56.867752+00:00
FIXED_chembl26.sdf,903,CCOc1ccccc1C[C@H](c1ccccc1)N1CCNCC1,4.0,experimental,,,tertiary_amine,,2026-06-26T12:09:01.407336+00:00
FIXED_chembl26.sdf,904,CC#CCn1c(N2CCC[C@@H](N)C2)nc2c1c(=O)n(Cc1nc(C)c3ccccc3n1)c(=O)n2C,8.6,experimental,,,primary_amine,,2026-06-26T12:09:05.858147+00:00
FIXED_chembl26.sdf,905,CC#CCn1c(N2CCC[C@@H](N)C2)nc2c1c(=O)n(Cc1nc(C)c3ccccc3n1)c(=O)n2C,1.9,experimental,,,aniline,,2026-06-26T12:09:11.015812+00:00
FIXED_chembl26.sdf,906,Cc1nc2ccccc2n1[C@@H]1C[C@H]2COC[C@@H](C1)N2CC[C@H](NC(=O)C1CCC1)c1ccccc1,6.0,experimental,,,tertiary_amine,,2026-06-26T12:09:15.244721+00:00
FIXED_chembl26.sdf,907,Cc1nc2ccccc2n1[C@H]1C[C@H]2CC[C@@H](C1)N2CC[C@H](NC(=O)C1CCC1)c1ccccc1,7.8,experimental,,,tertiary_amine,,2026-06-26T12:09:18.146063+00:00
FIXED_chembl26.sdf,908,CC(=O)[O-].Cc1c2cc[n+](C)cc2c(C)c2c3c([nH]c12)C=CC(=O)C3=O,5.1,experimental,,,carboxylate,,2026-06-26T12:09:22.028474+00:00
FIXED_chembl26.sdf,909,FC(F)(F)c1c(N2CCC(c3ccccc3)CC2)ccn2c(CC3CC3)nnc12,4.1,experimental,,,124triazole,,2026-06-26T12:09:25.926583+00:00
FIXED_chembl26.sdf,911,CC(C)NC1=NS(=O)(=O)c2cc(Cl)ccc2S1,9.76,experimental,,,amidine,,2026-06-26T12:09:28.362323+00:00
FIXED_chembl26.sdf,912,CS(=O)(=O)C1(c2cc(N3CCOCC3)nc(-c3cccc4[nH]ccc34)n2)CCNCC1,8.8,experimental,,,tertiary_amine,,2026-06-26T12:09:31.587319+00:00
FIXED_chembl26.sdf,928,CC[C@H]1OC(=O)[C@H](C)[C@@H](O[C@H]2C[C@@](C)(OC)[C@@H](O)[C@H](C)O2)[C@H](C)[C@@H](O[C@@H]2O[C@H](C)C[C@H](N(C)C)[C@H]2O)[C@](C)(O)C[C@@H](C)/C(=N\OCOCCOC)[C@H](C)[C@@H](O)[C@]1(C)O,9.2,experimental,,,tertiary_amine,,2026-06-26T12:10:03.015668+00:00
FIXED_chembl26.sdf,933,NCCCC[C@H](N[C@@H](CCc1ccccc1)C(=O)O)C(=O)N1CCC[C@H]1C(=O)O,11.12,experimental,,,primary_amine,,2026-06-26T12:10:21.499344+00:00
FIXED_chembl26.sdf,940,CC(C)C[C@H](N)C(=O)O,9.61,experimental,,,primary_amine,,2026-06-26T12:10:31.561843+00:00
FIXED_chembl26.sdf,942,C[C@H](N[C@@H](CCc1ccccc1)C(=O)O)C(=O)N1CCC[C@H]1C(=O)O,7.84,experimental,,,secondary_amine,,2026-06-26T12:10:38.891852+00:00
FIXED_chembl26.sdf,943,C[C@H](N[C@@H](CCc1ccccc1)C(=O)O)C(=O)N1CCC[C@H]1C(=O)O,8.02,experimental,,,secondary_amine,,2026-06-26T12:10:42.602170+00:00
FIXED_chembl26.sdf,945,NCc1ccc2c(N)nccc2c1,7.6,experimental,,,primary_amine,,2026-06-26T12:10:48.095385+00:00
FIXED_chembl26.sdf,953,Cc1ccc2nc(N)nc(O)c2c1,9.4,experimental,,,phenol,,2026-06-26T12:11:09.622152+00:00
FIXED_chembl26.sdf,955,Cc1ccc2nc(C)nc(O)c2c1,10.2,experimental,,,phenol,,2026-06-26T12:11:12.916736+00:00
FIXED_chembl26.sdf,958,Oc1ccccc1/C=N/NC(=S)NC1CCCCC1,9.8,experimental,,,phenol,,2026-06-26T12:11:25.667492+00:00
FIXED_chembl26.sdf,959,Oc1cccc(/C=N/NC(=S)NC2CCCCC2)c1,10.2,experimental,,,phenol,,2026-06-26T12:11:28.275341+00:00
FIXED_chembl26.sdf,960,OB(O)c1ccccc1/C=N/NC(=S)NC1CCCCC1,7.7,experimental,,,hydrazone,,2026-06-26T12:11:33.525396+00:00
FIXED_chembl26.sdf,962,Cc1ccc(/C=N/NC(=S)NC2CCCCC2)c(C(=O)O)c1O,4.3,experimental,,,carboxylic_acid,,2026-06-26T12:11:41.694015+00:00
FIXED_chembl26.sdf,963,O=C(O)c1cccc(/C=N/NC(=S)NC2CCCCC2)c1O,3.8,experimental,,,carboxylic_acid,,2026-06-26T12:11:43.637209+00:00
FIXED_chembl26.sdf,964,O=C(O)c1cc(/C=N/NC(=S)NC2CCCCC2)ccc1O,4.2,experimental,,,carboxylic_acid,,2026-06-26T12:11:46.271759+00:00
FIXED_chembl26.sdf,965,O=C(O)c1ccc(O)c(/C=N/NC(=S)NC2CCCCC2)c1,5.8,experimental,,,carboxylic_acid,,2026-06-26T12:11:47.643625+00:00
FIXED_chembl26.sdf,966,O=C(Nc1ccc(Cl)cc1O)Nc1ccccc1Br,8.24,experimental,,,phenol,,2026-06-26T12:11:51.042452+00:00
FIXED_chembl26.sdf,967,O=C(Nc1ccccc1Br)Nc1ccc(Cl)c(Cl)c1O,7.24,experimental,,,phenol,,2026-06-26T12:11:53.349608+00:00
FIXED_chembl26.sdf,968,NC(=O)c1c(Cl)ccc(NC(=O)Nc2ccccc2Br)c1O,7.11,experimental,,,phenol,,2026-06-26T12:11:57.037592+00:00
FIXED_chembl26.sdf,969,Cl.NCc1c(Cl)ccc(NC(=O)Nc2ccccc2Br)c1O,6.85,experimental,,,phenol,,2026-06-26T12:12:00.434841+00:00
FIXED_chembl26.sdf,970,NS(=O)(=O)c1c(Cl)ccc(NC(=O)Nc2ccccc2Br)c1O,6.12,experimental,,,phenol,,2026-06-26T12:12:03.384225+00:00
FIXED_chembl26.sdf,971,CN(C)S(=O)(=O)c1c(Cl)ccc(NC(=O)Nc2ccccc2Br)c1O,6.19,experimental,,,phenol,,2026-06-26T12:12:05.350581+00:00
FIXED_chembl26.sdf,972,Nc1ccc(CNC(=O)[C@@H]2CCCN2C(=O)[C@H](N)C(C2CCCCC2)C2CCCCC2)cn1,6.2,experimental,,,pyridine,,2026-06-26T12:12:09.387444+00:00
FIXED_chembl26.sdf,973,CC(C)(C)OC(=O)N[C@@H](C(=O)N1CCC[C@H]1C(=O)NCc1ccc(N)nc1)C(C1CCCCC1)C1CCCCC1,6.5,experimental,,,pyridine,,2026-06-26T12:12:11.438435+00:00
FIXED_chembl26.sdf,974,Nc1ccc(CNC(=O)[C@@H]2CCCN2C(=O)[C@@H](Cc2ccc(Cl)c(Cl)c2)NS(=O)(=O)Cc2ccccc2)cc1,4.8,experimental,,,sulfamide,,2026-06-26T12:12:16.002906+00:00
FIXED_chembl26.sdf,975,CN[C@H](Cc1ccccc1)C(=O)N1CCC[C@H]1C(=O)NC[C@H]1CC[C@H](N)CC1,10.2,experimental,,,primary_amine,,2026-06-26T12:12:19.423558+00:00
FIXED_chembl26.sdf,976,C[n+]1ccccc1/C=N/O.[Cl-],7.85,experimental,,,imine,,2026-06-26T12:12:22.346430+00:00
FIXED_chembl26.sdf,977,C[n+]1ccccc1/C=N/O.[Cl-],8.0,experimental,,,imine,,2026-06-26T12:12:23.492072+00:00
FIXED_chembl26.sdf,978,C[n+]1ccccc1/C=N/O.[Cl-],7.8,experimental,,,imine,,2026-06-26T12:12:24.610470+00:00
FIXED_chembl26.sdf,979,C[n+]1ccccc1/C=N/O.[Cl-],7.99,experimental,,,imine,,2026-06-26T12:12:25.626180+00:00
FIXED_chembl26.sdf,980,C[n+]1ccccc1/C=N/O.[Cl-],7.83,experimental,,,imine,,2026-06-26T12:12:26.730244+00:00
FIXED_chembl26.sdf,981,NC(=O)c1ccc[n+](Cc2ccc(C[n+]3ccc(/C=N/O)cc3)cc2)c1.[Br-].[Br-],8.15,experimental,,,imine,,2026-06-26T12:12:30.243979+00:00
FIXED_chembl26.sdf,982,NC(=O)c1ccc[n+](Cc2ccc(C[n+]3cccc(/C=N/O)c3)cc2)c1.[Br-].[Br-],8.79,experimental,,,imine,,2026-06-26T12:12:31.866689+00:00
FIXED_chembl26.sdf,983,NC(=O)c1cc[n+](Cc2ccc(C[n+]3cccc(/C=N/O)c3)cc2)cc1.[Br-].[Br-],8.77,experimental,,,imine,,2026-06-26T12:12:32.876262+00:00
FIXED_chembl26.sdf,984,NC(=O)c1ccc[n+](Cc2ccc(C[n+]3ccccc3/C=N/O)cc2)c1.[Br-].[Br-],7.72,experimental,,,imine,,2026-06-26T12:12:33.905458+00:00
FIXED_chembl26.sdf,985,NC(=O)c1cc[n+](Cc2ccc(C[n+]3ccccc3/C=N/O)cc2)cc1.[Br-].[Br-],7.76,experimental,,,imine,,2026-06-26T12:12:34.725140+00:00
FIXED_chembl26.sdf,986,NC(=O)c1ccc[n+](Cc2cccc(C[n+]3ccc(/C=N/O)cc3)c2)c1.[Br-].[Br-],7.95,experimental,,,imine,,2026-06-26T12:12:35.595907+00:00
FIXED_chembl26.sdf,987,NC(=O)c1ccc[n+](Cc2cccc(C[n+]3cccc(/C=N/O)c3)c2)c1.[Br-].[Br-],8.76,experimental,,,imine,,2026-06-26T12:12:36.379008+00:00
FIXED_chembl26.sdf,988,NC(=O)c1cc[n+](Cc2cccc(C[n+]3cccc(/C=N/O)c3)c2)cc1.[Br-].[Br-],8.75,experimental,,,imine,,2026-06-26T12:12:38.282777+00:00
FIXED_chembl26.sdf,989,NC(=O)c1ccc[n+](Cc2cccc(C[n+]3ccccc3/C=N/O)c2)c1.[Br-].[Br-],7.75,experimental,,,imine,,2026-06-26T12:12:39.605435+00:00
FIXED_chembl26.sdf,990,NC(=O)c1cc[n+](Cc2cccc(C[n+]3ccccc3/C=N/O)c2)cc1.[Br-].[Br-],7.69,experimental,,,imine,,2026-06-26T12:12:40.816194+00:00
FIXED_chembl26.sdf,991,NC(=O)c1ccc[n+](Cc2ccccc2C[n+]2ccc(/C=N/O)cc2)c1.[Br-].[Br-],7.85,experimental,,,imine,,2026-06-26T12:12:42.089811+00:00
FIXED_chembl26.sdf,992,NC(=O)c1ccc[n+](Cc2ccccc2C[n+]2cccc(/C=N/O)c2)c1.[Br-].[Br-],8.69,experimental,,,imine,,2026-06-26T12:12:44.083035+00:00
FIXED_chembl26.sdf,993,NC(=O)c1cc[n+](Cc2ccccc2C[n+]2cccc(/C=N/O)c2)cc1.[Br-].[Br-],8.59,experimental,,,imine,,2026-06-26T12:12:46.259711+00:00
FIXED_chembl26.sdf,994,NC(=O)c1ccc[n+](Cc2ccccc2C[n+]2ccccc2/C=N/O)c1.[Br-].[Br-],7.79,experimental,,,imine,,2026-06-26T12:12:47.203961+00:00
FIXED_chembl26.sdf,995,NC(=O)c1cc[n+](Cc2ccccc2C[n+]2ccccc2/C=N/O)cc1.[Br-].[Br-],7.77,experimental,,,imine,,2026-06-26T12:12:48.323875+00:00
FIXED_chembl26.sdf,996,O/N=C/c1cc[n+](COC[n+]2ccc(/C=N/O)cc2)cc1.[Cl-].[Cl-],7.83,experimental,,,imine,,2026-06-26T12:12:49.419116+00:00
FIXED_chembl26.sdf,997,O/N=C/c1cc[n+](COC[n+]2ccc(/C=N/O)cc2)cc1.[Cl-].[Cl-],7.78,experimental,,,imine,,2026-06-26T12:12:53.166439+00:00
FIXED_chembl26.sdf,998,O/N=C/c1cc[n+](COC[n+]2ccc(/C=N/O)cc2)cc1.[Cl-].[Cl-],7.8,experimental,,,imine,,2026-06-26T12:12:54.428827+00:00
FIXED_chembl26.sdf,999,CN1CC[C@H](c2c(O)cc(O)c3c(=O)cc(/C=C/c4c(Cl)cccc4Cl)oc23)[C@H](O)C1,5.4,experimental,,,tertiary_amine,,2026-06-26T12:12:59.046694+00:00
FIXED_chembl26.sdf,1000,CCN(CC)C(=O)[C@@]1(c2ccc3c(c2)OCO3)C[C@H]1CN,9.6,experimental,,,primary_amine,,2026-06-26T12:13:02.819601+00:00
FIXED_chembl26.sdf,1003,CCOc1cc(-c2nncn2C)ccc1Nc1ncc2cc(C)nc(NCC(C)(C)C)c2n1,2.63,experimental,,,124triazole,,2026-06-26T12:14:02.128663+00:00
FIXED_chembl26.sdf,1015,CN(C)CCOc1ccc(C(=O)N2C/C(=C\c3ccc([N+](=O)[O-])cc3)C(=O)/C(=C/c3ccc([N+](=O)[O-])cc3)C2)cc1.Cl,10.73,experimental,,,tertiary_amine,,2026-06-26T12:14:45.163534+00:00
FIXED_chembl26.sdf,1016,CN(C)CCOc1ccc(C(=O)N2C/C(=C\c3ccc(Cl)cc3)C(=O)/C(=C/c3ccc(Cl)cc3)C2)cc1.Cl,10.73,experimental,,,tertiary_amine,,2026-06-26T12:14:47.544771+00:00
FIXED_chembl26.sdf,1017,Cc1ccc(/C=C2\CN(C(=O)c3ccc(OCCN(C)C)cc3)C/C(=C\c3ccc(C)cc3)C2=O)cc1.Cl,10.73,experimental,,,tertiary_amine,,2026-06-26T12:14:48.778121+00:00
FIXED_chembl26.sdf,1018,Cl.O=C1/C(=C/c2ccc([N+](=O)[O-])cc2)CN(C(=O)c2ccc(OCCN3CCOCC3)cc2)C/C1=C\c1ccc([N+](=O)[O-])cc1,8.5,experimental,,,tertiary_amine,,2026-06-26T12:14:51.544629+00:00
FIXED_chembl26.sdf,1019,Cl.O=C1/C(=C/c2ccc(Cl)cc2)CN(C(=O)c2ccc(OCCN3CCOCC3)cc2)C/C1=C\c1ccc(Cl)cc1,8.5,experimental,,,tertiary_amine,,2026-06-26T12:14:54.445680+00:00
FIXED_chembl26.sdf,1020,Cc1ccc(/C=C2\CN(C(=O)c3ccc(OCCN4CCOCC4)cc3)C/C(=C\c3ccc(C)cc3)C2=O)cc1.Cl,8.5,experimental,,,tertiary_amine,,2026-06-26T12:14:56.465389+00:00
FIXED_chembl26.sdf,1021,Cl.O=C1/C(=C/c2ccccc2)CN(C(=O)c2ccc(OCCN3CCOCC3)cc2)C/C1=C\c1ccccc1,8.5,experimental,,,tertiary_amine,,2026-06-26T12:14:57.536691+00:00
FIXED_chembl26.sdf,1022,Cl.O=C1/C(=C/c2ccc([N+](=O)[O-])cc2)CN(C(=O)c2ccc(OCCN3CCCCC3)cc2)C/C1=C\c1ccc([N+](=O)[O-])cc1,11.12,experimental,,,tertiary_amine,,2026-06-26T12:14:59.522000+00:00
FIXED_chembl26.sdf,1023,Cl.O=C1/C(=C/c2ccc(Cl)cc2)CN(C(=O)c2ccc(OCCN3CCCCC3)cc2)C/C1=C\c1ccc(Cl)cc1,11.12,experimental,,,tertiary_amine,,2026-06-26T12:15:02.126970+00:00
FIXED_chembl26.sdf,1024,Cc1ccc(/C=C2\CN(C(=O)c3ccc(OCCN4CCCCC4)cc3)C/C(=C\c3ccc(C)cc3)C2=O)cc1.Cl,11.12,experimental,,,tertiary_amine,,2026-06-26T12:15:03.114951+00:00
FIXED_chembl26.sdf,1025,Cl.O=C1/C(=C/c2ccccc2)CN(C(=O)c2ccc(OCCN3CCCCC3)cc2)C/C1=C\c1ccccc1,11.12,experimental,,,tertiary_amine,,2026-06-26T12:15:04.252303+00:00
FIXED_chembl26.sdf,1026,CCN(CC)CCOc1ccc(C(=O)N2C/C(=C\c3ccc([N+](=O)[O-])cc3)C(=O)/C(=C/c3ccc([N+](=O)[O-])cc3)C2)cc1.Cl,10.84,experimental,,,tertiary_amine,,2026-06-26T12:15:08.059486+00:00
FIXED_chembl26.sdf,1027,CCN(CC)CCOc1ccc(C(=O)N2C/C(=C\c3ccc(Cl)cc3)C(=O)/C(=C/c3ccc(Cl)cc3)C2)cc1.Cl,10.84,experimental,,,tertiary_amine,,2026-06-26T12:15:10.328096+00:00
FIXED_chembl26.sdf,1028,CCN(CC)CCOc1ccc(C(=O)N2C/C(=C\c3ccc(C)cc3)C(=O)/C(=C/c3ccc(C)cc3)C2)cc1.Cl,10.84,experimental,,,tertiary_amine,,2026-06-26T12:15:11.428428+00:00
FIXED_chembl26.sdf,1029,CCN(CC)CCOc1ccc(C(=O)N2C/C(=C\c3ccccc3)C(=O)/C(=C/c3ccccc3)C2)cc1.Cl,10.84,experimental,,,tertiary_amine,,2026-06-26T12:15:12.840241+00:00
FIXED_chembl26.sdf,1030,CCCCNC(=O)[C@H](C)C[C@H](O)[C@@H](N)C[C@H](Cc1ccc(OC)c(OCCCOC)c1)C(C)C.Cl,9.13,experimental,,,primary_amine,,2026-06-26T12:15:14.736777+00:00
FIXED_chembl26.sdf,1034,COc1ccc(/C=C2\NC(=O)NC2=O)cc1,8.9,experimental,,,enamine,,2026-06-26T12:15:33.517195+00:00
FIXED_chembl26.sdf,1065,CCN(CC)c1nc(Nc2ccc([N+](=O)[O-])cc2)nc(N(CC)CC)n1,3.05,experimental,,,aniline,,2026-06-26T12:17:55.673091+00:00
FIXED_chembl26.sdf,1066,CC(C)(C)Nc1nc(Nc2ccc([N+](=O)[O-])cc2)nc(NC(C)(C)C)n1,3.68,experimental,,,aniline,,2026-06-26T12:17:59.405039+00:00
FIXED_chembl26.sdf,1067,O=[N+]([O-])c1ccc(Nc2nc(NCc3ccccc3)nc(NCc3ccccc3)n2)cc1,2.88,experimental,,,aniline,,2026-06-26T12:18:09.870196+00:00
FIXED_chembl26.sdf,1068,O=[N+]([O-])c1ccc(Nc2nc(Nc3cccc(F)c3)nc(Nc3cccc(F)c3)n2)cc1,3.13,experimental,,,aniline,,2026-06-26T12:18:11.900125+00:00
FIXED_chembl26.sdf,1069,O=[N+]([O-])c1ccc(Nc2nc(N3CCc4cccnc4C3)nc(N3CCc4cccnc4C3)n2)cc1,2.94,experimental,,,aniline,,2026-06-26T12:18:23.332685+00:00
FIXED_chembl26.sdf,1070,O=[N+]([O-])c1ccc(Nc2nc(N3CCOCC3)nc(N3CCOCC3)n2)cc1,2.98,experimental,,,aniline,,2026-06-26T12:18:24.534595+00:00
FIXED_chembl26.sdf,1071,O=[N+]([O-])c1ccc(Nc2nc(N3CCCCC3)nc(N3CCCCC3)n2)cc1,3.95,experimental,,,aniline,,2026-06-26T12:18:27.530081+00:00
FIXED_chembl26.sdf,1072,O=[N+]([O-])c1ccc(Nc2nc(N3CCCC3)nc(N3CCCC3)n2)cc1,3.62,experimental,,,aniline,,2026-06-26T12:18:28.737551+00:00
FIXED_chembl26.sdf,1073,O=[N+]([O-])c1ccc(Nc2nc(NCCO)nc(NCCO)n2)cc1,2.86,experimental,,,aniline,,2026-06-26T12:18:31.076783+00:00
FIXED_chembl26.sdf,1074,CC1(C)N=C(N)N=C(N)N1c1ccc(Cl)cc1,3.82,experimental,,,amidine,,2026-06-26T12:18:37.620933+00:00
FIXED_chembl26.sdf,1075,COc1ccc(Oc2ccc3c(NCCCNCc4ccco4)ccnc3c2)cc1,9.28,experimental,,,secondary_amine,,2026-06-26T12:18:41.682591+00:00
FIXED_chembl26.sdf,1076,COc1ccc(F)cc1CNCCCNc1ccnc2cc(Oc3cccc(N(C)C)c3)ccc12,9.28,experimental,,,secondary_amine,,2026-06-26T12:18:43.574493+00:00
FIXED_chembl26.sdf,1077,c1ccc(Oc2ccc3c(NCCCNCc4ccc5c(c4)OCO5)ccnc3c2)cc1,9.28,experimental,,,secondary_amine,,2026-06-26T12:18:44.895792+00:00
FIXED_chembl26.sdf,1078,COc1ccccc1Oc1ccc2c(NCCCNCc3ccco3)ccnc2c1,9.28,experimental,,,secondary_amine,,2026-06-26T12:18:46.481110+00:00
FIXED_chembl26.sdf,1079,Fc1ccc(Oc2ccc3c(NCCCNCc4ccco4)ccnc3c2)cc1,9.28,experimental,,,secondary_amine,,2026-06-26T12:18:47.965125+00:00
FIXED_chembl26.sdf,1080,COc1ccc(F)cc1CNCCCNc1ccnc2cc(Oc3ccc(Cl)cc3)ccc12,9.28,experimental,,,secondary_amine,,2026-06-26T12:18:49.444989+00:00
FIXED_chembl26.sdf,1081,COc1ccc(F)cc1CNCCCNc1ccnc2cc(Oc3ccc(F)cc3)ccc12,9.28,experimental,,,secondary_amine,,2026-06-26T12:18:50.565898+00:00
FIXED_chembl26.sdf,1082,COc1ccc(F)cc1CNCCCNc1ccnc2cc(Oc3ccccc3)ccc12,9.28,experimental,,,secondary_amine,,2026-06-26T12:18:51.596974+00:00
FIXED_chembl26.sdf,1083,COc1cccc(Oc2ccc3c(NCCCNCc4ccco4)ccnc3c2)c1,9.28,experimental,,,secondary_amine,,2026-06-26T12:18:53.839480+00:00
FIXED_chembl26.sdf,1084,CN(C)c1cccc(Oc2ccc3c(NCCCNCc4ccco4)ccnc3c2)c1,9.28,experimental,,,secondary_amine,,2026-06-26T12:18:55.277617+00:00
FIXED_chembl26.sdf,1085,COc1cccc(CNCCCNc2ccnc3cc(Oc4ccc(C(C)(C)C)cc4)ccc23)c1O,9.28,experimental,,,secondary_amine,,2026-06-26T12:18:57.065451+00:00
FIXED_chembl26.sdf,1086,COc1cccc(Oc2ccc3c(NCCCNCc4cc(F)ccc4OC)ccnc3c2)c1,9.28,experimental,,,secondary_amine,,2026-06-26T12:18:58.319020+00:00
FIXED_chembl26.sdf,1087,Clc1ccc(Oc2ccc3c(NCCCNCc4ccc5c(c4)OCO5)ccnc3c2)cc1,9.28,experimental,,,secondary_amine,,2026-06-26T12:18:59.563716+00:00
FIXED_chembl26.sdf,1088,COc1ccc(Oc2ccc3c(NCCCNCc4cccc(OC)c4O)ccnc3c2)cc1,9.28,experimental,,,secondary_amine,,2026-06-26T12:19:00.882973+00:00
FIXED_chembl26.sdf,1089,COc1ccccc1Oc1ccc2c(NCCCNCc3ccc4c(c3)OCO4)ccnc2c1,9.28,experimental,,,secondary_amine,,2026-06-26T12:19:02.120413+00:00
FIXED_chembl26.sdf,1090,COc1cccc(Oc2ccc3c(NCCCNCc4ccc5c(c4)OCO5)ccnc3c2)c1,9.28,experimental,,,secondary_amine,,2026-06-26T12:19:03.064613+00:00
FIXED_chembl26.sdf,1091,COc1ccc(Oc2ccc3c(NCCCNCc4cc(F)ccc4OC)ccnc3c2)cc1,9.28,experimental,,,secondary_amine,,2026-06-26T12:19:04.468461+00:00
FIXED_chembl26.sdf,1092,Fc1ccc(Oc2ccc3c(NCCCNCc4ccc5c(c4)OCO5)ccnc3c2)cc1,9.28,experimental,,,secondary_amine,,2026-06-26T12:19:06.260649+00:00
FIXED_chembl26.sdf,1093,COc1cccc(CNCCCNc2ccnc3cc(Oc4ccc(Cl)cc4)ccc23)c1O,9.28,experimental,,,secondary_amine,,2026-06-26T12:19:07.421246+00:00
FIXED_chembl26.sdf,1094,Clc1ccc(Oc2ccc3c(NCCCNCc4ccco4)ccnc3c2)cc1,9.28,experimental,,,secondary_amine,,2026-06-26T12:19:10.007683+00:00
FIXED_chembl26.sdf,1095,COc1ccc(F)cc1CNCCCNc1ccnc2cc(Oc3ccccc3OC)ccc12,9.28,experimental,,,secondary_amine,,2026-06-26T12:19:11.928225+00:00
FIXED_chembl26.sdf,1096,COc1ccc(Oc2ccc3c(NCCCNCc4ccc5c(c4)OCO5)ccnc3c2)cc1,9.28,experimental,,,secondary_amine,,2026-06-26T12:19:13.180596+00:00
FIXED_chembl26.sdf,1097,COc1cccc(CNCCCNc2ccnc3cc(Oc4ccccc4)ccc23)c1O,9.28,experimental,,,secondary_amine,,2026-06-26T12:19:14.325396+00:00
FIXED_chembl26.sdf,1098,COc1cccc(CNCCCNc2ccnc3cc(Oc4cccc(N(C)C)c4)ccc23)c1O,9.28,experimental,,,secondary_amine,,2026-06-26T12:19:15.464757+00:00
FIXED_chembl26.sdf,1099,CC(C)(C)c1ccc(Oc2ccc3c(NCCCNCc4ccc5c(c4)OCO5)ccnc3c2)cc1,9.28,experimental,,,secondary_amine,,2026-06-26T12:19:16.794454+00:00
FIXED_chembl26.sdf,1100,COc1ccc(F)cc1CNCCCNc1ccnc2cc(Oc3ccc(C(C)(C)C)cc3)ccc12,9.28,experimental,,,secondary_amine,,2026-06-26T12:19:17.836097+00:00
FIXED_chembl26.sdf,1101,COc1cccc(Oc2ccc3c(NCCCNCc4cccc(OC)c4O)ccnc3c2)c1,9.28,experimental,,,secondary_amine,,2026-06-26T12:19:19.055590+00:00
FIXED_chembl26.sdf,1102,COc1cccc(CNCCCNc2ccnc3cc(Oc4ccc(F)cc4)ccc23)c1O,9.28,experimental,,,secondary_amine,,2026-06-26T12:19:20.969567+00:00
FIXED_chembl26.sdf,1103,CN(C)c1cccc(Oc2ccc3c(NCCCNCc4ccc5c(c4)OCO5)ccnc3c2)c1,9.28,experimental,,,secondary_amine,,2026-06-26T12:19:21.781069+00:00
FIXED_chembl26.sdf,1104,CC(C)(C)c1ccc(Oc2ccc3c(NCCCNCc4ccco4)ccnc3c2)cc1,9.28,experimental,,,secondary_amine,,2026-06-26T12:19:25.335008+00:00
FIXED_chembl26.sdf,1105,COc1ccccc1Oc1ccc2c(NCCCNCc3cccc(OC)c3O)ccnc2c1,9.28,experimental,,,secondary_amine,,2026-06-26T12:19:26.484730+00:00
FIXED_chembl26.sdf,1106,c1ccc(Oc2ccc3c(NCCCNCc4ccco4)ccnc3c2)cc1,9.28,experimental,,,secondary_amine,,2026-06-26T12:19:27.926260+00:00
FIXED_chembl26.sdf,1107,COc1ccc(-c2ccc3c(NCCCNCc4ccco4)ccnc3c2)cc1,9.47,experimental,,,secondary_amine,,2026-06-26T12:19:29.483053+00:00
FIXED_chembl26.sdf,1108,COc1ccc(F)cc1CNCCCNc1ccnc2cc(Cc3ccc4c(c3)OCO4)ccc12,9.47,experimental,,,secondary_amine,,2026-06-26T12:19:30.811870+00:00
FIXED_chembl26.sdf,1109,COc1cccc(CNCCCNc2ccnc3cc(-c4ccc(C(F)(F)F)cc4)ccc23)c1O,9.47,experimental,,,secondary_amine,,2026-06-26T12:19:31.923533+00:00
FIXED_chembl26.sdf,1110,COc1ccc(-c2ccc3c(NCCCNCc4ccc5c(c4)OCO5)ccnc3c2)cc1,9.47,experimental,,,secondary_amine,,2026-06-26T12:19:32.941882+00:00
FIXED_chembl26.sdf,1111,c1cc(NCCCNCc2ccc3c(c2)OCO3)c2ccc(Cc3ccc4c(c3)OCO4)cc2n1,9.47,experimental,,,secondary_amine,,2026-06-26T12:19:34.298846+00:00
FIXED_chembl26.sdf,1112,COc1ccc(-c2ccc3c(NCCCNCc4cc(F)ccc4OC)ccnc3c2)cc1,9.47,experimental,,,secondary_amine,,2026-06-26T12:19:35.146876+00:00
FIXED_chembl26.sdf,1113,c1ccc(-c2ccc3c(NCCCNCc4ccc5c(c4)OCO5)ccnc3c2)cc1,9.47,experimental,,,secondary_amine,,2026-06-26T12:19:36.225731+00:00
FIXED_chembl26.sdf,1114,Fc1ccc(-c2ccc3c(NCCCNCc4ccc5c(c4)OCO5)ccnc3c2)cc1,9.47,experimental,,,secondary_amine,,2026-06-26T12:19:37.199016+00:00
FIXED_chembl26.sdf,1115,COc1ccc(F)cc1CNCCCNc1ccnc2cc(-c3ccccc3)ccc12,9.47,experimental,,,secondary_amine,,2026-06-26T12:19:38.241604+00:00
FIXED_chembl26.sdf,1116,c1coc(CNCCCNc2ccnc3cc(Cc4ccc5c(c4)OCO5)ccc23)c1,9.47,experimental,,,secondary_amine,,2026-06-26T12:19:40.380377+00:00
FIXED_chembl26.sdf,1117,COc1cccc(CNCCCNc2ccnc3cc(Cc4ccc5c(c4)OCO5)ccc23)c1O,9.47,experimental,,,secondary_amine,,2026-06-26T12:19:41.628309+00:00
FIXED_chembl26.sdf,1118,Fc1ccc(-c2ccc3c(NCCCNCc4ccco4)ccnc3c2)cc1,9.47,experimental,,,secondary_amine,,2026-06-26T12:19:43.728524+00:00
FIXED_chembl26.sdf,1119,COc1ccc(-c2ccc3c(NCCCNCc4cccc(OC)c4O)ccnc3c2)cc1,9.47,experimental,,,secondary_amine,,2026-06-26T12:19:45.041663+00:00
FIXED_chembl26.sdf,1120,COc1ccc(F)cc1CNCCCNc1ccnc2cc(-c3ccc(C(F)(F)F)cc3)ccc12,9.47,experimental,,,secondary_amine,,2026-06-26T12:19:46.431611+00:00
FIXED_chembl26.sdf,1121,COc1ccc(F)cc1CNCCCNc1ccnc2cc(-c3ccc(F)cc3)ccc12,9.47,experimental,,,secondary_amine,,2026-06-26T12:19:47.371043+00:00
FIXED_chembl26.sdf,1122,FC(F)(F)c1ccc(-c2ccc3c(NCCCNCc4ccc5c(c4)OCO5)ccnc3c2)cc1,9.47,experimental,,,secondary_amine,,2026-06-26T12:19:48.247695+00:00
FIXED_chembl26.sdf,1123,c1ccc(-c2ccc3c(NCCCNCc4ccco4)ccnc3c2)cc1,9.47,experimental,,,secondary_amine,,2026-06-26T12:19:49.546102+00:00
FIXED_chembl26.sdf,1124,COc1cccc(CNCCCNc2ccnc3cc(-c4cc(C(F)(F)F)cc(C(F)(F)F)c4)ccc23)c1O,9.47,experimental,,,secondary_amine,,2026-06-26T12:19:50.694274+00:00
FIXED_chembl26.sdf,1125,FC(F)(F)c1ccc(-c2ccc3c(NCCCNCc4ccco4)ccnc3c2)cc1,9.47,experimental,,,secondary_amine,,2026-06-26T12:19:52.240535+00:00
FIXED_chembl26.sdf,1126,CC(C)(C)c1ccc(-c2ccc3c(NCCCNCc4ccco4)ccnc3c2)cc1,9.47,experimental,,,secondary_amine,,2026-06-26T12:19:53.538921+00:00
FIXED_chembl26.sdf,1127,COc1cccc(CNCCCNc2ccnc3cc(-c4ccc(C(C)(C)C)cc4)ccc23)c1O,9.47,experimental,,,secondary_amine,,2026-06-26T12:19:55.130796+00:00
FIXED_chembl26.sdf,1128,CC(C)(C)c1ccc(-c2ccc3c(NCCCNCc4ccc5c(c4)OCO5)ccnc3c2)cc1,9.47,experimental,,,secondary_amine,,2026-06-26T12:19:56.308676+00:00
FIXED_chembl26.sdf,1129,c1ccc2c(-c3ccc4c(NCCCNCc5ccc6c(c5)OCO6)ccnc4c3)cccc2c1,9.47,experimental,,,secondary_amine,,2026-06-26T12:19:57.166150+00:00
FIXED_chembl26.sdf,1130,FC(F)(F)c1cc(-c2ccc3c(NCCCNCc4ccc5c(c4)OCO5)ccnc3c2)cc(C(F)(F)F)c1,9.47,experimental,,,secondary_amine,,2026-06-26T12:19:58.220738+00:00
FIXED_chembl26.sdf,1131,COc1ccc(F)cc1CNCCCNc1ccnc2cc(-c3cc(C(F)(F)F)cc(C(F)(F)F)c3)ccc12,9.47,experimental,,,secondary_amine,,2026-06-26T12:19:59.270781+00:00
FIXED_chembl26.sdf,1132,COc1cccc(CNCCCNc2ccnc3cc(-c4ccc(F)cc4)ccc23)c1O,9.47,experimental,,,secondary_amine,,2026-06-26T12:20:00.824568+00:00
FIXED_chembl26.sdf,1133,FC(F)(F)c1cc(-c2ccc3c(NCCCNCc4ccco4)ccnc3c2)cc(C(F)(F)F)c1,9.47,experimental,,,secondary_amine,,2026-06-26T12:20:02.814554+00:00
FIXED_chembl26.sdf,1134,COc1ccc(F)cc1CNCCCNc1ccnc2cc(-c3cccc4ccccc34)ccc12,9.47,experimental,,,secondary_amine,,2026-06-26T12:20:04.275974+00:00
FIXED_chembl26.sdf,1135,COc1cccc(CNCCCNc2ccnc3cc(-c4cccc5ccccc45)ccc23)c1O,9.47,experimental,,,secondary_amine,,2026-06-26T12:20:05.519240+00:00
FIXED_chembl26.sdf,1136,c1coc(CNCCCNc2ccnc3cc(-c4cccc5ccccc45)ccc23)c1,9.47,experimental,,,secondary_amine,,2026-06-26T12:20:06.721034+00:00
FIXED_chembl26.sdf,1137,COc1ccc(F)cc1CNCCCNc1ccnc2cc(-c3ccc(C(C)(C)C)cc3)ccc12,9.47,experimental,,,secondary_amine,,2026-06-26T12:20:07.797280+00:00
FIXED_chembl26.sdf,1138,COc1cccc(CNCCCNc2ccnc3cc(-c4ccccc4)ccc23)c1O,9.47,experimental,,,secondary_amine,,2026-06-26T12:20:09.153837+00:00
FIXED_chembl26.sdf,1139,CCC(CC)c1ccc2c(NCCCNCc3cccc(OC)c3O)ccnc2c1,9.47,experimental,,,secondary_amine,,2026-06-26T12:20:10.037971+00:00
FIXED_chembl26.sdf,1140,COc1cccc(CNCCCNc2ccnc3cc(Cc4cc(C)cc(C)c4)ccc23)c1O,9.47,experimental,,,secondary_amine,,2026-06-26T12:20:10.837889+00:00
FIXED_chembl26.sdf,1141,Cc1cc(C)cc(Cc2ccc3c(NCCCNCc4ccco4)ccnc3c2)c1,9.47,experimental,,,secondary_amine,,2026-06-26T12:20:12.813212+00:00
FIXED_chembl26.sdf,1142,COc1cccc(CNCCCNc2ccnc3cc(Cc4ccc(C#N)cc4)ccc23)c1O,9.47,experimental,,,secondary_amine,,2026-06-26T12:20:14.419559+00:00
FIXED_chembl26.sdf,1143,COc1ccc(F)cc1CNCCCNc1ccnc2cc(Cc3ccccc3)ccc12,9.47,experimental,,,secondary_amine,,2026-06-26T12:20:16.062941+00:00
FIXED_chembl26.sdf,1144,COc1cccc(CNCCCNc2ccnc3cc(Cc4ccc(F)cc4Cl)ccc23)c1O,9.47,experimental,,,secondary_amine,,2026-06-26T12:20:16.978900+00:00
FIXED_chembl26.sdf,1145,c1ccc(CCc2ccc3c(NCCCNCc4ccc5c(c4)OCO5)ccnc3c2)cc1,9.47,experimental,,,secondary_amine,,2026-06-26T12:20:17.835052+00:00
FIXED_chembl26.sdf,1146,COc1cccc(CNCCCNc2ccnc3cc(Cc4ccc(F)cc4)ccc23)c1O,9.47,experimental,,,secondary_amine,,2026-06-26T12:20:18.673795+00:00
FIXED_chembl26.sdf,1147,COc1cccc(CNCCCNc2ccnc3cc(CCc4ccccc4)ccc23)c1O,9.47,experimental,,,secondary_amine,,2026-06-26T12:20:19.421220+00:00
FIXED_chembl26.sdf,1148,COc1cccc(CNCCCNc2ccnc3cc(Cc4ccccc4)ccc23)c1O,9.47,experimental,,,secondary_amine,,2026-06-26T12:20:20.153599+00:00
FIXED_chembl26.sdf,1149,COc1cccc(CNCCCNc2ccnc3cc(C4CCCCC4)ccc23)c1O,9.47,experimental,,,secondary_amine,,2026-06-26T12:20:20.880337+00:00
FIXED_chembl26.sdf,1150,Fc1ccc(Cc2ccc3c(NCCCNCc4ccco4)ccnc3c2)c(Cl)c1,9.47,experimental,,,secondary_amine,,2026-06-26T12:20:22.685229+00:00
FIXED_chembl26.sdf,1151,COc1cccc(CNCCCNc2ccnc3cc(CC(C)C)ccc23)c1O,9.47,experimental,,,secondary_amine,,2026-06-26T12:20:23.842687+00:00
FIXED_chembl26.sdf,1152,COc1cccc(CNCCCNc2ccnc3cc(CCC(C)C)ccc23)c1O,9.47,experimental,,,secondary_amine,,2026-06-26T12:20:25.666355+00:00
FIXED_chembl26.sdf,1153,N#Cc1ccc(Cc2ccc3c(NCCCNCc4ccc5c(c4)OCO5)ccnc3c2)cc1,9.47,experimental,,,secondary_amine,,2026-06-26T12:20:26.793285+00:00
FIXED_chembl26.sdf,1154,COc1cccc(CNCCCNc2ccnc3cc(Cc4cccc(C(F)(F)F)c4)ccc23)c1O,9.47,experimental,,,secondary_amine,,2026-06-26T12:20:27.755885+00:00
FIXED_chembl26.sdf,1155,Fc1ccc(Cc2ccc3c(NCCCNCc4ccc5c(c4)OCO5)ccnc3c2)c(Cl)c1,9.47,experimental,,,secondary_amine,,2026-06-26T12:20:28.614938+00:00
FIXED_chembl26.sdf,1156,CCC(CC)c1ccc2c(NCCCNCc3ccc4c(c3)OCO4)ccnc2c1,9.47,experimental,,,secondary_amine,,2026-06-26T12:20:29.390709+00:00
FIXED_chembl26.sdf,1157,CC(C)CCc1ccc2c(NCCCNCc3ccc4c(c3)OCO4)ccnc2c1,9.47,experimental,,,secondary_amine,,2026-06-26T12:20:30.186321+00:00
FIXED_chembl26.sdf,1158,COc1ccc(F)cc1CNCCCNc1ccnc2cc(Cc3ccc(C#N)cc3)ccc12,9.47,experimental,,,secondary_amine,,2026-06-26T12:20:31.217775+00:00
FIXED_chembl26.sdf,1159,COc1ccc(F)cc1CNCCCNc1ccnc2cc(Cc3cc(C)cc(C)c3)ccc12,9.47,experimental,,,secondary_amine,,2026-06-26T12:20:32.168604+00:00
FIXED_chembl26.sdf,1160,N#Cc1ccc(Cc2ccc3c(NCCCNCc4ccco4)ccnc3c2)cc1,9.47,experimental,,,furan,,2026-06-26T12:20:32.936464+00:00
FIXED_chembl26.sdf,1161,FC(F)(F)c1cccc(Cc2ccc3c(NCCCNCc4ccc5c(c4)OCO5)ccnc3c2)c1,9.47,experimental,,,secondary_amine,,2026-06-26T12:20:40.809851+00:00
FIXED_chembl26.sdf,1162,c1ccc(Cc2ccc3c(NCCCNCc4ccco4)ccnc3c2)cc1,9.47,experimental,,,secondary_amine,,2026-06-26T12:20:42.066903+00:00
FIXED_chembl26.sdf,1163,COc1ccc(F)cc1CNCCCNc1ccnc2cc(Cc3cccc(C(F)(F)F)c3)ccc12,9.47,experimental,,,secondary_amine,,2026-06-26T12:20:44.087977+00:00
FIXED_chembl26.sdf,1164,CCC(CC)c1ccc2c(NCCCNCc3cc(F)ccc3OC)ccnc2c1,9.47,experimental,,,secondary_amine,,2026-06-26T12:20:45.316162+00:00
FIXED_chembl26.sdf,1165,c1cc(NCCCNCc2ccc3c(c2)OCO3)c2ccc(CC3CCCCC3)cc2n1,9.47,experimental,,,secondary_amine,,2026-06-26T12:20:46.113224+00:00
FIXED_chembl26.sdf,1166,Cc1cc(C)cc(Cc2ccc3c(NCCCNCc4ccc5c(c4)OCO5)ccnc3c2)c1,9.47,experimental,,,secondary_amine,,2026-06-26T12:20:46.825782+00:00
FIXED_chembl26.sdf,1167,c1ccc(CCc2ccc3c(NCCCNCc4ccco4)ccnc3c2)cc1,9.47,experimental,,,secondary_amine,,2026-06-26T12:20:47.841197+00:00
FIXED_chembl26.sdf,1168,COc1cccc(CNCCCNc2ccnc3cc(CC4CCCCC4)ccc23)c1O,9.47,experimental,,,secondary_amine,,2026-06-26T12:20:48.920687+00:00
FIXED_chembl26.sdf,1169,c1coc(CNCCCNc2ccnc3cc(CC4CCCCC4)ccc23)c1,9.47,experimental,,,secondary_amine,,2026-06-26T12:20:50.037180+00:00
FIXED_chembl26.sdf,1170,FC(F)(F)c1cccc(Cc2ccc3c(NCCCNCc4ccco4)ccnc3c2)c1,9.47,experimental,,,secondary_amine,,2026-06-26T12:20:51.050598+00:00
FIXED_chembl26.sdf,1171,Fc1ccc(Cc2ccc3c(NCCCNCc4ccco4)ccnc3c2)cc1,9.47,experimental,,,secondary_amine,,2026-06-26T12:20:51.993214+00:00
FIXED_chembl26.sdf,1172,CC(C)Cc1ccc2c(NCCCNCc3ccc4c(c3)OCO4)ccnc2c1,9.47,experimental,,,secondary_amine,,2026-06-26T12:20:53.204848+00:00
FIXED_chembl26.sdf,1173,COc1ccc(F)cc1CNCCCNc1ccnc2cc(Cc3ccc(F)cc3)ccc12,9.47,experimental,,,secondary_amine,,2026-06-26T12:20:54.242551+00:00
FIXED_chembl26.sdf,1174,CCC(CC)c1ccc2c(NCCCNCc3ccco3)ccnc2c1,9.47,experimental,,,secondary_amine,,2026-06-26T12:20:55.272978+00:00
FIXED_chembl26.sdf,1175,COc1ccc(F)cc1CNCCCNc1ccnc2cc(CC(C)C)ccc12,9.47,experimental,,,secondary_amine,,2026-06-26T12:20:56.634427+00:00
FIXED_chembl26.sdf,1176,COc1ccc(F)cc1CNCCCNc1ccnc2cc(C3CCCCC3)ccc12,9.47,experimental,,,secondary_amine,,2026-06-26T12:20:57.833172+00:00
FIXED_chembl26.sdf,1177,COc1ccc(F)cc1CNCCCNc1ccnc2cc(CCC(C)C)ccc12,9.47,experimental,,,secondary_amine,,2026-06-26T12:20:58.732261+00:00
FIXED_chembl26.sdf,1178,c1coc(CNCCCNc2ccnc3cc(C4CCCCC4)ccc23)c1,9.47,experimental,,,secondary_amine,,2026-06-26T12:21:00.317096+00:00
FIXED_chembl26.sdf,1179,Fc1ccc(Cc2ccc3c(NCCCNCc4ccc5c(c4)OCO5)ccnc3c2)cc1,9.47,experimental,,,secondary_amine,,2026-06-26T12:21:01.448471+00:00
FIXED_chembl26.sdf,1180,c1cc(NCCCNCc2ccc3c(c2)OCO3)c2ccc(C3CCCCC3)cc2n1,9.47,experimental,,,secondary_amine,,2026-06-26T12:21:03.625879+00:00
FIXED_chembl26.sdf,1181,COc1ccc(F)cc1CNCCCNc1ccnc2cc(CCc3ccccc3)ccc12,9.47,experimental,,,secondary_amine,,2026-06-26T12:21:04.934609+00:00
FIXED_chembl26.sdf,1182,COc1ccc(F)cc1CNCCCNc1ccnc2cc(CC3CCCCC3)ccc12,9.47,experimental,,,secondary_amine,,2026-06-26T12:21:06.125507+00:00
FIXED_chembl26.sdf,1183,CC(C)CCc1ccc2c(NCCCNCc3ccco3)ccnc2c1,9.47,experimental,,,secondary_amine,,2026-06-26T12:21:07.349693+00:00
FIXED_chembl26.sdf,1184,COc1ccc(F)cc1CNCCCNc1ccnc2cc(Cc3ccc(F)cc3Cl)ccc12,9.47,experimental,,,secondary_amine,,2026-06-26T12:21:08.483433+00:00
FIXED_chembl26.sdf,1185,CC(C)Cc1ccc2c(NCCCNCc3ccco3)ccnc2c1,9.47,experimental,,,secondary_amine,,2026-06-26T12:21:09.697310+00:00
FIXED_chembl26.sdf,1186,c1ccc(Cc2ccc3c(NCCCNCc4ccc5c(c4)OCO5)ccnc3c2)cc1,9.47,experimental,,,secondary_amine,,2026-06-26T12:21:11.192248+00:00
FIXED_chembl26.sdf,1187,CS(=O)(=O)O.C[C@H]1C2Cc3ccc(O)cc3[C@@]1(C)CCN2CCF,8.35,experimental,,,tertiary_amine,,2026-06-26T12:21:13.954627+00:00
FIXED_chembl26.sdf,1188,CCOC(=O)C1(c2ccccc2)CCN(CC(F)(F)F)CC1.Cl,3.13,experimental,,,tertiary_amine,,2026-06-26T12:21:36.452505+00:00
FIXED_chembl26.sdf,1189,CCOC(=O)C1(c2ccccc2)CCN(CC)CC1.Cl,9.03,experimental,,,tertiary_amine,,2026-06-26T12:21:38.182787+00:00
FIXED_chembl26.sdf,1190,CCN1CC[C@]2(C)c3cc(O)ccc3CC1[C@@H]2C.CS(=O)(=O)O,9.42,experimental,,,tertiary_amine,,2026-06-26T12:21:39.822584+00:00
FIXED_chembl26.sdf,1191,CCOC(=O)C1(c2ccccc2)CCN(CCF)CC1.Cl,7.43,experimental,,,tertiary_amine,,2026-06-26T12:21:41.185793+00:00
FIXED_chembl26.sdf,1192,CCOC(=O)C1(c2ccccc2)CCN(CC(F)F)CC1.Cl,5.23,experimental,,,tertiary_amine,,2026-06-26T12:21:43.762653+00:00
FIXED_chembl26.sdf,1193,CS(=O)(=O)O.C[C@H]1C2Cc3ccc(O)cc3[C@@]1(C)CCN2CC(F)(F)F,4.56,experimental,,,tertiary_amine,,2026-06-26T12:21:45.511630+00:00
FIXED_chembl26.sdf,1194,CS(=O)(=O)O.C[C@H]1C2Cc3ccc(O)cc3[C@@]1(C)CCN2CC(F)F,6.52,experimental,,,tertiary_amine,,2026-06-26T12:21:46.343210+00:00
FIXED_chembl26.sdf,1201,CN(CC#CCN1CCCC1=O)CCBr,5.6,experimental,,,tertiary_amine,,2026-06-26T12:21:48.073368+00:00
FIXED_chembl26.sdf,1209,COc1ccc(-c2cc3c(C(=O)O)c[nH]c3cc2Cl)cn1,2.4,experimental,,,carboxylic_acid,,2026-06-26T12:22:06.075005+00:00
FIXED_chembl26.sdf,1210,CN(C)c1ccc(-c2cc3c(C(=O)O)c[nH]c3cc2Cl)cn1,4.7,experimental,,,carboxylic_acid,,2026-06-26T12:22:08.602636+00:00
FIXED_chembl26.sdf,1211,COc1ccc(-c2cc3c(C(=O)O)c[nH]c3cc2Cl)c(OC)n1,4.8,experimental,,,carboxylic_acid,,2026-06-26T12:22:10.440740+00:00
FIXED_chembl26.sdf,1212,O=C(O)c1c[nH]c2cc(Cl)c(-c3ccc(C4(O)CCC4)cc3)cc12,4.7,experimental,,,carboxylic_acid,,2026-06-26T12:22:12.379785+00:00
FIXED_chembl26.sdf,1214,O=C(O)c1c[nH]c2cc(F)c(-c3ccc([C@@H]4CCCCO4)cc3)c(F)c12,5.0,experimental,,,carboxylic_acid,,2026-06-26T12:22:14.269279+00:00
FIXED_chembl26.sdf,1215,COc1nc(N(C)C)ccc1-c1cc2c(C(=O)O)c[nH]c2cc1Cl,2.6,experimental,,,carboxylic_acid,,2026-06-26T12:22:16.718672+00:00
FIXED_chembl26.sdf,1216,CCC(CC)(NS(=O)(=O)c1c(Cl)ccc(N/C(=N/C#N)Nc2ccccc2Br)c1O)N1C[C@@H](C)O[C@@H](C)C1,6.41,experimental,,,guanidine,,2026-06-26T12:22:22.681392+00:00
FIXED_chembl26.sdf,1217,CCC(CC)(NS(=O)(=O)c1cccc(N/C(=N/C#N)Nc2ccccc2Br)c1O)N1CCOCC1,6.48,experimental,,,guanidine,,2026-06-26T12:22:25.302732+00:00
FIXED_chembl26.sdf,1218,CCCN(CCC)c1cc(C)nc2c(-c3cnc(N(C)C)cc3C)c(C)nn12,7.1,experimental,,,tertiary_amine,,2026-06-26T12:22:29.819157+00:00
FIXED_chembl26.sdf,1219,COc1cc(N)c(Cl)cc1C(=O)NC1CCN2C(C)CCCC2C1,9.2,experimental,,,tertiary_amine,,2026-06-26T12:22:32.115405+00:00
FIXED_chembl26.sdf,1220,COc1cc(N)c(Cl)cc1C(=O)NC1CCN2CCOCC2C1,6.3,experimental,,,tertiary_amine,,2026-06-26T12:22:34.075546+00:00
FIXED_chembl26.sdf,1221,CC(C)C(=O)N(Cc1ccccc1-c1ccccc1)[C@H]1CCNC1,9.4,experimental,,,secondary_amine,,2026-06-26T12:22:37.167239+00:00
FIXED_chembl26.sdf,1222,CCOC(=O)N(Cc1ccccc1-c1ccccc1)[C@H]1CCNC1,9.6,experimental,,,secondary_amine,,2026-06-26T12:22:39.308671+00:00
FIXED_chembl26.sdf,1223,CS(=O)(=O)N(Cc1ccccc1-c1ccccc1)[C@H]1CCNC1,8.9,experimental,,,secondary_amine,,2026-06-26T12:22:40.564822+00:00
FIXED_chembl26.sdf,1224,N[C@@H]1CCC=C(c2ccc(F)cc2)[C@H]1COc1cc(F)c(S(=O)(=O)Nc2cscn2)cc1Cl,6.13,experimental,,,primary_amine,,2026-06-26T12:22:44.252204+00:00
FIXED_chembl26.sdf,1225,CCN[C@@H]1CCC=C(c2ccc(F)cc2)[C@H]1COc1cc(F)c(S(=O)(=O)Nc2cscn2)cc1Cl.Cl,6.34,experimental,,,secondary_amine,,2026-06-26T12:22:46.693562+00:00
FIXED_chembl26.sdf,1226,Cl.N[C@@H]1CCC=C(c2ccc(F)cc2)[C@H]1CNc1cc(F)c(S(=O)(=O)Nc2cscn2)cc1Cl,7.09,experimental,,,primary_amine,,2026-06-26T12:22:49.978053+00:00
FIXED_chembl26.sdf,1245,CCCCCCCCCCCCCCCC(=O)NS(=O)(=O)CCCC(=O)NCC(=O)N[C@@H](CO)C(=O)N[C@@H](CCC(N)=O)C(=O)N[C@@H](Cc1cnc[nH]1)C(=O)N[C@@H](CO)C(=O)N[C@@H](CCCC)C(=O)N[C@H]1CCC(=O)NCCCC[C@@H](C(N)=O)NC(=O)[C@H](Cc2c[nH]c3ccccc23)NC(=O)[C@H](CCCNC(=N)N)NC(=O)[C@@H](Cc2ccccc2)NC(=O)[C@@H]2C[C@@H](O)CN2C1=O,2.0,experimental,,,guanidine,,2026-06-26T12:23:32.113318+00:00
FIXED_chembl26.sdf,1247,CS(=O)(=O)Nc1ccc2c(C(=O)CN3CCC(Cc4ccccc4)CC3)c[nH]c2c1,9.97,experimental,,,tertiary_amine,,2026-06-26T12:23:41.063944+00:00
FIXED_chembl26.sdf,1248,O=C(CN1CCC(Cc2ccccc2)CC1)c1c[nH]c2cc(O)ccc12,9.63,experimental,,,tertiary_amine,,2026-06-26T12:23:42.732877+00:00
FIXED_chembl26.sdf,1249,N=C(N)Nc1nc(-c2cccc(Nc3n[s+]([O-])nc3N)c2)cs1,8.9,experimental,,,guanidine,,2026-06-26T12:23:45.739754+00:00
FIXED_chembl26.sdf,1250,N=C(N)Nc1nc(-c2cccc(Nc3n[s+]([O-])nc3N)c2)cs1,6.2,experimental,,,guanidine,,2026-06-26T12:23:48.501273+00:00
FIXED_chembl26.sdf,1251,CN/C(=C\[N+](=O)[O-])Nc1ccc(-c2csc(N=C(N)N)n2)cc1,9.7,experimental,,,guanidine,,2026-06-26T12:23:50.947565+00:00
FIXED_chembl26.sdf,1252,CN/C(=C\[N+](=O)[O-])Nc1ccc(-c2csc(N=C(N)N)n2)cc1,6.2,experimental,,,guanidine,,2026-06-26T12:23:53.570561+00:00
FIXED_chembl26.sdf,1253,CN/C(=C/[N+](=O)[O-])Nc1cccc(-c2csc(N=C(N)N)n2)c1,9.2,experimental,,,guanidine,,2026-06-26T12:23:54.897399+00:00
FIXED_chembl26.sdf,1254,CN/C(=C/[N+](=O)[O-])Nc1cccc(-c2csc(N=C(N)N)n2)c1,6.0,experimental,,,guanidine,,2026-06-26T12:23:56.089731+00:00
FIXED_chembl26.sdf,1255,NCC(F)(F)CCC(N)C(=O)O,6.88,experimental,,,carboxylic_acid,,2026-06-26T12:24:00.372219+00:00
FIXED_chembl26.sdf,1256,CC(C)(CN)CCC(N)C(=O)O.Cl,10.19,experimental,,,primary_amine,,2026-06-26T12:24:02.872422+00:00
FIXED_chembl26.sdf,1257,NCCCC[C@H](N)C(=O)O,10.61,experimental,,,primary_amine,,2026-06-26T12:24:05.282581+00:00
FIXED_chembl26.sdf,1258,NCCCC[C@H](N)C(=O)O,10.25,experimental,,,primary_amine,,2026-06-26T12:24:06.918018+00:00
FIXED_chembl26.sdf,1259,NCCSC[C@H](N)C(=O)O,9.52,experimental,,,primary_amine,,2026-06-26T12:24:08.795071+00:00
FIXED_chembl26.sdf,1260,N[C@H]1C[C@@H](N2Cc3cnc(C(F)(F)F)nc3C2)CC[C@@H]1c1cc(F)c(F)cc1F,8.6,experimental,,,tertiary_amine,,2026-06-26T12:24:12.668381+00:00
FIXED_chembl26.sdf,1261,N[C@H]1C[C@@H](N2Cc3cnc(C(F)(F)F)nc3C2)CO[C@@H]1c1cc(F)c(F)cc1F,7.3,experimental,,,tertiary_amine,,2026-06-26T12:24:15.356885+00:00
FIXED_chembl26.sdf,1262,C[C@H](CCC(=O)O)[C@H]1CC[C@H]2[C@@H]3[C@@H](O)C[C@@H]4C[C@H](O)CC[C@]4(C)[C@H]3CC[C@]12C,5.08,experimental,,,carboxylic_acid,,2026-06-26T12:24:18.703123+00:00
FIXED_chembl26.sdf,1264,CC(C1CC1C(=O)O)C1CC[C@H]2[C@@H]3[C@@H](O)CC4C[C@H](O)CCC4(C)[C@H]3CCC12C,5.01,experimental,,,carboxylic_acid,,2026-06-26T12:24:20.123273+00:00
FIXED_chembl26.sdf,1265,O=C([O-])Cc1ccc2[nH]c3c(c2c1)CN(Cc1ccccc1)CC3.[K+],4.34,experimental,,,carboxylate,,2026-06-26T12:24:22.820078+00:00
FIXED_chembl26.sdf,1266,O=C([O-])Cc1ccc2[nH]c3c(c2c1)CN(Cc1ccccc1)CC3.[K+],8.65,experimental,,,tertiary_amine,,2026-06-26T12:24:25.145803+00:00
FIXED_chembl26.sdf,1267,C[C@@H](CO)N1C(=O)c2cccc(NC(=O)c3ccncc3)c2O[C@@H](CN(C)Cc2ccc(Oc3ccccc3)cc2)[C@@H]1C,6.08,experimental,,,tertiary_amine,,2026-06-26T12:24:29.592749+00:00
FIXED_chembl26.sdf,1268,C[C@@H](CO)N1C(=O)c2cccc(NC(=O)c3ccncc3)c2O[C@@H](CN(C)Cc2ccc(Oc3ccccc3)cc2)[C@@H]1C,2.76,experimental,,,amide_tertiary,,2026-06-26T12:24:35.373333+00:00
FIXED_chembl26.sdf,1269,C[C@@H]1[C@@H](CN(C)Cc2ccc(Oc3ccccc3)cc2)Oc2c(NC(=O)c3ccncc3)cccc2C(=O)N1[C@@H](C)CO,6.18,experimental,,,tertiary_amine,,2026-06-26T12:24:49.452740+00:00
FIXED_chembl26.sdf,1270,C[C@@H]1[C@@H](CN(C)Cc2ccc(Oc3ccccc3)cc2)Oc2c(NC(=O)c3ccncc3)cccc2C(=O)N1[C@@H](C)CO,2.77,experimental,,,tertiary_amine,,2026-06-26T12:24:50.381441+00:00
FIXED_chembl26.sdf,1271,C[C@H](CO)N1C(=O)c2cccc(NC(=O)c3ccncc3)c2O[C@@H](CN(C)Cc2ccc(Oc3ccccc3)cc2)[C@@H]1C,6.14,experimental,,,tertiary_amine,,2026-06-26T12:24:51.074325+00:00
FIXED_chembl26.sdf,1272,C[C@H](CO)N1C(=O)c2cccc(NC(=O)c3ccncc3)c2O[C@@H](CN(C)Cc2ccc(Oc3ccccc3)cc2)[C@@H]1C,2.76,experimental,,,tertiary_amine,,2026-06-26T12:24:51.862662+00:00
FIXED_chembl26.sdf,1273,C[C@H](CO)N1C(=O)c2cccc(NC(=O)c3ccncc3)c2O[C@H](CN(C)Cc2ccc(Oc3ccccc3)cc2)[C@H]1C,6.08,experimental,,,tertiary_amine,,2026-06-26T12:24:52.706558+00:00
FIXED_chembl26.sdf,1275,C[C@H](CO)N1C(=O)c2cccc(NC(=O)c3ccncc3)c2O[C@@H](CN(C)Cc2ccc(Oc3ccccc3)cc2)[C@H]1C,7.07,experimental,,,tertiary_amine,,2026-06-26T12:25:00.154759+00:00
FIXED_chembl26.sdf,1277,C[C@@H](CO)N1C(=O)c2cccc(NC(=O)c3ccncc3)c2O[C@H](CN(C)Cc2ccc(Oc3ccccc3)cc2)[C@@H]1C,7.08,experimental,,,tertiary_amine,,2026-06-26T12:25:04.319630+00:00
FIXED_chembl26.sdf,1279,C[C@H](CO)N1C(=O)c2cccc(NC(=O)c3ccncc3)c2O[C@H](CN(C)Cc2ccc(Oc3ccccc3)cc2)[C@@H]1C,7.16,experimental,,,tertiary_amine,,2026-06-26T12:25:08.182045+00:00
FIXED_chembl26.sdf,1281,C[C@@H]1[C@H](CN(C)Cc2ccc(Oc3ccccc3)cc2)Oc2c(NC(=O)c3ccncc3)cccc2C(=O)N1[C@@H](C)CO,7.16,experimental,,,tertiary_amine,,2026-06-26T12:25:11.438526+00:00
FIXED_chembl26.sdf,1291,OC[C@@H]1N=C(NCc2ccccc2)[C@@H](O)[C@@H](O)[C@@H]1O,10.0,experimental,,,amidine,,2026-06-26T12:25:23.865698+00:00
FIXED_chembl26.sdf,1293,COc1ccc2c(=O)oc3c(OC)cc(CCN(C)C)c4c(=O)oc1c2c34,0.021,experimental,,,lactone,,2026-06-26T12:25:30.895094+00:00
FIXED_chembl26.sdf,1304,CC(=O)Nc1ccc(O)cc1,9.5,experimental,,,phenol,,2026-06-26T12:26:08.943160+00:00
FIXED_chembl26.sdf,1306,CC(=O)Nc1ccc(O)cc1,9.63,experimental,,,phenol,,2026-06-26T12:26:14.365965+00:00
FIXED_chembl26.sdf,1310,CN1C(C(=O)Nc2ccccn2)=C(O)c2ccccc2S1(=O)=O,6.5,experimental,,,pyridine,,2026-06-26T12:26:18.130108+00:00
FIXED_chembl26.sdf,1311,CN1C(C(=O)Nc2ccccn2)=C(O)c2ccccc2S1(=O)=O,5.3,experimental,,,pyridine,,2026-06-26T12:26:21.651597+00:00
FIXED_chembl26.sdf,1312,CN1C(C(=O)Nc2ccccn2)=C(O)c2ccccc2S1(=O)=O,4.5,experimental,,,pyridine,,2026-06-26T12:26:24.236003+00:00
FIXED_chembl26.sdf,1313,CN1C(C(=O)Nc2ccccn2)=C(O)c2ccccc2S1(=O)=O,1.86,experimental,,,aromatic_thiosulfamide,,2026-06-26T12:26:30.252681+00:00
FIXED_chembl26.sdf,1314,CN1C(C(=O)Nc2ccccn2)=C(O)c2ccccc2S1(=O)=O,2.23,experimental,,,aromatic_thiosulfamide,,2026-06-26T12:26:32.079627+00:00
FIXED_chembl26.sdf,1315,CN1C(C(=O)Nc2ccccn2)=C(O)c2ccccc2S1(=O)=O,7.43,experimental,,,pyridine,,2026-06-26T12:26:34.645649+00:00
FIXED_chembl26.sdf,1316,CN1C(C(=O)Nc2ccccn2)=C(O)c2ccccc2S1(=O)=O,6.3,experimental,,,pyridine,,2026-06-26T12:26:36.637145+00:00
FIXED_chembl26.sdf,1317,CN1C(C(=O)Nc2ccccn2)=C(O)c2ccccc2S1(=O)=O,1.88,experimental,,,aromatic_thiosulfamide,,2026-06-26T12:26:38.661962+00:00
FIXED_chembl26.sdf,1318,O=C(C[C@@H](CCCC1CCCCC1)c1nc(-c2cc(C(=O)O)ccn2)no1)NO,2.7,experimental,,,carboxylic_acid,,2026-06-26T12:26:43.290800+00:00
FIXED_chembl26.sdf,1319,O=C(C[C@@H](CCCC1CCCCC1)c1nc(-c2cc(C(=O)O)ccn2)no1)NO,2.8,experimental,,,carboxylic_acid,,2026-06-26T12:26:44.621857+00:00
FIXED_chembl26.sdf,1320,Cc1cc(CC(=O)O)n(C)c1C(=O)c1ccc(Cl)cc1,4.7,experimental,,,carboxylic_acid,,2026-06-26T12:26:47.042264+00:00
FIXED_chembl26.sdf,1321,CC(C(=O)O)c1cccc(C(=O)c2ccccc2)c1,4.6,experimental,,,carboxylic_acid,,2026-06-26T12:26:48.593861+00:00
FIXED_chembl26.sdf,1322,CC(C(=O)O)c1cccc(C(=O)c2ccccc2)c1,4.0,experimental,,,carboxylic_acid,,2026-06-26T12:26:49.636393+00:00
FIXED_chembl26.sdf,1323,CC(C(=O)O)c1cccc(C(=O)c2ccccc2)c1,5.9,experimental,,,carboxylic_acid,,2026-06-26T12:26:50.594102+00:00
FIXED_chembl26.sdf,1324,CC(C(=O)O)c1cccc(C(=O)c2ccccc2)c1,4.25,experimental,,,carboxylic_acid,,2026-06-26T12:26:51.530570+00:00
FIXED_chembl26.sdf,1326,CC(C(=O)O)c1cccc(C(=O)c2ccccc2)c1,3.01,experimental,,,carboxylic_acid,,2026-06-26T12:26:52.512592+00:00
FIXED_chembl26.sdf,1327,CC(C(=O)O)c1cccc(C(=O)c2ccccc2)c1,6.75,experimental,,,carboxylic_acid,,2026-06-26T12:26:54.173801+00:00
FIXED_chembl26.sdf,1329,CC(C(=O)O)c1cccc(C(=O)c2ccccc2)c1,4.02,experimental,,,carboxylic_acid,,2026-06-26T12:26:55.175235+00:00
FIXED_chembl26.sdf,1335,CC1=C(CC(=O)O)c2cc(F)ccc2/C1=C\c1ccc([S+](C)[O-])cc1,4.5,experimental,,,carboxylic_acid,,2026-06-26T12:26:56.268008+00:00
FIXED_chembl26.sdf,1337,CC(C(=O)O)c1ccc(C(=O)c2cccs2)cc1,4.0,experimental,,,carboxylic_acid,,2026-06-26T12:27:01.468535+00:00
FIXED_chembl26.sdf,1338,O=C(O)c1cc(-c2ccc(F)cc2F)ccc1O,3.3,experimental,,,carboxylic_acid,,2026-06-26T12:27:03.789820+00:00
FIXED_chembl26.sdf,1339,O=C(O)c1cc(-c2ccc(F)cc2F)ccc1O,2.94,experimental,,,carboxylic_acid,,2026-06-26T12:27:04.862219+00:00
FIXED_chembl26.sdf,1340,O=C(O)c1cc(-c2ccc(F)cc2F)ccc1O,3.0,experimental,,,carboxylic_acid,,2026-06-26T12:27:05.868288+00:00
FIXED_chembl26.sdf,1341,O=C(O)CCc1nc(-c2ccccc2)c(-c2ccccc2)o1,4.3,experimental,,,carboxylic_acid,,2026-06-26T12:27:07.911192+00:00
FIXED_chembl26.sdf,1343,Cc1ccc(C(=O)c2ccc(CC(=O)O)n2C)cc1,3.5,experimental,,,carboxylic_acid,,2026-06-26T12:27:13.075198+00:00
FIXED_chembl26.sdf,1352,CC(C(=O)O)c1cccc(Oc2ccccc2)c1,4.5,experimental,,,carboxylic_acid,,2026-06-26T12:27:15.350123+00:00
FIXED_chembl26.sdf,1354,O=C(c1ccccc1)c1ccc2n1CCC2C(=O)O,3.5,experimental,,,carboxylic_acid,,2026-06-26T12:27:17.758866+00:00
FIXED_chembl26.sdf,1356,O=C(c1ccccc1)c1ccc2n1CCC2C(=O)O,3.49,experimental,,,carboxylic_acid,,2026-06-26T12:27:19.467031+00:00
FIXED_chembl26.sdf,1357,CC(C(=O)O)c1ccc2oc(-c3ccc(Cl)cc3)nc2c1,6.9,experimental,,,carboxylic_acid,,2026-06-26T12:27:21.847760+00:00
FIXED_chembl26.sdf,1358,CCc1cccc2c3c([nH]c12)C(CC)(CC(=O)O)OCC3,4.7,experimental,,,carboxylic_acid,,2026-06-26T12:27:23.986667+00:00
FIXED_chembl26.sdf,1360,CC(=O)Oc1ccccc1C(=O)O,3.5,experimental,,,carboxylic_acid,,2026-06-26T12:27:25.338742+00:00
FIXED_chembl26.sdf,1364,CCCCC1C(=O)N(c2ccccc2)N(c2ccc(O)cc2)C1=O,4.7,experimental,,,aniline,,2026-06-26T12:27:31.021395+00:00
FIXED_chembl26.sdf,1365,CC(C(=O)O)c1ccc2c(c1)[nH]c1ccc(Cl)cc12,4.7,experimental,,,carboxylic_acid,,2026-06-26T12:27:32.585904+00:00
FIXED_chembl26.sdf,1366,CCC1(CCC(C)C)C(=O)N=C(O)NC1=O,7.78,experimental,,,hydroxyamidine,,2026-06-26T12:27:35.479484+00:00
FIXED_chembl26.sdf,1367,CCC1(CCC(C)C)C(=O)N=C(O)NC1=O,7.8,experimental,,,hydroxyamidine,,2026-06-26T12:27:36.912511+00:00
FIXED_chembl26.sdf,1382,CCNC1=NS(=O)(=O)c2ccccc21,11.7,experimental,,,amidine,,2026-06-26T12:28:03.934421+00:00
FIXED_chembl26.sdf,1383,NC1=NS(=O)(=O)c2ccccc21,11.4,experimental,,,amidine,,2026-06-26T12:28:05.648975+00:00
FIXED_chembl26.sdf,1391,O=[N+]([O-])c1cc(NC2CCCN(Cc3ccccc3C(F)(F)F)C2)ccc1CO,5.9,experimental,,,tertiary_amine,,2026-06-26T12:28:26.589912+00:00
FIXED_chembl26.sdf,1489,O=[N+]([O-])c1ccc2c(c1)CNC(C(F)F)C2,5.83,experimental,,,aniline,,2026-06-26T12:29:18.242949+00:00
FIXED_chembl26.sdf,1492,C[C@](Cc1c[nH]c2ccccc12)(NC(=O)OC1C2CC3CC(C2)CC1C3)C(=O)NC[C@H](NC(=O)CCP(=O)(O)O)c1ccccc1,3.4,experimental,,,36,manual,2026-06-26T12:29:38.488857+00:00
FIXED_chembl26.sdf,1493,CC(=O)N[C@@H]1CNC[C@H](C(=O)O)C1,8.6,experimental,,,secondary_amine,,2026-06-26T12:29:52.244757+00:00
FIXED_chembl26.sdf,1494,CC(=O)N[C@@H]1CNC[C@H](C(=O)O)C1,3.0,experimental,,,carboxylic_acid,,2026-06-26T12:29:54.204763+00:00
FIXED_chembl26.sdf,1495,CC(=O)N[C@@H]1CCNC[C@@H]1C(=O)O,9.7,experimental,,,secondary_amine,,2026-06-26T12:29:56.068737+00:00
FIXED_chembl26.sdf,1496,CC(=O)N[C@@H]1CCNC[C@@H]1C(=O)O,3.2,experimental,,,carboxylic_acid,,2026-06-26T12:29:57.274115+00:00
FIXED_chembl26.sdf,1497,O=C(O)[C@@H]1CCNC[C@@H]1O,10.0,experimental,,,secondary_amine,,2026-06-26T12:29:58.528293+00:00
FIXED_chembl26.sdf,1498,O=C(O)[C@@H]1CCNC[C@@H]1O,3.7,experimental,,,carboxylic_acid,,2026-06-26T12:29:59.832170+00:00
FIXED_chembl26.sdf,1499,NCCCC(=O)O,10.7,experimental,,,primary_amine,,2026-06-26T12:30:01.530878+00:00
FIXED_chembl26.sdf,1500,NCCCC(=O)O,4.0,experimental,,,carboxylic_acid,,2026-06-26T12:30:02.993898+00:00
FIXED_chembl26.sdf,1502,NCCCC(=O)O,4.04,experimental,,,carboxylic_acid,,2026-06-26T12:30:05.341610+00:00
FIXED_chembl26.sdf,1505,O=C(O)[C@H]1CNC[C@@H](O)C1,8.9,experimental,,,secondary_amine,,2026-06-26T12:30:08.329064+00:00
FIXED_chembl26.sdf,1506,O=C(O)[C@H]1CNC[C@@H](O)C1,3.5,experimental,,,carboxylic_acid,,2026-06-26T12:30:10.457231+00:00
FIXED_chembl26.sdf,1507,O=C(O)C1CCNCC1,10.5,experimental,,,secondary_amine,,2026-06-26T12:30:12.461620+00:00
FIXED_chembl26.sdf,1508,O=C(O)C1CCNCC1,3.8,experimental,,,carboxylic_acid,,2026-06-26T12:30:14.697825+00:00
FIXED_chembl26.sdf,1509,O=C(O)[C@H]1CNCC[C@H]1O,10.0,experimental,,,secondary_amine,,2026-06-26T12:30:17.007239+00:00
FIXED_chembl26.sdf,1510,O=C(O)[C@H]1CNCC[C@H]1O,3.4,experimental,,,carboxylic_acid,,2026-06-26T12:30:18.607061+00:00
FIXED_chembl26.sdf,1511,O=C(O)[C@H]1CNCC[C@@H]1O,9.4,experimental,,,secondary_amine,,2026-06-26T12:30:20.446844+00:00
FIXED_chembl26.sdf,1512,O=C(O)[C@H]1CNCC[C@@H]1O,3.1,experimental,,,carboxylic_acid,,2026-06-26T12:30:21.583225+00:00
FIXED_chembl26.sdf,1513,O=C(O)[C@@H]1CCNC[C@H]1O,9.3,experimental,,,secondary_amine,,2026-06-26T12:30:22.768059+00:00
FIXED_chembl26.sdf,1514,O=C(O)[C@@H]1CCNC[C@H]1O,3.6,experimental,,,carboxylic_acid,,2026-06-26T12:30:23.727789+00:00
FIXED_chembl26.sdf,1525,Nc1ncnc2c1c(-c1cccc(OCc3ccccc3)c1)cn2[C@H]1C[C@@H](CN2CCC2)C1,9.5,experimental,,,tertiary_amine,,2026-06-26T12:30:46.386369+00:00
FIXED_chembl26.sdf,1526,Nc1ncnc2c1c(-c1cccc(OCC34CCC(CC3)O4)c1)cn2[C@H]1C[C@@H](CN2CC[S+]([O-])CC2)C1,5.7,experimental,,,tertiary_amine,,2026-06-26T12:30:49.096366+00:00
FIXED_chembl26.sdf,1527,CC(=O)N1CCN([C@H]2C[C@@H](n3cc(-c4cccc(OCC56CCC(CC5)O6)c4)c4c(N)ncnc43)C2)CC1,5.9,experimental,,,tertiary_amine,,2026-06-26T12:30:50.593290+00:00
FIXED_chembl26.sdf,1528,Cc1cc(C(=O)O)n[nH]1,3.59,experimental,,,carboxylic_acid,,2026-06-26T12:30:53.137146+00:00
FIXED_chembl26.sdf,1529,Cc1cc(C(=O)O)n[nH]1,4.0,experimental,,,carboxylic_acid,,2026-06-26T12:30:54.436200+00:00
FIXED_chembl26.sdf,1530,Oc1noc2cc(Cl)ccc12,4.07,experimental,,,phenol,,2026-06-26T12:30:55.435638+00:00
FIXED_chembl26.sdf,1532,O=C(O)c1cc2occc2[nH]1,4.09,experimental,,,carboxylic_acid,,2026-06-26T12:31:05.359158+00:00
FIXED_chembl26.sdf,1533,O=C(O)c1cc2occc2[nH]1,4.0,experimental,,,carboxylic_acid,,2026-06-26T12:31:06.731399+00:00
FIXED_chembl26.sdf,1534,O=C(O)c1cc2sccc2[nH]1,3.88,experimental,,,carboxylic_acid,,2026-06-26T12:31:07.934444+00:00
FIXED_chembl26.sdf,1559,COc1ccnc(C[S+]([O-])c2nc3cc4c(cc3[nH]2)OC(F)(F)O4)c1,4.29,experimental,,,sulfoxide,,2026-06-26T12:31:46.600939+00:00
FIXED_chembl26.sdf,1561,COc1ccnc(C[S+]([O-])c2nc3cc(OC(F)F)ccc3[nH]2)c1OC,3.92,experimental,,,sulfoxide,,2026-06-26T12:31:53.495425+00:00
FIXED_chembl26.sdf,1564,COc1ccnc(C[S+]([O-])c2nc3cc(OC(F)F)ccc3[nH]2)c1OC,4.0,experimental,,,sulfoxide,,2026-06-26T12:32:02.326523+00:00
FIXED_chembl26.sdf,1565,COc1cnc(C[S+]([O-])c2nc3cc(OC(F)F)ccc3[nH]2)c(C)c1OC,3.73,experimental,,,sulfoxide,,2026-06-26T12:32:06.082175+00:00
FIXED_chembl26.sdf,1567,COc1ccnc(C[S+]([O-])c2nc3cc(OCC(F)(F)F)ccc3[nH]2)c1OC,3.9,experimental,,,sulfoxide,,2026-06-26T12:32:18.181488+00:00
FIXED_chembl26.sdf,1569,COc1ccnc(C[S+]([O-])c2nc3cc(OC(F)(F)C(F)F)ccc3[nH]2)c1,4.25,experimental,,,sulfoxide,,2026-06-26T12:32:22.660752+00:00
FIXED_chembl26.sdf,1571,COc1cc2[nH]c([S+]([O-])Cc3nccc(OC)c3C)nc2cc1OC(F)F,4.96,experimental,,,sulfoxide,,2026-06-26T12:32:27.116974+00:00
FIXED_chembl26.sdf,1573,COc1c(C)cnc(C[S+]([O-])c2nc3cc(OC(F)F)ccc3[nH]2)c1C,4.16,experimental,,,sulfoxide,,2026-06-26T12:32:32.068409+00:00
FIXED_chembl26.sdf,1575,COc1cnc(C[S+]([O-])c2nc3cc(OC(F)F)ccc3[nH]2)cc1OC,3.75,experimental,,,sulfoxide,,2026-06-26T12:32:36.963974+00:00
FIXED_chembl26.sdf,1577,COc1ccnc(C[S+]([O-])c2nc3cc4c(cc3[nH]2)OC(F)(F)O4)c1OC,3.84,experimental,,,sulfoxide,,2026-06-26T12:32:42.834415+00:00
FIXED_chembl26.sdf,1579,COc1cnc(C[S+]([O-])c2nc3cc(OCC(F)(F)F)ccc3[nH]2)c(C)c1OC,3.72,experimental,,,sulfoxide,,2026-06-26T12:32:48.078668+00:00
FIXED_chembl26.sdf,1581,COc1ccnc(C[S+]([O-])c2nc3cc(F)c(OC(F)F)cc3[nH]2)c1OC,3.76,experimental,,,sulfoxide,,2026-06-26T12:32:53.907878+00:00
FIXED_chembl26.sdf,1583,Cc1c(OCC(F)(F)F)ccnc1C[S+]([O-])c1nc2ccccc2[nH]1,4.01,experimental,,,sulfoxide,,2026-06-26T12:32:57.936026+00:00
FIXED_chembl26.sdf,1585,Cc1c(OCC(F)(F)F)ccnc1C[S+]([O-])c1nc2ccccc2[nH]1,11.16,experimental,,,pyridine,,2026-06-26T12:33:05.822994+00:00
FIXED_chembl26.sdf,1586,Cc1c(OCC(F)(F)F)ccnc1C[S+]([O-])c1nc2ccccc2[nH]1,4.0,experimental,,,sulfoxide,,2026-06-26T12:33:09.057862+00:00
FIXED_chembl26.sdf,1587,COc1cc(C[S+]([O-])c2nc3cc(OC(F)(F)C(F)F)ccc3[nH]2)ncc1C,4.95,experimental,,,sulfoxide,,2026-06-26T12:33:10.564253+00:00
FIXED_chembl26.sdf,1589,COc1ccnc(C[S+]([O-])c2nc3cc(OC(F)(F)C(F)F)ccc3[nH]2)c1OC,3.86,experimental,,,sulfoxide,,2026-06-26T12:33:15.274549+00:00
FIXED_chembl26.sdf,1591,COc1ccc2[nH]c([S+]([O-])Cc3ncc(C)c(OC)c3C)nc2c1,4.13,experimental,,,sulfoxide,,2026-06-26T12:33:20.072114+00:00
FIXED_chembl26.sdf,1594,COc1ccc2[nH]c([S+]([O-])Cc3ncc(C)c(OC)c3C)nc2c1,5.2,experimental,,,sulfoxide,,2026-06-26T12:33:27.841234+00:00
FIXED_chembl26.sdf,1595,COc1ccc2[nH]c([S+]([O-])Cc3ncc(C)c(OC)c3C)nc2c1,13.15,experimental,,,pyridine,,2026-06-26T12:33:32.712288+00:00
FIXED_chembl26.sdf,1597,COc1ccc2[nH]c([S+]([O-])Cc3ncc(C)c(OC)c3C)nc2c1,4.0,experimental,,,sulfoxide,,2026-06-26T12:33:38.385861+00:00
FIXED_chembl26.sdf,1598,COc1ccnc(C[S+]([O-])c2nc3cc(OCC(F)(F)F)ccc3[nH]2)c1C,4.97,experimental,,,sulfoxide,,2026-06-26T12:33:42.803151+00:00
FIXED_chembl26.sdf,1600,COc1ccnc(C[S+]([O-])c2nc3cc4c(cc3[nH]2)OC(F)(F)O4)c1C,4.73,experimental,,,sulfoxide,,2026-06-26T12:33:46.467613+00:00
FIXED_chembl26.sdf,1602,Cc1onc(-c2ccccc2)c1-c1ccc(S(N)(=O)=O)cc1,9.8,experimental,,,isoxazolidine,,2026-06-26T12:33:58.545353+00:00
FIXED_chembl26.sdf,1603,Cc1onc(-c2ccccc2)c1-c1ccc(S(N)(=O)=O)cc1,13.09,experimental,,,aromatic_thiosulfamide,,2026-06-26T12:34:04.928405+00:00
FIXED_chembl26.sdf,1604,CCC(=O)NS(=O)(=O)c1ccc(-c2c(-c3ccccc3)noc2C)cc1,4.9,experimental,,,aromatic_thiosulfamide,,2026-06-26T12:34:27.845130+00:00
FIXED_chembl26.sdf,1607,C/N=C(\NC#N)NCCSCc1csc(N=C(N)N)n1,7.1,experimental,,,guanidine,,2026-06-26T12:36:08.004454+00:00
FIXED_chembl26.sdf,1608,COc1cccc2c1C(=O)c1c(O)c3c(c(O)c1C2=O)C[C@@](O)(/C(C)=N/NC(=O)c1ccc(N(C)C)cc1)C[C@@H]3O[C@H]1C[C@H](N)[C@H](O)[C@H](C)O1.Cl,4.97,experimental,,,aniline,,2026-06-26T12:36:19.593221+00:00
FIXED_chembl26.sdf,1613,COc1cccc2c1C(=O)c1c(O)c3c(c(O)c1C2=O)C[C@@](O)(/C(C)=N/NC(=O)c1ccc(-c2ccccc2)cc1)C[C@@H]3O[C@H]1C[C@H](N)[C@H](O)[C@H](C)O1.Cl,3.97,experimental,,,hydrazone,,2026-06-26T12:36:41.021772+00:00
FIXED_chembl26.sdf,1614,COc1cccc2c1C(=O)c1c(O)c3c(c(O)c1C2=O)C[C@@](O)(/C(C)=N/NC(=O)c1ccccc1)C[C@@H]3O[C@H]1C[C@H](N)[C@H](O)[C@H](C)O1.Cl,4.19,experimental,,,hydrazone,,2026-06-26T12:36:42.570309+00:00
FIXED_chembl26.sdf,1615,COc1cccc2c1C(=O)c1c(O)c3c(c(O)c1C2=O)C[C@@](O)(/C(CO)=N/NC(=O)c1ccccc1)C[C@@H]3O[C@H]1C[C@H](N)[C@H](O)[C@H](C)O1.Cl,4.19,experimental,,,hydrazone,,2026-06-26T12:36:44.346788+00:00
FIXED_chembl26.sdf,1616,COc1cccc2c1C(=O)c1c(O)c3c(c(O)c1C2=O)C[C@@](O)(/C(C)=N/NC(=O)c1ccc(Cl)cc1)C[C@@H]3O[C@H]1C[C@H](N)[C@H](O)[C@H](C)O1.Cl,4.03,experimental,,,hydrazone,,2026-06-26T12:36:45.992157+00:00
FIXED_chembl26.sdf,1617,COc1cccc2c1C(=O)c1c(O)c3c(c(O)c1C2=O)C[C@@](O)(/C(C)=N/NC(=O)c1ccc(Cl)c(Cl)c1)C[C@@H]3O[C@H]1C[C@H](N)[C@H](O)[C@H](C)O1.Cl,3.62,experimental,,,hydrazone,,2026-06-26T12:36:47.760878+00:00
FIXED_chembl26.sdf,1618,COc1cccc2c1C(=O)c1c(O)c3c(c(O)c1C2=O)C[C@@](O)(/C(CO)=N/NC(=O)c1ccc(Cl)c(Cl)c1)C[C@@H]3O[C@H]1C[C@H](N)[C@H](O)[C@H](C)O1.Cl,3.62,experimental,,,hydrazone,,2026-06-26T12:36:49.848846+00:00
FIXED_chembl26.sdf,1619,COc1cccc2c1C(=O)c1c(O)c3c(c(O)c1C2=O)C[C@@](O)(/C(C)=N/NC(=O)c1cccc([N+](=O)[O-])c1)C[C@@H]3O[C@H]1C[C@H](N)[C@H](O)[C@H](C)O1.Cl,3.46,experimental,,,hydrazone,,2026-06-26T12:36:51.108328+00:00
FIXED_chembl26.sdf,1620,NS(=O)(=O)c1nn2cc(-c3ccc(O)cc3)nc2s1,8.16,experimental,,,imidazole,,2026-06-26T12:37:21.708451+00:00
FIXED_chembl26.sdf,1621,N#Cc1cc(Cl)cc(Oc2c(Cl)ccc(CNC(=O)c3[nH]cnc3Cl)c2F)c1,8.9,experimental,,,imidazole,,2026-06-26T12:37:23.080494+00:00
FIXED_chembl26.sdf,1627,NC1=NS(=O)(=O)Nc2nsnc21,3.2,experimental,,,sulfone,,2026-06-26T12:37:46.127534+00:00
FIXED_chembl26.sdf,1628,CC(C)(C)c1cn2nc(S(N)(=O)=O)sc2n1,6.94,experimental,,,imidazole,,2026-06-26T12:37:48.630265+00:00
FIXED_chembl26.sdf,1629,O=c1cc(-c2ccccc2)c2ccccc2n1CC1CN2CCC1CC2,10.1,experimental,,,tertiary_amine,,2026-06-26T12:37:51.864634+00:00
FIXED_chembl26.sdf,1630,c1cnc2c(c1)C[C@@]1(CN3CCC1CC3)O2,8.9,experimental,,,tertiary_amine,,2026-06-26T12:37:53.511969+00:00
FIXED_chembl26.sdf,1631,O=c1cc(-c2ccccc2)c2ccccc2n1CC1CNCCO1,8.1,experimental,,,secondary_amine,,2026-06-26T12:37:55.513665+00:00
FIXED_chembl26.sdf,1632,O=c1cc(-c2ccccc2)c2ccccc2n1CC1CN2CCC1(F)CC2,7.6,experimental,,,tertiary_amine,,2026-06-26T12:37:57.226578+00:00
FIXED_chembl26.sdf,1633,CC(C)(C)OC(=O)N[C@H]1CCCCC/C=C\[C@@H]2C[C@@]2(C(=O)NS(=O)(=O)C2CC2)NC(=O)[C@@H]2C[C@@H](OC(=O)N3Cc4cccc(F)c4C3)CN2C1=O,5.27,experimental,,,sulfamide,,2026-06-26T12:38:00.121759+00:00
FIXED_chembl26.sdf,1634,CCCCc1nc(Cl)c(CC(=O)OC)n1Cc1ccc(NC(=O)C2CCCCC2NS(=O)(=O)C(F)(F)F)cc1,7.6,experimental,,,imidazole,,2026-06-26T12:38:03.954157+00:00
FIXED_chembl26.sdf,1636,Cc1ccccc1[C@@H]1CCc2c(C(=O)N(C)C)cn3c(C)c(C)nc3c2O1,7.15,experimental,,,n-indole,,2026-06-26T12:38:08.918119+00:00
FIXED_chembl26.sdf,1637,Cc1nc2c3c(c(C(=O)N(C)C)cc2n1C)CC[C@@H](c1ccccc1F)O3,5.55,experimental,,,benzimidazole,,2026-06-26T12:38:12.311594+00:00
FIXED_chembl26.sdf,1638,Cc1nc2c3c(c(C(=O)N(C)C)cc2n1C)CC[C@@H](c1ccccc1Cl)O3,5.45,experimental,,,benzimidazole,,2026-06-26T12:38:14.637185+00:00
FIXED_chembl26.sdf,1639,Cc1nc2c3c(c(C(=O)N(C)C)cc2n1C)CC[C@@H](c1ccccc1C1CC1)O3,5.63,experimental,,,benzimidazole,,2026-06-26T12:38:16.373840+00:00
FIXED_chembl26.sdf,1640,COCc1ccccc1[C@@H]1CCc2c(C(=O)N(C)C)cc3c(nc(C)n3C)c2O1,5.61,experimental,,,benzimidazole,,2026-06-26T12:38:18.311353+00:00
FIXED_chembl26.sdf,1641,Cc1nc2c3c(c(C(=O)N(C)C)cc2n1C)CC[C@@H](c1ccc(F)cc1)O3,5.65,experimental,,,benzimidazole,,2026-06-26T12:38:19.493159+00:00
FIXED_chembl26.sdf,1642,Cc1nc2c3c(c(C(=O)N(C)C)cc2n1C)CC[C@@H](c1ccc(Cl)cc1)O3,5.59,experimental,,,benzimidazole,,2026-06-26T12:38:21.865880+00:00
FIXED_chembl26.sdf,1643,Cc1cc(Cl)ccc1[C@@H]1CCc2c(C(=O)N(C)C)cc3c(nc(C)n3C)c2O1,5.59,experimental,,,benzimidazole,,2026-06-26T12:38:22.939113+00:00
FIXED_chembl26.sdf,1644,CNC(=O)c1cc2c(nc(C)n2C)c2c1CC[C@@H](c1ccc(Cl)cc1C)O2,5.6,experimental,,,benzimidazole,,2026-06-26T12:38:23.940666+00:00
FIXED_chembl26.sdf,1645,Cc1cc(Cl)ccc1[C@@H]1CCc2c(C(=O)N3CCC3)cc3c(nc(C)n3C)c2O1,5.49,experimental,,,benzimidazole,,2026-06-26T12:38:24.843558+00:00
FIXED_chembl26.sdf,1646,COC1CN(C(=O)c2cc3c(nc(C)n3C)c3c2CC[C@@H](c2ccc(Cl)cc2C)O3)C1,5.48,experimental,,,benzimidazole,,2026-06-26T12:38:25.908419+00:00
FIXED_chembl26.sdf,1647,Cc1nc2c3c(c(C(=O)N(C)C)cc2n1C)CC[C@@H](c1ccc(Cl)cc1Cl)O3,5.36,experimental,,,benzimidazole,,2026-06-26T12:38:26.790154+00:00
FIXED_chembl26.sdf,1648,Cc1nc2c3c(c(C(=O)N(C)C)cc2n1C)CC[C@@H](c1ccc2ccccc2c1)O3,5.57,experimental,,,benzimidazole,,2026-06-26T12:38:27.617446+00:00
FIXED_chembl26.sdf,1649,Cc1sccc1[C@@H]1CCc2c(C(=O)N(C)C)cc3c(nc(C)n3C)c2O1,5.66,experimental,,,benzimidazole,,2026-06-26T12:38:28.574070+00:00
FIXED_chembl26.sdf,1650,Cc1ccccc1[C@@H]1CCc2c(C(=O)N(C)C)cc3c(nc(C4CC4)n3C)c2O1,5.28,experimental,,,benzimidazole,,2026-06-26T12:38:29.880723+00:00
FIXED_chembl26.sdf,1651,Cc1nc2c3c(c(C(=O)N(C)C)cc2[nH]1)CC[C@@H](c1ccccc1C)O3,5.66,experimental,,,benzimidazole,,2026-06-26T12:38:30.699296+00:00
FIXED_chembl26.sdf,1652,Cl.O=c1[nH]cc(CN(CCCl)CCCl)c(=O)[nH]1,5.21,experimental,,,pyrimidine,,2026-06-26T12:38:31.596009+00:00
FIXED_chembl26.sdf,1654,O=C(O)/C(O)=C/C(=O)c1cc(C2CCCCC2)ccc1C1CCCCC1,7.56,experimental,,,carboxylic_acid,,2026-06-26T12:38:42.434502+00:00
FIXED_chembl26.sdf,1655,O=c1cc([C@@H]2CCN[C@H](Cc3ccccc3)C2)o[nH]1,4.4,experimental,,,isoxazolidine,,2026-06-26T12:38:47.737715+00:00
FIXED_chembl26.sdf,1656,O=c1cc([C@H]2CCN[C@H](Cc3ccccc3)C2)o[nH]1,4.9,experimental,,,isoxazolidine,,2026-06-26T12:38:49.718824+00:00
FIXED_chembl26.sdf,1657,CCN(CC)CCNC(=O)c1cccc2c(N)c3ccccc3nc12,9.2,experimental,,,tertiary_amine,,2026-06-26T12:38:51.819238+00:00
FIXED_chembl26.sdf,1658,Nc1c2ccccc2nc2c(C(=O)NCCNCCO)cccc12,8.5,experimental,,,secondary_amine,,2026-06-26T12:38:56.732608+00:00
FIXED_chembl26.sdf,1659,Nc1c2ccccc2nc2c(C(=O)NCCN3CCCCC3)cccc12,8.9,experimental,,,tertiary_amine,,2026-06-26T12:38:59.097043+00:00
FIXED_chembl26.sdf,1660,NCCNC(=O)c1cccc2c(N)c3ccccc3nc12,9.1,experimental,,,primary_amine,,2026-06-26T12:39:01.873063+00:00
FIXED_chembl26.sdf,1661,Nc1c2ccccc2nc2c(C(=O)NCCN3CCOCC3)cccc12,6.7,experimental,,,aniline,,2026-06-26T12:39:05.254661+00:00
FIXED_chembl26.sdf,1663,CN(C)CCNC(=O)c1ccc2nc3ccccc3c(N)c2c1,8.6,experimental,,,tertiary_amine,,2026-06-26T12:39:13.485490+00:00
FIXED_chembl26.sdf,1664,CC1=NN(c2ccccc2)C(=O)C1,6.9,experimental,,,hydrazone,,2026-06-26T12:39:18.025963+00:00
FIXED_chembl26.sdf,1665,COc1ccc(N2N=C(C)CC2=O)cc1,7.06,experimental,,,hydrazone,,2026-06-26T12:39:20.889356+00:00
FIXED_chembl26.sdf,1666,CC1=NN(c2ccc(OCc3no[n+]([O-])c3C#N)cc2)C(=O)C1,7.06,experimental,,,hydrazone,,2026-06-26T12:39:22.607634+00:00
FIXED_chembl26.sdf,1667,CC1=NN(c2ccc(OCc3no[n+]([O-])c3C(N)=O)cc2)C(=O)C1,7.08,experimental,,,hydrazone,,2026-06-26T12:39:25.273986+00:00
FIXED_chembl26.sdf,1668,CC1=NN(c2ccc(OCCCOc3no[n+]([O-])c3S(=O)(=O)c3ccccc3)cc2)C(=O)C1,7.12,experimental,,,hydrazone,,2026-06-26T12:39:26.533179+00:00
FIXED_chembl26.sdf,1669,CC1=NN(c2ccc(OCCCOc3no[n+]([O-])c3-c3ccccc3)cc2)C(=O)C1,7.09,experimental,,,hydrazone,,2026-06-26T12:39:28.257597+00:00
FIXED_chembl26.sdf,1670,CC1=NN(c2ccc(OCCCCC(CO[N+](=O)[O-])O[N+](=O)[O-])cc2)C(=O)C1,7.15,experimental,,,hydrazone,,2026-06-26T12:39:31.320326+00:00
FIXED_chembl26.sdf,1671,CC1=NN(c2ccc(OCCCCCCO[N+](=O)[O-])cc2)C(=O)C1,7.12,experimental,,,hydrazone,,2026-06-26T12:39:33.445085+00:00
FIXED_chembl26.sdf,1672,CC1=NN(c2ccc(OCCCO[N+](=O)[O-])cc2)C(=O)C1,7.11,experimental,,,hydrazone,,2026-06-26T12:39:35.268491+00:00
FIXED_chembl26.sdf,1673,CC(C)c1nc(COC(N)=O)n(Cc2ccncc2)c1Sc1cc(Cl)cc(Cl)c1,4.47,experimental,,,imidazole,,2026-06-26T12:39:40.631698+00:00
FIXED_chembl26.sdf,1674,CCCCc1oc2ccccc2c1C(=O)c1cc(I)c(OCC[N+](CC)(CC)COP(=O)(O)O)c(I)c1.O=C([O-])C(F)(F)F,6.56,experimental,,,carboxylate,,2026-06-26T12:39:45.804266+00:00
FIXED_chembl26.sdf,1675,CCn1cc(C(=O)NCC2=C(C(=O)O)N3C(=O)[C@@H](NC(=O)/C(=N\OC(C)(C)C(=O)O)c4csc(N)n4)[C@H]3SC2)c(=O)c2cc(O)c(O)cc21,7.2,experimental,,,quinoline,,2026-06-26T12:39:51.598401+00:00
FIXED_chembl26.sdf,1678,CCN(CC1=C(C(=O)O)N2C(=O)[C@@H](NC(=O)/C(=N\OC(C)(C)C(=O)O)c3csc(N)n3)[C@H]2SC1)C(=O)c1cc(O)c(O)c(F)c1,7.85,experimental,,,aniline,,2026-06-26T12:40:05.447627+00:00
FIXED_chembl26.sdf,1679,CCO/N=C(\C(=O)N[C@@H]1C(=O)N2C(C(=O)O)=C(CNC(=O)c3cc(O)c(O)cc3Br)CS[C@H]12)c1csc(N)n1,6.9,experimental,,,carboxylic_acid,,2026-06-26T12:40:09.167513+00:00
FIXED_chembl26.sdf,1680,CCO/N=C(\C(=O)N[C@@H]1C(=O)N2C(C(=O)O)=C(CNC(=O)c3cc(O)c(O)c(Br)c3)CS[C@H]12)c1csc(N)n1,6.9,experimental,,,aniline,,2026-06-26T12:40:12.792567+00:00
FIXED_chembl26.sdf,1681,CCN(CC1=C(C(=O)O)N2C(=O)[C@@H](NC(=O)/C(=N\OC(C)(C)C(=O)O)c3csc(N)n3)[C@H]2SC1)C(=O)c1cc(O)c(O)c(Br)c1,7.3,experimental,,,aniline,,2026-06-26T12:40:14.772805+00:00
FIXED_chembl26.sdf,1684,CC(C)(O/N=C(\C(=O)N[C@@H]1C(=O)N2C(C(=O)O)=C(CNC(=O)c3cc(O)c(O)c(F)c3)CS[C@H]12)c1csc(N)n1)C(=O)O,7.45,experimental,,,aniline,,2026-06-26T12:40:23.090092+00:00
FIXED_chembl26.sdf,1687,CCO/N=C(\C(=O)N[C@@H]1C(=O)N2C(C(=O)O)=C(CNC(=O)c3cc(O)c(O)c(Cl)c3)CS[C@H]12)c1csc(N)n1,6.9,experimental,,,aniline,,2026-06-26T12:40:32.280693+00:00
FIXED_chembl26.sdf,1688,CCOC(=O)c1nc2cc(O)c(O)cc2nc1C(=O)NCC1=C(C(=O)O)N2C(=O)[C@@H](NC(=O)/C(=N\OC(C)(C)C(=O)O)c3csc(N)n3)[C@H]2SC1,6.0,experimental,,,carboxylic_acid,,2026-06-26T12:40:39.466814+00:00
FIXED_chembl26.sdf,1690,CC(C)(O/N=C(\C(=O)N[C@@H]1C(=O)N2C(C(=O)O)=C(CNC(=O)c3cc(O)c(O)cc3Br)CS[C@H]12)c1csc(N)n1)C(=O)O,8.1,experimental,,,aniline,,2026-06-26T12:40:46.936079+00:00
FIXED_chembl26.sdf,1691,CC(C)(O/N=C(\C(=O)N[C@@H]1C(=O)N2C(C(=O)O)=C(CNC(=O)c3ccc(O)c(O)c3)CS[C@H]12)c1csc(N)n1)C(=O)O,8.5,experimental,,,aniline,,2026-06-26T12:40:49.658234+00:00
FIXED_chembl26.sdf,1692,CCO/N=C(\C(=O)N[C@@H]1C(=O)N2C(C(=O)O)=C(CNC(=O)c3ccc(O)c(O)c3)CS[C@H]12)c1csc(N)n1,8.5,experimental,,,aniline,,2026-06-26T12:40:54.873530+00:00
FIXED_chembl26.sdf,1696,CCN(CC1=C(C(=O)O)N2C(=O)[C@@H](NC(=O)/C(=N\OC(C)(C)C(=O)O)c3csc(N)n3)[C@H]2SC1)C(=O)c1cc(O)c(O)cc1F,8.25,experimental,,,aniline,,2026-06-26T12:41:05.018304+00:00
FIXED_chembl26.sdf,1697,CCN(CC1=C(C(=O)O)N2C(=O)[C@@H](NC(=O)/C(=N\OC(C)(C)C(=O)O)c3csc(N)n3)[C@H]2SC1)C(=O)c1cc(O)c(O)c(Cl)c1,7.4,experimental,,,aniline,,2026-06-26T12:41:09.789695+00:00
FIXED_chembl26.sdf,1698,CC(C)(O/N=C(\C(=O)N[C@@H]1C(=O)N2C(C(=O)O)=C(/C=C/c3cc(O)c(O)c(Br)c3)CS[C@H]12)c1csc(N)n1)C(=O)O,7.7,experimental,,,aniline,,2026-06-26T12:41:12.014081+00:00
FIXED_chembl26.sdf,1699,CC(C)(O/N=C(\C(=O)N[C@@H]1C(=O)N2C(C(=O)O)=C(CNC(=O)c3cc(O)c(O)c(O)c3)CS[C@H]12)c1csc(N)n1)C(=O)O,8.35,experimental,,,aniline,,2026-06-26T12:41:15.287164+00:00
FIXED_chembl26.sdf,1700,CCO/N=C(\C(=O)N[C@@H]1C(=O)N2C(C(=O)O)=C(CNC(=O)c3cc(O)c(O)c(F)c3)CS[C@H]12)c1csc(N)n1,7.4,experimental,,,aniline,,2026-06-26T12:41:18.448859+00:00
FIXED_chembl26.sdf,1704,CCn1cc(C(=O)NCC2=C(C(=O)O)N3C(=O)[C@@H](NC(=O)/C(=N\OC(C)(C)C(=O)O)c4csc(N)n4)[C@H]3SC2)c(=O)c2c(Cl)c(O)c(O)cc21,7.0,experimental,,,aniline,,2026-06-26T12:41:30.453752+00:00
FIXED_chembl26.sdf,1705,CC(C)(O/N=C(\C(=O)N[C@@H]1C(=O)N2C(C(=O)O)=C(CNC(=O)c3cc(O)c(O)cc3F)CS[C@H]12)c1csc(N)n1)C(=O)O,7.8,experimental,,,aniline,,2026-06-26T12:41:32.188587+00:00
FIXED_chembl26.sdf,1706,CC(C)(O/N=C(\C(=O)N[C@@H]1C(=O)N2C(C(=O)O)=C(CNC(=O)c3ccc(O)c(O)c3Cl)CS[C@H]12)c1csc(N)n1)C(=O)O,7.65,experimental,,,aniline,,2026-06-26T12:41:33.761551+00:00
FIXED_chembl26.sdf,1707,CC(C)(O/N=C(\C(=O)N[C@@H]1C(=O)N2C(C(=O)O)=C(CNC(=O)c3cc(O)c(O)c(Cl)c3)CS[C@H]12)c1csc(N)n1)C(=O)O,7.0,experimental,,,aniline,,2026-06-26T12:41:36.748077+00:00
FIXED_chembl26.sdf,1708,Cc1n[nH]c(C)c1CCCOc1cc(C(=O)O)ccc1F,4.13,experimental,,,carboxylic_acid,,2026-06-26T12:41:40.235547+00:00
FIXED_chembl26.sdf,1709,O=C(O)c1ccc2nc(-c3cc(Cl)cc(Cl)c3)oc2c1,3.73,experimental,,,carboxylic_acid,,2026-06-26T12:41:41.837366+00:00
FIXED_chembl26.sdf,1711,CCCN1CCN(c2ccccc2)CC1,7.96,experimental,,,tertiary_amine,,2026-06-26T12:41:48.733199+00:00
FIXED_chembl26.sdf,1712,CCCN1CCN(c2ccccc2C)CC1,8.39,experimental,,,tertiary_amine,,2026-06-26T12:41:51.169189+00:00
FIXED_chembl26.sdf,1713,CCCN1CCN(c2cccc(C)c2)CC1,7.83,experimental,,,tertiary_amine,,2026-06-26T12:41:52.262827+00:00
FIXED_chembl26.sdf,1714,CCCN1CCN(c2ccc(C)cc2)CC1,7.92,experimental,,,tertiary_amine,,2026-06-26T12:41:53.378048+00:00
FIXED_chembl26.sdf,1715,CCCN1CCN(c2ccccc2OC)CC1,8.29,experimental,,,tertiary_amine,,2026-06-26T12:41:56.092663+00:00
FIXED_chembl26.sdf,1716,CCCN1CCN(c2cccc(OC)c2)CC1,7.86,experimental,,,tertiary_amine,,2026-06-26T12:41:57.156038+00:00
FIXED_chembl26.sdf,1717,CCCN1CCN(c2ccc(OC)cc2)CC1,7.88,experimental,,,tertiary_amine,,2026-06-26T12:41:58.737755+00:00
FIXED_chembl26.sdf,1718,CCCN1CCN(c2ccccc2O)CC1,8.05,experimental,,,tertiary_amine,,2026-06-26T12:42:00.196785+00:00
FIXED_chembl26.sdf,1719,CCCN1CCN(c2cccc(O)c2)CC1,7.82,experimental,,,tertiary_amine,,2026-06-26T12:42:01.612413+00:00
FIXED_chembl26.sdf,1720,CCCN1CCN(c2ccc(O)cc2)CC1,7.92,experimental,,,tertiary_amine,,2026-06-26T12:42:02.562764+00:00
FIXED_chembl26.sdf,1721,CCCN1CCN(c2ccccc2Cl)CC1,8.07,experimental,,,tertiary_amine,,2026-06-26T12:42:04.263121+00:00
FIXED_chembl26.sdf,1722,CCCN1CCN(c2cccc(Cl)c2)CC1,7.83,experimental,,,tertiary_amine,,2026-06-26T12:42:05.589648+00:00
FIXED_chembl26.sdf,1723,CCCN1CCN(c2ccc(Cl)cc2)CC1,7.83,experimental,,,tertiary_amine,,2026-06-26T12:42:06.527280+00:00
FIXED_chembl26.sdf,1724,CCCN1CCN(c2ccccc2C(F)(F)F)CC1,8.8,experimental,,,tertiary_amine,,2026-06-26T12:42:07.461298+00:00
FIXED_chembl26.sdf,1725,CCCN1CCN(c2cccc(C(F)(F)F)c2)CC1,7.81,experimental,,,tertiary_amine,,2026-06-26T12:42:08.398359+00:00
FIXED_chembl26.sdf,1726,CCCN1CCN(c2ccc(C(F)(F)F)cc2)CC1,7.84,experimental,,,tertiary_amine,,2026-06-26T12:42:09.197043+00:00
FIXED_chembl26.sdf,1727,CCCN1CCN(c2ccccc2[N+](=O)[O-])CC1,7.94,experimental,,,tertiary_amine,,2026-06-26T12:42:11.563007+00:00
FIXED_chembl26.sdf,1728,CCCN1CCN(c2cccc([N+](=O)[O-])c2)CC1,7.7,experimental,,,tertiary_amine,,2026-06-26T12:42:13.380046+00:00
FIXED_chembl26.sdf,1729,CCCN1CCN(c2ccc([N+](=O)[O-])cc2)CC1,7.59,experimental,,,tertiary_amine,,2026-06-26T12:42:14.792394+00:00
FIXED_chembl26.sdf,1730,CCCN1CCN(c2ccccc2C#N)CC1,7.92,experimental,,,tertiary_amine,,2026-06-26T12:42:16.006862+00:00
FIXED_chembl26.sdf,1731,CCCN1CCN(c2cccc(C#N)c2)CC1,7.67,experimental,,,tertiary_amine,,2026-06-26T12:42:17.312651+00:00
FIXED_chembl26.sdf,1732,CCCN1CCN(c2ccc(C#N)cc2)CC1,7.78,experimental,,,tertiary_amine,,2026-06-26T12:42:19.141633+00:00
FIXED_chembl26.sdf,1733,CCCN1CCN(c2ccccc2C(N)=O)CC1,8.14,experimental,,,tertiary_amine,,2026-06-26T12:42:20.302424+00:00
FIXED_chembl26.sdf,1734,CCCN1CCN(c2cccc(C(N)=O)c2)CC1,7.76,experimental,,,tertiary_amine,,2026-06-26T12:42:21.664485+00:00
FIXED_chembl26.sdf,1735,CCCN1CCN(c2ccc(C(N)=O)cc2)CC1,7.84,experimental,,,tertiary_amine,,2026-06-26T12:42:22.831902+00:00
FIXED_chembl26.sdf,1736,Cc1cc2c(c(-c3cccc(-n4ncc(C(=O)O)c4C(F)(F)F)n3)c1)C(Nc1ccc(C3CCN(C(=O)C4CC4)CC3)cc1C)CC2,3.1,experimental,,,carboxylic_acid,,2026-06-26T12:42:25.771216+00:00
FIXED_chembl26.sdf,1737,Cc1cc(C2CCN(C(=O)C3CC3)CC2)ccc1NC1CCc2cccc(-c3cccc(-n4ncc(C(=O)O)c4C)n3)c21,4.3,experimental,,,carboxylic_acid,,2026-06-26T12:42:27.325219+00:00
FIXED_chembl26.sdf,1738,COc1ccnc(C[S+]([O-])c2nc3cc(OC(F)F)ccc3[n-]2)c1OC.[Na+],3.9,experimental,,,sulfoxide,,2026-06-26T12:42:32.248454+00:00
FIXED_chembl26.sdf,1740,Cc1cn([C@H]2C[C@H](O)[C@@H](CO)O2)c(=O)[nH]c1=O,9.8,experimental,,,primary_alcohol,,2026-06-26T12:42:37.080663+00:00
FIXED_chembl26.sdf,1741,O=c1ccn([C@H]2C[C@H](O)[C@@H](CO)O2)c(=O)[nH]1,9.3,experimental,,,primary_alcohol,,2026-06-26T12:42:38.666996+00:00
FIXED_chembl26.sdf,1742,O=c1[nH]c(=O)n([C@H]2C[C@H](O)[C@@H](CO)O2)cc1F,7.7,experimental,,,primary_alcohol,,2026-06-26T12:42:40.004737+00:00
FIXED_chembl26.sdf,1745,Nc1ccc(C(=O)O)c(F)c1,4.13,experimental,,,carboxylic_acid,,2026-06-26T12:42:46.011486+00:00
FIXED_chembl26.sdf,1746,Nc1ccc(C(=O)O)c(Cl)c1,3.88,experimental,,,carboxylic_acid,,2026-06-26T12:42:47.017515+00:00
FIXED_chembl26.sdf,1747,Nc1ccc(C(=O)O)c(Cl)c1,3.93,experimental,,,carboxylic_acid,,2026-06-26T12:42:48.669618+00:00
FIXED_chembl26.sdf,1748,Cl.Nc1ccc(C(=O)O)c(Br)c1,3.69,experimental,,,carboxylic_acid,,2026-06-26T12:42:49.585373+00:00
FIXED_chembl26.sdf,1749,Cl.Nc1ccc(C(=O)O)c(Br)c1,3.85,experimental,,,carboxylic_acid,,2026-06-26T12:42:50.516419+00:00
FIXED_chembl26.sdf,1750,Cl.Nc1ccc(C(=O)O)c(I)c1,3.81,experimental,,,carboxylic_acid,,2026-06-26T12:42:51.383501+00:00
FIXED_chembl26.sdf,1751,Nc1ccc(C(=O)O)c(O)c1,3.52,experimental,,,carboxylic_acid,,2026-06-26T12:42:52.825215+00:00
FIXED_chembl26.sdf,1752,Nc1ccc(C(=O)O)c(O)c1,3.62,experimental,,,carboxylic_acid,,2026-06-26T12:42:53.768325+00:00
FIXED_chembl26.sdf,1753,Nc1ccc(C(=O)O)c([N+](=O)[O-])c1,2.78,experimental,,,carboxylic_acid,,2026-06-26T12:42:54.904590+00:00
FIXED_chembl26.sdf,1754,Nc1ccc(C(=O)O)c([N+](=O)[O-])c1,3.22,experimental,,,carboxylic_acid,,2026-06-26T12:43:44.154997+00:00
FIXED_chembl26.sdf,1764,CCCCCCCOc1cc(N)ccc1C(=O)O,5.3,experimental,,,carboxylic_acid,,2026-06-26T12:44:07.497794+00:00
FIXED_chembl26.sdf,1765,CCCCCCCCOc1cc(N)ccc1C(=O)O,5.4,experimental,,,carboxylic_acid,,2026-06-26T12:44:32.698844+00:00
FIXED_chembl26.sdf,1766,C=CCOc1cc(N)ccc1C(=O)O,5.01,experimental,,,carboxylic_acid,,2026-06-26T12:44:33.611520+00:00
FIXED_chembl26.sdf,1767,Cc1cc(N)ccc1C(=O)O,4.83,experimental,,,carboxylic_acid,,2026-06-26T12:44:34.628347+00:00
FIXED_chembl26.sdf,1768,Nc1ccc(C(=O)O)cc1F,4.35,experimental,,,carboxylic_acid,,2026-06-26T12:44:35.423347+00:00
FIXED_chembl26.sdf,1769,Nc1ccc(C(=O)O)cc1Cl,4.35,experimental,,,carboxylic_acid,,2026-06-26T12:44:36.208025+00:00
FIXED_chembl26.sdf,1770,Nc1ccc(C(=O)O)cc1Br,4.24,experimental,,,carboxylic_acid,,2026-06-26T12:44:37.038623+00:00
FIXED_chembl26.sdf,1771,Nc1ccc(C(=O)O)cc1Br,4.31,experimental,,,carboxylic_acid,,2026-06-26T12:44:37.847044+00:00
FIXED_chembl26.sdf,1772,Nc1ccc(C(=O)O)cc1I,4.34,experimental,,,carboxylic_acid,,2026-06-26T12:44:38.562018+00:00
FIXED_chembl26.sdf,1773,Nc1ccc(C(=O)O)cc1O,4.59,experimental,,,carboxylic_acid,,2026-06-26T12:44:39.643518+00:00
FIXED_chembl26.sdf,1774,Nc1ccc(C(=O)O)cc1[N+](=O)[O-],3.96,experimental,,,carboxylic_acid,,2026-06-26T12:44:40.570359+00:00
FIXED_chembl26.sdf,1775,Cl.Nc1ccc(C(=O)O)cc1N,4.84,experimental,,,carboxylic_acid,,2026-06-26T12:44:41.510494+00:00
FIXED_chembl26.sdf,1776,N#CSc1cc(C(=O)O)ccc1N,4.52,experimental,,,carboxylic_acid,,2026-06-26T12:44:43.762330+00:00
FIXED_chembl26.sdf,1777,CCCCCCOc1cc(C(=O)O)ccc1N,4.47,experimental,,,carboxylic_acid,,2026-06-26T12:44:45.890931+00:00
FIXED_chembl26.sdf,1778,Cc1cc(C(=O)O)ccc1N,4.62,experimental,,,carboxylic_acid,,2026-06-26T12:44:46.827238+00:00
FIXED_chembl26.sdf,1779,Nc1ccc(C(=O)O)cc1C(=O)c1ccccc1,4.34,experimental,,,carboxylic_acid,,2026-06-26T12:44:48.633642+00:00
FIXED_chembl26.sdf,1780,COC(=O)Nc1nc2nc(C)ncc2cc1-c1c(Cl)cccc1Cl,11.3,experimental,,,pyridine,,2026-06-26T12:44:53.174792+00:00
FIXED_chembl26.sdf,1781,COC(=O)Nc1nc2nc(C)ncc2cc1-c1c(Cl)cccc1Cl,4.2,experimental,,,11,manual,2026-06-26T12:45:09.275636+00:00
FIXED_chembl26.sdf,1782,CC(=O)Nc1nc2nc(C)ncc2cc1-c1c(Cl)cccc1Cl,12.8,experimental,,,10,manual,2026-06-26T12:45:21.785296+00:00
FIXED_chembl26.sdf,1783,CC(=O)Nc1nc2nc(C)ncc2cc1-c1c(Cl)cccc1Cl,4.1,experimental,,,10,manual,2026-06-26T12:45:28.862573+00:00
FIXED_chembl26.sdf,1785,Cc1ncc2cc(-c3c(Cl)cccc3Cl)c(NC(=O)c3cccnc3)nc2n1,4.1,experimental,,,2,manual,2026-06-26T12:45:50.993623+00:00
FIXED_chembl26.sdf,1786,Cc1ncc2cc(-c3c(Cl)cccc3Cl)c(NC(=O)c3ccco3)nc2n1,10.7,experimental,,,pyridine,,2026-06-26T12:45:55.031819+00:00
FIXED_chembl26.sdf,1787,Cc1ncc2cc(-c3c(Cl)cccc3Cl)c(NC(=O)c3ccco3)nc2n1,4.3,experimental,,,2,manual,2026-06-26T12:46:06.235948+00:00
FIXED_chembl26.sdf,1788,O=C(O)Cc1ccc2[nH]c3c(c2c1)CN(Cc1ccccc1)CC3,8.65,experimental,,,tertiary_amine,,2026-06-26T12:46:09.343832+00:00
FIXED_chembl26.sdf,1789,O=C(O)Cc1ccc2[nH]c3c(c2c1)CN(Cc1ccccc1)CC3,4.34,experimental,,,carboxylic_acid,,2026-06-26T12:46:11.399737+00:00
FIXED_chembl26.sdf,1791,CCCN(CCC)C(=O)c1cc(C)cc(C(=O)N[C@@H](Cc2cc(F)cc(F)c2)[C@H](O)[C@@H]2NCCN(Cc3ccccc3)C2=O)c1,6.0,experimental,,,secondary_amine,,2026-06-26T12:46:17.047087+00:00
FIXED_chembl26.sdf,1792,CCCN(CCC)C(=O)c1cc(C)cc(C(=O)N[C@@H](Cc2cc(F)cc(F)c2)[C@H](O)[C@@H]2NCN(Cc3ccccc3)C2=O)c1,3.6,experimental,,,31,manual,2026-06-26T12:46:35.269708+00:00
FIXED_chembl26.sdf,1799,C[C@H](CO)Nc1nc(SCc2cccc(F)c2F)nc2[nH]c(=O)ccc12,10.5,experimental,,,aniline,,2026-06-26T12:47:02.644826+00:00
FIXED_chembl26.sdf,1809,CC1(C)Cc2cc(Cl)ccc2C(NC(Cc2ccccc2)c2n[nH]c(=O)[nH]2)=N1,7.1,experimental,,,amidine,,2026-06-26T12:47:30.022933+00:00
FIXED_chembl26.sdf,1813,Cl.NCCCS(=O)(=O)Nc1ccc(Nc2c3ccccc3nc3ccccc23)cc1,6.89,experimental,,,aniline,,2026-06-26T12:47:49.964823+00:00
FIXED_chembl26.sdf,1814,Cl.NCCCCS(=O)(=O)Nc1ccc(Nc2c3ccccc3nc3ccccc23)cc1,6.91,experimental,,,aniline,,2026-06-26T12:47:51.783610+00:00
FIXED_chembl26.sdf,1816,Cl.NCCCCCCS(=O)(=O)Nc1ccc(Nc2c3ccccc3nc3ccccc23)cc1,6.92,experimental,,,aniline,,2026-06-26T12:47:57.147520+00:00
FIXED_chembl26.sdf,1817,Cl.NCCS(=O)(=O)Nc1ccc(Nc2c3ccccc3nc3cc([N+](=O)[O-])ccc23)cc1,5.25,experimental,,,aniline,,2026-06-26T12:48:02.027023+00:00
FIXED_chembl26.sdf,1818,Cl.NCCCS(=O)(=O)Nc1ccc(Nc2c3ccccc3nc3cc([N+](=O)[O-])ccc23)cc1,5.33,experimental,,,sulfamide,,2026-06-26T12:48:08.480000+00:00
FIXED_chembl26.sdf,1820,Cl.NCCCCCS(=O)(=O)Nc1ccc(Nc2c3ccccc3nc3cc([N+](=O)[O-])ccc23)cc1,5.36,experimental,,,aniline,,2026-06-26T12:48:14.076347+00:00
FIXED_chembl26.sdf,1821,Cl.NCCCCCCS(=O)(=O)Nc1ccc(Nc2c3ccccc3nc3cc([N+](=O)[O-])ccc23)cc1,5.34,experimental,,,aniline,,2026-06-26T12:48:15.707717+00:00
FIXED_chembl26.sdf,1822,Cl.NCCCCCCCS(=O)(=O)Nc1ccc(Nc2c3ccccc3nc3cc([N+](=O)[O-])ccc23)cc1,5.36,experimental,,,aniline,,2026-06-26T12:48:18.042266+00:00
FIXED_chembl26.sdf,1823,Cl.NCCCCCCCCS(=O)(=O)Nc1ccc(Nc2c3ccccc3nc3cc([N+](=O)[O-])ccc23)cc1,5.35,experimental,,,aniline,,2026-06-26T12:48:25.381301+00:00
FIXED_chembl26.sdf,1824,COc1cc(NS(=O)(=O)CCCCN)ccc1Nc1c2ccccc2nc2cc([N+](=O)[O-])ccc12.Cl,5.58,experimental,,,aniline,,2026-06-26T12:48:27.205065+00:00
FIXED_chembl26.sdf,1828,Cc1cccc2c(Nc3ccc(NS(=O)(=O)CCCCN)cc3)c3ccc([N+](=O)[O-])cc3nc12.Cl,5.44,experimental,,,aniline,,2026-06-26T12:48:39.802009+00:00
FIXED_chembl26.sdf,1829,Cc1ccc2c(Nc3ccc(NS(=O)(=O)CCCCN)cc3)c3ccc([N+](=O)[O-])cc3nc2c1C.Cl,5.52,experimental,,,aniline,,2026-06-26T12:48:41.336273+00:00
FIXED_chembl26.sdf,1834,Cl.NCCC(=O)NCCS(=O)(=O)Nc1ccc(Nc2c3ccccc3nc3cc([N+](=O)[O-])ccc23)cc1,5.35,experimental,,,aniline,,2026-06-26T12:48:53.168825+00:00
FIXED_chembl26.sdf,1840,Cl.N=C(N)NCCCCS(=O)(=O)Nc1ccc(Nc2c3ccccc3nc3ccccc23)cc1,6.91,experimental,,,guanidine,,2026-06-26T12:49:04.945862+00:00
FIXED_chembl26.sdf,1841,Cl.N=C(N)NCCCCS(=O)(=O)Nc1ccc(Nc2c3ccccc3nc3cc(Cl)ccc23)cc1,6.33,experimental,,,guanidine,,2026-06-26T12:49:06.705375+00:00
FIXED_chembl26.sdf,1842,C[n+]1c2ccccc2c(Nc2ccc(NS(=O)(=O)CCCCNC(=N)N)cc2)c2ccccc21.[Br-],6.69,experimental,,,guanidine,,2026-06-26T12:49:08.356008+00:00
FIXED_chembl26.sdf,1843,Cc1cccc2c(Nc3ccc(NS(=O)(=O)CCCCNC(=N)N)cc3)c3cccc(C)c3nc12.Cl,6.41,experimental,,,guanidine,,2026-06-26T12:49:11.078665+00:00
FIXED_chembl26.sdf,1846,Cl.N=C(N)NCCCS(=O)(=O)Nc1ccc(Nc2c3ccc([N+](=O)[O-])cc3nc3cc([N+](=O)[O-])ccc23)cc1,3.68,experimental,,,sulfamide,,2026-06-26T12:49:20.944095+00:00
FIXED_chembl26.sdf,1847,C[n+]1c2ccccc2c(Nc2ccc(NS(C)(=O)=O)cc2)c2ccc(N)cc21,10.07,experimental,,,quinoline,,2026-06-26T12:49:51.409402+00:00
FIXED_chembl26.sdf,1848,Nc1c2ccccc2nc2ccccc12,9.6,experimental,,,quinoline,,2026-06-26T12:49:53.716016+00:00
FIXED_chembl26.sdf,1849,Cc1cc(Oc2ccccc2Oc2ccccc2)c(CN(C)C)cn1,4.4,experimental,,,pyridine,Reassigned from the tertiary amine to the pyridine pKaH transition,2026-09-16T00:00:00+00:00,
FIXED_chembl26.sdf,1850,CNCc1cnc(C)cc1Oc1ccccc1Oc1ccccc1,4.4,experimental,,,secondary_amine,,2026-06-26T12:50:10.318727+00:00
FIXED_chembl26.sdf,1852,C[S+]([O-])CC(=O)/C=N/O,7.74,experimental,,,imine,,2026-06-26T12:50:13.799476+00:00
FIXED_chembl26.sdf,1853,Nc1cc(S(N)(=O)=O)ccc1S(=O)(=O)CCCO,9.15,experimental,,,aniline,,2026-06-26T12:50:23.291379+00:00
FIXED_chembl26.sdf,1854,CC(=O)OCCS(=O)(=O)c1ccc(S(N)(=O)=O)s1,8.65,experimental,,,thiophene,,2026-06-26T12:51:04.071282+00:00
FIXED_chembl26.sdf,1855,NS(=O)(=O)c1ccc(S(=O)(=O)CCO)c(F)c1,9.0,experimental,,,primary_alcohol,,2026-06-26T12:51:10.981006+00:00
FIXED_chembl26.sdf,1856,NS(=O)(=O)c1ccc(SCCCCO)s1,9.5,experimental,,,primary_alcohol,,2026-06-26T12:51:12.962441+00:00
FIXED_chembl26.sdf,1857,COC(=O)c1cc(S(N)(=O)=O)ccc1S(=O)(=O)CCO,9.2,experimental,,,ester,,2026-06-26T12:51:15.235901+00:00
FIXED_chembl26.sdf,1858,NS(=O)(=O)c1ccc(SCCCO)c(F)c1,9.64,experimental,,,primary_alcohol,,2026-06-26T12:51:16.938102+00:00
FIXED_chembl26.sdf,1859,NS(=O)(=O)c1ccc(CCCCO)cc1,10.32,experimental,,,primary_alcohol,,2026-06-26T12:51:18.229953+00:00
FIXED_chembl26.sdf,1860,COCC(=O)OCCCS(=O)(=O)c1ccc(S(N)(=O)=O)s1,8.1,experimental,,,thiophene,,2026-06-26T12:51:36.881877+00:00
FIXED_chembl26.sdf,1861,NS(=O)(=O)c1ccc(S(=O)(=O)CCCCO)c(F)c1,9.18,experimental,,,primary_alcohol,,2026-06-26T12:51:48.139265+00:00
FIXED_chembl26.sdf,1862,NS(=O)(=O)c1ccc(SCCO)c(C(=O)O)c1,10.45,experimental,,,primary_alcohol,,2026-06-26T12:51:52.080813+00:00
FIXED_chembl26.sdf,1863,NS(=O)(=O)c1ccc(S(=O)(=O)CCCCO)s1,8.67,experimental,,,primary_alcohol,,2026-06-26T12:51:54.733565+00:00
FIXED_chembl26.sdf,1864,COC(=O)c1cc(S(N)(=O)=O)ccc1SCCCO,9.3,experimental,,,primary_alcohol,,2026-06-26T12:51:56.591763+00:00
FIXED_chembl26.sdf,1865,CC(C)(O)CCS(=O)(=O)c1ccc(S(N)(=O)=O)cc1,9.28,experimental,,,tertiary_alcohol,,2026-06-26T12:51:59.479416+00:00
FIXED_chembl26.sdf,1866,COC(=O)c1cc(S(N)(=O)=O)ccc1S(=O)(=O)CCCO,8.9,experimental,,,primary_alcohol,,2026-06-26T12:52:02.193197+00:00
FIXED_chembl26.sdf,1867,NS(=O)(=O)c1ccc(SCCCCO)cc1,10.17,experimental,,,primary_alcohol,,2026-06-26T12:52:03.646665+00:00
FIXED_chembl26.sdf,1868,NS(=O)(=O)c1ccc(S(=O)(=O)CCCCO)cc1,9.6,experimental,,,primary_alcohol,,2026-06-26T12:52:05.412632+00:00
FIXED_chembl26.sdf,1869,NS(=O)(=O)c1ccc(S(=O)(=O)CCCO)c(C(=O)O)c1,9.28,experimental,,,primary_alcohol,,2026-06-26T12:52:09.287808+00:00
FIXED_chembl26.sdf,1870,NS(=O)(=O)c1ccc(S(=O)(=O)CCO)cc1,9.38,experimental,,,primary_alcohol,,2026-06-26T12:52:11.349934+00:00
FIXED_chembl26.sdf,1871,NS(=O)(=O)c1ccc(SCCCCCO)cc1,9.25,experimental,,,primary_alcohol,,2026-06-26T12:52:12.991901+00:00
FIXED_chembl26.sdf,1872,NS(=O)(=O)c1ccc(SCCO)cc1,9.27,experimental,,,primary_alcohol,,2026-06-26T12:52:14.168603+00:00
FIXED_chembl26.sdf,1873,NS(=O)(=O)c1ccc(S(=O)(=O)CCCO)c(F)c1,9.02,experimental,,,primary_alcohol,,2026-06-26T12:52:15.818080+00:00
FIXED_chembl26.sdf,1875,NS(=O)(=O)c1ccc(SCCCO)c(C(=O)O)c1,9.94,experimental,,,primary_alcohol,,2026-06-26T12:52:23.193184+00:00
FIXED_chembl26.sdf,1876,NS(=O)(=O)c1ccc(CCCO)cc1,10.23,experimental,,,primary_alcohol,,2026-06-26T12:52:24.729545+00:00
FIXED_chembl26.sdf,1878,NS(=O)(=O)c1ccc(SCCO)s1,9.46,experimental,,,primary_alcohol,,2026-06-26T12:52:34.069527+00:00
FIXED_chembl26.sdf,1879,NS(=O)(=O)c1ccc(S(=O)(=O)CCCO)cc1,8.98,experimental,,,primary_alcohol,,2026-06-26T12:52:36.790559+00:00
FIXED_chembl26.sdf,1881,NS(=O)(=O)c1ccc(S(=O)(=O)CCCO)s1,8.32,experimental,,,primary_alcohol,,2026-06-26T12:52:46.264289+00:00
FIXED_chembl26.sdf,1882,CC(C)(O)CCSc1ccc(S(N)(=O)=O)cc1,10.0,experimental,,,tertiary_alcohol,,2026-06-26T12:52:48.768451+00:00
FIXED_chembl26.sdf,1883,NS(=O)(=O)c1ccc(SCCCO)cc1,10.23,experimental,,,primary_alcohol,,2026-06-26T12:52:49.878932+00:00
FIXED_chembl26.sdf,1884,CC(=O)OCCCS(=O)(=O)c1ccc(S(N)(=O)=O)s1,8.05,experimental,,,thiophene,,2026-06-26T12:53:07.566641+00:00
FIXED_chembl26.sdf,1885,NS(=O)(=O)c1cc2c(s1)S(=O)(=O)CCC2O,8.2,experimental,,,thiophene,,2026-06-26T12:53:10.250319+00:00
FIXED_chembl26.sdf,1886,NS(=O)(=O)c1cc2c(s1)S(=O)(=O)CCC2O,8.35,experimental,,,thiophene,,2026-06-26T12:53:11.736673+00:00
FIXED_chembl26.sdf,1887,CC(C)CNCCCS(=O)(=O)c1ccc(S(N)(=O)=O)s1,9.3,experimental,,,secondary_amine,,2026-06-26T12:53:14.491900+00:00
FIXED_chembl26.sdf,1888,NS(=O)(=O)c1ccc(SCCCCO)c(F)c1,9.82,experimental,,,primary_alcohol,,2026-06-26T12:53:27.062620+00:00
FIXED_chembl26.sdf,1889,CC(=O)OCCCc1ccc(S(N)(=O)=O)cc1,10.22,experimental,,,aromatic_thiosulfamide,,2026-06-26T12:53:30.246065+00:00
FIXED_chembl26.sdf,1890,NS(=O)(=O)c1ccc(SCCCO)s1,9.32,experimental,,,primary_alcohol,,2026-06-26T12:53:34.563017+00:00
FIXED_chembl26.sdf,1891,NS(=O)(=O)c1ccc(S(=O)(=O)CC(O)CO)cc1,9.35,experimental,,,secondary_alcohol,,2026-06-26T12:53:36.028611+00:00
FIXED_chembl26.sdf,1892,NS(=O)(=O)c1ccc(CCCCCO)cc1,10.28,experimental,,,primary_alcohol,,2026-06-26T12:53:37.420128+00:00
FIXED_chembl26.sdf,1893,Nc1cc(S(N)(=O)=O)ccc1S(=O)(=O)CCO,9.5,experimental,,,aniline,,2026-06-26T12:53:41.274578+00:00
FIXED_chembl26.sdf,1894,NS(=O)(=O)c1ccc(SCCO)c([N+](=O)[O-])c1,9.42,experimental,,,aniline,,2026-06-26T12:53:43.476157+00:00
FIXED_chembl26.sdf,1895,NS(=O)(=O)c1ccc(SCCCO)c(Cl)c1,9.45,experimental,,,primary_alcohol,,2026-06-26T12:53:45.068148+00:00
FIXED_chembl26.sdf,1896,NS(=O)(=O)c1ccc(S(=O)(=O)CCO)s1,8.65,experimental,,,primary_alcohol,,2026-06-26T12:53:47.021991+00:00
FIXED_chembl26.sdf,1897,NS(=O)(=O)c1ccc(SCCO)c(F)c1,9.76,experimental,,,primary_alcohol,,2026-06-26T12:53:48.586419+00:00
FIXED_chembl26.sdf,1902,COc1cc(Cl)c(N=C2NCCN2)c(Cl)c1,8.57,experimental,,,guanidine,,2026-06-26T12:53:54.616677+00:00
FIXED_chembl26.sdf,1907,c1ccn(-c2ncc[nH]2)c1,5.36,experimental,,,imidazole,,2026-06-26T12:53:56.207190+00:00
FIXED_chembl26.sdf,1919,O=[N+]([O-])c1cc(Cl)c(N=C2NCCN2)c(Cl)c1,6.86,experimental,,,guanidine,,2026-06-26T12:54:00.827060+00:00
FIXED_chembl26.sdf,1921,O=[N+]([O-])c1ncc[nH]1,-0.81,experimental,,,imidazole,,2026-06-26T12:54:01.995087+00:00
FIXED_chembl26.sdf,1922,O=[N+]([O-])c1ncc[nH]1,0.81,experimental,,,imidazole,,2026-06-26T12:54:03.017393+00:00
FIXED_chembl26.sdf,1935,CCc1cccc(CC)c1NC1=NCCN1,10.61,experimental,,,guanidine,,2026-06-26T12:54:04.851126+00:00
FIXED_chembl26.sdf,1936,CCc1cccc(CC)c1NC1=NCCN1,10.6,experimental,,,guanidine,,2026-06-26T12:54:05.694496+00:00
FIXED_chembl26.sdf,1995,Cn1ccnc1[N+](=O)[O-],-0.48,experimental,,,imidazole,,2026-06-26T12:54:06.880923+00:00
FIXED_chembl26.sdf,1996,Cn1ccnc1[N+](=O)[O-],0.48,experimental,,,imidazole,,2026-06-26T12:54:07.629899+00:00
FIXED_chembl26.sdf,2005,c1ccc(NC2=NCCN2)cc1,10.05,experimental,,,guanidine,,2026-06-26T12:54:08.705917+00:00
FIXED_chembl26.sdf,2006,c1ccc(NC2=NCCN2)cc1,9.16,experimental,,,guanidine,,2026-06-26T12:54:09.449109+00:00
FIXED_chembl26.sdf,2007,c1ccc(NC2=NCCN2)cc1,10.4,experimental,,,guanidine,,2026-06-26T12:54:10.222520+00:00
FIXED_chembl26.sdf,2011,CN(C)CCNC(=O)c1cccc2ccc(-c3ccccc3)nc12,2.75,experimental,,,quinoline,,2026-06-26T12:54:17.790714+00:00
FIXED_chembl26.sdf,2012,CN(C)CCNC(=O)c1cccc2[nH]c(-c3ccccc3)nc12,3.42,experimental,,,benzimidazole,,2026-06-26T12:54:20.471233+00:00
FIXED_chembl26.sdf,2013,COS(=O)(=O)Nc1ccc(Nc2c3ccccc3nc3cc(Cl)ccc23)cc1,6.57,experimental,,,quinoline,,2026-06-26T12:54:25.417968+00:00
FIXED_chembl26.sdf,2028,O=C(O)CCc1ccc(Nc2c3ccccc3nc3ccccc23)cc1,7.91,experimental,,,aniline,,2026-06-26T12:54:47.987836+00:00
FIXED_chembl26.sdf,2308,C=CCC1(C(C)CCC)C(=O)NC(=O)NC1=O,7.92,experimental,,,imide,,2026-06-26T12:58:41.062497+00:00
FIXED_chembl26.sdf,2309,O=C1N=C(O)NC1(c1ccccc1)c1ccccc1,8.3,experimental,,,amidine,,2026-06-26T12:58:43.694859+00:00
FIXED_chembl26.sdf,2310,O=C1N=C(O)NC1(c1ccccc1)c1ccccc1,8.0,experimental,,,amidine,,2026-06-26T12:58:44.618528+00:00
FIXED_chembl26.sdf,2311,O=C1N=C(O)NC1(c1ccccc1)c1ccccc1,0.0,experimental,,,amidine,,2026-06-26T12:58:45.612658+00:00
FIXED_chembl26.sdf,2313,O=C1Nc2ccc(Cl)cc2C(c2ccccc2Cl)=NC1O,11.5,experimental,,,imine,,2026-06-26T12:58:47.106881+00:00
FIXED_chembl26.sdf,2314,CCN(CC)CC(=O)Nc1c(C)cccc1C,8.5,experimental,,,tertiary_amine,,2026-06-26T12:58:48.291684+00:00
FIXED_chembl26.sdf,2315,CCN(CC)CC(=O)Nc1c(C)cccc1C,7.9,experimental,,,tertiary_amine,,2026-06-26T12:58:49.009131+00:00
FIXED_chembl26.sdf,2316,CCN(CC)CC(=O)Nc1c(C)cccc1C,7.94,experimental,,,tertiary_amine,,2026-06-26T12:58:49.554984+00:00
FIXED_chembl26.sdf,2326,CCOC(=O)c1ccc(O)cc1,8.3,experimental,,,phenol,,2026-06-26T12:58:55.280287+00:00
FIXED_chembl26.sdf,2327,CC(C)N(CCC(C(N)=O)(c1ccccc1)c1ccccn1)C(C)C,10.1,experimental,,,tertiary_amine,,2026-06-26T12:58:58.926826+00:00
FIXED_chembl26.sdf,2328,CC(C)N(CCC(C(N)=O)(c1ccccc1)c1ccccn1)C(C)C,10.4,experimental,,,tertiary_amine,,2026-06-26T12:59:01.346460+00:00
FIXED_chembl26.sdf,2329,NCCN1C(=O)CN=C(c2ccccc2F)c2cc(Cl)ccc21,11.6,experimental,,,primary_amine,,2026-06-26T12:59:04.167249+00:00
FIXED_chembl26.sdf,2332,CCOC(=O)c1ccc(N)cc1,2.5,experimental,,,aniline,,2026-06-26T12:59:28.102040+00:00
FIXED_chembl26.sdf,2342,O=C(O)c1cccc(-n2cc(-c3cc4ccccc4oc3=O)[nH]c2=S)c1,3.91,experimental,,,carboxylic_acid,,2026-06-26T12:59:36.323505+00:00
FIXED_chembl26.sdf,2343,O=C(O)CCCN1C(=O)S/C(=C\C=C\c2ccccc2)C1=O,3.89,experimental,,,carboxylic_acid,,2026-06-26T12:59:37.744274+00:00
FIXED_chembl26.sdf,2344,O=C(O)COc1ccccc1/C=C1/NC(=S)NC1=O,3.68,experimental,,,carboxylic_acid,,2026-06-26T12:59:39.484013+00:00
FIXED_chembl26.sdf,2345,COc1ccc(-c2ccc(/C=C3/SC(=S)N(CC(=O)O)C3=O)o2)cc1,3.62,experimental,,,carboxylic_acid,,2026-06-26T12:59:41.230487+00:00
FIXED_chembl26.sdf,2346,CCOc1ccc(-c2ccc(S(=O)(=O)N[C@@H](C(=O)O)C3CCN(C(=O)OC(C)C)CC3)s2)cc1,2.55,experimental,,,carboxylic_acid,,2026-06-26T12:59:42.790473+00:00
FIXED_chembl26.sdf,2347,CCN(Cc1cc(C(F)(F)F)ccc1-c1nn(CC(=O)O)c2ccccc12)C(=O)C1CC1,2.8,experimental,,,carboxylic_acid,,2026-06-26T12:59:45.102840+00:00
FIXED_chembl26.sdf,2348,CCN(Cc1cc(C(F)(F)F)ccc1-c1cn(CC(=O)O)c2cccnc12)C(=O)C1CC1,2.5,experimental,,,carboxylic_acid,,2026-06-26T12:59:46.271336+00:00
FIXED_chembl26.sdf,2349,CCN(Cc1cc(C(F)(F)F)ccc1-c1cn(CC(=O)O)c2cccnc12)C(=O)C1CC1,5.6,experimental,,,carboxylic_acid,,2026-06-26T12:59:48.032390+00:00
FIXED_chembl26.sdf,2350,CCN(Cc1cc(C(F)(F)F)ccc1-c1cn(CC(=O)O)c2ccncc12)C(=O)C1CC1,2.4,experimental,,,carboxylic_acid,,2026-06-26T12:59:49.119140+00:00
FIXED_chembl26.sdf,2351,CCN(Cc1cc(C(F)(F)F)ccc1-c1cn(CC(=O)O)c2ccncc12)C(=O)C1CC1,7.8,experimental,,,pyridine,,2026-06-26T12:59:52.044341+00:00
FIXED_chembl26.sdf,2352,CCN(Cc1cc(C(F)(F)F)ccc1-n1cc(CC(=O)O)c2cccnc21)C(=O)C1CC1,2.4,experimental,,,carboxylic_acid,,2026-06-26T12:59:53.648835+00:00
FIXED_chembl26.sdf,2353,CCN(Cc1cc(C(F)(F)F)ccc1-n1cc(CC(=O)O)c2cccnc21)C(=O)C1CC1,4.2,experimental,,,carboxylic_acid,,2026-06-26T12:59:54.762338+00:00
FIXED_chembl26.sdf,2354,CCN(Cc1cc(C(F)(F)F)ccc1-c1cc(CC(=O)O)n2cccnc12)C(=O)C1CC1,3.7,experimental,,,carboxylic_acid,,2026-06-26T12:59:55.701984+00:00
FIXED_chembl26.sdf,2355,CCN(Cc1cc(C(F)(F)F)ccc1-c1cc(CC(=O)O)n2cccnc12)C(=O)C1CC1,1.7,experimental,,,carboxylic_acid,,2026-06-26T12:59:56.505765+00:00
FIXED_chembl26.sdf,2356,CCN(Cc1cc(C(F)(F)F)ccc1-c1nc(CC(=O)O)c2ccccn12)C(=O)C1CC1,3.0,experimental,,,carboxylic_acid,,2026-06-26T12:59:58.591904+00:00
FIXED_chembl26.sdf,2357,CCN(Cc1cc(C(F)(F)F)ccc1-c1nc(CC(=O)O)c2ccccn12)C(=O)C1CC1,4.8,experimental,,,carboxylic_acid,,2026-06-26T12:59:59.664662+00:00
FIXED_chembl26.sdf,2358,CS(=O)(=O)Nc1ccncc1Oc1ccccc1,2.98,experimental,,,ether,,2026-06-26T13:00:00.461523+00:00
FIXED_chembl26.sdf,2366,CC(C)CC1(C)NC(=N)N(Cc2cccc(Cl)c2)C1=O,7.2,experimental,,,guanidine,,2026-06-26T13:00:21.253916+00:00
FIXED_chembl26.sdf,2367,CC1(C)C(=O)NC(=N)N1CCc1cccc(Cl)c1,4.4,experimental,,,guanidine,,2026-06-26T13:00:22.218934+00:00
FIXED_chembl26.sdf,2368,CN1CC(C(=O)Nc2ccccc2)C(=O)C1=O,5.86,experimental,,,amide_secondary,,2026-06-26T13:00:52.164469+00:00
FIXED_chembl26.sdf,2369,COc1ccc(NC(=O)C2CN(C)C(=O)C2=O)cc1,5.84,experimental,,,amide_secondary,,2026-06-26T13:00:54.523112+00:00
FIXED_chembl26.sdf,2370,CN1CC(C(=O)Nc2ccc(Cl)cc2)C(=O)C1=O,5.51,experimental,,,amide_secondary,,2026-06-26T13:00:57.093984+00:00
FIXED_chembl26.sdf,2371,CN1CC(C(=O)Nc2ccc(F)cc2)C(=O)C1=O,5.55,experimental,,,amide_secondary,,2026-06-26T13:00:58.079944+00:00
FIXED_chembl26.sdf,2372,Cc1ccc(NC(=O)C2CN(C)C(=O)C2=O)cc1,5.79,experimental,,,amide_secondary,,2026-06-26T13:00:58.833956+00:00
FIXED_chembl26.sdf,2373,CCOC(=O)c1ccccc1NC(=O)C1CN(C)C(=O)C1=O,6.49,experimental,,,amide_secondary,,2026-06-26T13:01:03.088116+00:00
FIXED_chembl26.sdf,2374,COc1ccccc1NC(=O)C1CN(C)C(=O)C1=O,6.08,experimental,,,amide_secondary,,2026-06-26T13:01:05.561586+00:00
FIXED_chembl26.sdf,2375,O=C(Nc1ccccc1)C1CN(c2ccccc2)C(=O)C1=O,5.58,experimental,,,amide_secondary,,2026-06-26T13:01:07.046188+00:00
FIXED_chembl26.sdf,2376,COc1ccccc1NC(=O)C1CN(c2ccccc2)C(=O)C1=O,6.19,experimental,,,amide_secondary,,2026-06-26T13:01:08.571471+00:00
FIXED_chembl26.sdf,2377,O=C(Nc1ccccc1C(F)(F)F)C1CN(c2ccccc2)C(=O)C1=O,5.87,experimental,,,amide_secondary,,2026-06-26T13:01:09.600442+00:00
FIXED_chembl26.sdf,2378,CC(=O)C[C@@H](c1ccccc1)c1c(O)c2ccccc2oc1=O,4.8,experimental,,,phenol,,2026-06-26T13:01:24.315826+00:00
FIXED_chembl26.sdf,2379,CC(=O)C[C@@H](c1ccccc1)c1c(O)c2ccccc2oc1=O,8.51,experimental,,,phenol,,2026-06-26T13:01:25.315010+00:00
FIXED_chembl26.sdf,2380,COc1ccc(CCN(C)CCCC(C#N)(c2ccc(OC)c(OC)c2)C(C)C)cc1OC,9.0,experimental,,,tertiary_amine,,2026-06-26T13:01:27.720333+00:00
FIXED_chembl26.sdf,2381,COc1ccc(CCN(C)CCCC(C#N)(c2ccc(OC)c(OC)c2)C(C)C)cc1OC,8.9,experimental,,,tertiary_amine,,2026-06-26T13:01:29.960163+00:00
FIXED_chembl26.sdf,2383,COc1ccc(CCN(C)CCCC(C#N)(c2ccc(OC)c(OC)c2)C(C)C)cc1OC,1.36,experimental,,,tertiary_amine,,2026-06-26T13:01:31.268650+00:00
FIXED_chembl26.sdf,2384,COc1ccc(CCN(C)CCCC(C#N)(c2ccc(OC)c(OC)c2)C(C)C)cc1OC,8.92,experimental,,,tertiary_amine,,2026-06-26T13:01:32.656595+00:00
FIXED_chembl26.sdf,2385,COc1ccc(CCN(C)CCCC(C#N)(c2ccc(OC)c(OC)c2)C(C)C)cc1OC,9.04,experimental,,,tertiary_amine,,2026-06-26T13:01:34.207396+00:00
FIXED_chembl26.sdf,2387,COc1ccc(CCN(C)CCCC(C#N)(c2ccc(OC)c(OC)c2)C(C)C)cc1OC,8.7,experimental,,,tertiary_amine,,2026-06-26T13:01:35.152561+00:00
FIXED_chembl26.sdf,2396,CC(CN(C)C)CN1c2ccccc2CCc2ccccc21,9.24,experimental,,,tertiary_amine,,2026-06-26T13:01:59.291635+00:00
FIXED_chembl26.sdf,2397,CC(CN(C)C)CN1c2ccccc2CCc2ccccc21,8.4,experimental,,,tertiary_amine,,2026-06-26T13:02:00.951941+00:00
FIXED_chembl26.sdf,2408,CC(C)(C)NC[C@H](O)COc1nsnc1N1CCOCC1,3.9,experimental,,,aniline,,2026-06-26T13:02:19.509333+00:00
FIXED_chembl26.sdf,2409,CC(C)(C)NC[C@H](O)COc1nsnc1N1CCOCC1,9.3,experimental,,,aniline,,2026-06-26T13:02:22.598621+00:00
FIXED_chembl26.sdf,2410,CC(C)(C)NC[C@H](O)COc1nsnc1N1CCOCC1,9.53,experimental,,,secondary_amine,,2026-06-26T13:02:24.510050+00:00
FIXED_chembl26.sdf,2411,CC(C)(C)NC[C@H](O)COc1nsnc1N1CCOCC1,8.8,experimental,,,secondary_amine,,2026-06-26T13:02:25.702135+00:00
FIXED_chembl26.sdf,2413,Cn1c(=O)c2nc[nH]c2n(C)c1=O,8.8,experimental,,,nn-indazole,,2026-06-26T13:02:28.889719+00:00
FIXED_chembl26.sdf,2415,Cn1c(=O)c2nc[nH]c2n(C)c1=O,0.0,experimental,,,lactam,,2026-06-26T13:02:34.255405+00:00
FIXED_chembl26.sdf,2416,Cn1c(=O)c2nc[nH]c2n(C)c1=O,4.6,experimental,,,lactam,,2026-06-26T13:02:36.186825+00:00
FIXED_chembl26.sdf,2417,CCCc1nn(C)c2c(=O)[nH]c(-c3cc(S(=O)(=O)N4CCN(C)CC4)ccc3OCC)nc12,6.7,experimental,,,tertiary_amine,,2026-06-26T13:02:43.102724+00:00
FIXED_chembl26.sdf,2418,CCCc1nn(C)c2c(=O)[nH]c(-c3cc(S(=O)(=O)N4CCN(C)CC4)ccc3OCC)nc12,4.86,experimental,,,tertiary_amine,,2026-06-26T13:02:45.017737+00:00
FIXED_chembl26.sdf,2419,Cc1nc2n(c(=O)c1CCN1CCC(c3noc4cc(F)ccc34)CC1)CCCC2,8.2,experimental,,,tertiary_amine,,2026-06-26T13:02:47.424442+00:00
FIXED_chembl26.sdf,2420,Cc1nc2n(c(=O)c1CCN1CCC(c3noc4cc(F)ccc34)CC1)CCCC2,7.91,experimental,,,tertiary_amine,,2026-06-26T13:02:48.608942+00:00
FIXED_chembl26.sdf,2421,Cc1nc2n(c(=O)c1CCN1CCC(c3noc4cc(F)ccc34)CC1)CCCC2,8.7,experimental,,,tertiary_amine,,2026-06-26T13:02:49.589907+00:00
FIXED_chembl26.sdf,2422,Cc1nc2n(c(=O)c1CCN1CCC(c3noc4cc(F)ccc34)CC1)CCCC2,3.16,experimental,,,tertiary_amine,,2026-06-26T13:02:50.666054+00:00
FIXED_chembl26.sdf,2424,Cc1nc2n(c(=O)c1CCN1CCC(c3noc4cc(F)ccc34)CC1)CCCC2,13.0,experimental,,,tertiary_amine,,2026-06-26T13:02:51.766359+00:00
FIXED_chembl26.sdf,2425,Cc1nc2n(c(=O)c1CCN1CCC(c3noc4cc(F)ccc34)CC1)CCCC2,8.3,experimental,,,tertiary_amine,,2026-06-26T13:02:53.329811+00:00
FIXED_chembl26.sdf,2428,Cc1nc2n(c(=O)c1CCN1CCC(c3noc4cc(F)ccc34)CC1)CCCC2,8.63,experimental,,,tertiary_amine,,2026-06-26T13:02:54.150524+00:00
FIXED_chembl26.sdf,2429,CC(C)NCC(O)COc1cccc2ccccc12,9.5,experimental,,,secondary_amine,,2026-06-26T13:02:58.903504+00:00
FIXED_chembl26.sdf,2430,CC(C)NCC(O)COc1cccc2ccccc12,9.45,experimental,,,secondary_amine,,2026-06-26T13:03:00.002062+00:00
FIXED_chembl26.sdf,2431,CC(C)NCC(O)COc1cccc2ccccc12,9.6,experimental,,,secondary_amine,,2026-06-26T13:03:01.113206+00:00
FIXED_chembl26.sdf,2433,CC(C)NCC(O)COc1cccc2ccccc12,2.3,experimental,,,secondary_amine,,2026-06-26T13:03:01.923644+00:00
FIXED_chembl26.sdf,2434,CC(C)NCC(O)COc1cccc2ccccc12,9.68,experimental,,,secondary_amine,,2026-06-26T13:03:02.808952+00:00
FIXED_chembl26.sdf,2435,CC(C)NCC(O)COc1cccc2ccccc12,10.17,experimental,,,secondary_amine,,2026-06-26T13:03:03.890447+00:00
FIXED_chembl26.sdf,2436,CC(C)NCC(O)COc1cccc2ccccc12,9.15,experimental,,,secondary_amine,,2026-06-26T13:03:05.155170+00:00
FIXED_chembl26.sdf,2437,CC(C)NCC(O)COc1cccc2ccccc12,9.53,experimental,,,secondary_amine,,2026-06-26T13:03:06.044346+00:00
FIXED_chembl26.sdf,2440,CC(C)NCC(O)COc1cccc2ccccc12,6.49,experimental,,,secondary_amine,,2026-06-26T13:03:07.064698+00:00
FIXED_chembl26.sdf,2443,CC(C)NCC(O)COc1cccc2ccccc12,9.64,experimental,,,secondary_amine,,2026-06-26T13:03:07.927259+00:00
FIXED_chembl26.sdf,2445,CC(C)NCC(O)COc1cccc2ccccc12,9.17,experimental,,,secondary_amine,,2026-06-26T13:03:08.769322+00:00
FIXED_chembl26.sdf,2446,CC(C)NC[C@H](O)COc1cccc2ccccc12,9.5,experimental,,,secondary_amine,,2026-06-26T13:03:09.661065+00:00
FIXED_chembl26.sdf,2447,CCCNCC(O)COc1ccccc1C(=O)CCc1ccccc1,9.3,experimental,,,secondary_amine,,2026-06-26T13:03:11.920373+00:00
FIXED_chembl26.sdf,2448,CCCNCC(O)COc1ccccc1C(=O)CCc1ccccc1,9.27,experimental,,,secondary_amine,,2026-06-26T13:03:13.168865+00:00
FIXED_chembl26.sdf,2449,CCCNCC(O)COc1ccccc1C(=O)CCc1ccccc1,9.2,experimental,,,secondary_amine,,2026-06-26T13:03:14.038696+00:00
FIXED_chembl26.sdf,2450,CCCNCC(O)COc1ccccc1C(=O)CCc1ccccc1,9.48,experimental,,,secondary_amine,,2026-06-26T13:03:15.152085+00:00
FIXED_chembl26.sdf,2451,CCCNCC(O)COc1ccccc1C(=O)CCc1ccccc1,9.31,experimental,,,secondary_amine,,2026-06-26T13:03:16.278515+00:00
FIXED_chembl26.sdf,2454,CN(C)CCCN1c2ccccc2Sc2ccccc21,9.4,experimental,,,tertiary_amine,,2026-06-26T13:03:18.545093+00:00
FIXED_chembl26.sdf,2455,CN(C)CCCN1c2ccccc2Sc2ccccc21,9.34,experimental,,,tertiary_amine,,2026-06-26T13:03:19.858535+00:00
FIXED_chembl26.sdf,2456,CN(C)CCCN1c2ccccc2Sc2ccccc21,9.42,experimental,,,tertiary_amine,,2026-06-26T13:03:21.086688+00:00
FIXED_chembl26.sdf,2457,CN(C)CCCN1c2ccccc2Sc2ccccc21,9.28,experimental,,,tertiary_amine,,2026-06-26T13:03:22.099399+00:00
FIXED_chembl26.sdf,2458,CN1CCN(CCCN2c3ccccc3Sc3ccc(Cl)cc32)CC1,8.1,experimental,,,tertiary_amine,,2026-06-26T13:03:27.865489+00:00
FIXED_chembl26.sdf,2459,CN1CCN(CCCN2c3ccccc3Sc3ccc(Cl)cc32)CC1,7.5,experimental,,,tertiary_amine,,2026-06-26T13:03:29.766016+00:00
FIXED_chembl26.sdf,2462,CCOc1ccc(NC(C)=O)cc1,2.2,experimental,,,amide_secondary,,2026-06-26T13:03:47.329106+00:00
FIXED_chembl26.sdf,2464,CN1CCN2c3ccccc3Cc3ccccc3C2C1,8.4,experimental,,,tertiary_amine,,2026-06-26T13:03:53.986151+00:00
FIXED_chembl26.sdf,2465,CN1CCN2c3ccccc3Cc3ccccc3C2C1,7.1,experimental,,,tertiary_amine,,2026-06-26T13:03:54.822814+00:00
FIXED_chembl26.sdf,2466,COCCc1ccc(OCC(O)CNC(C)C)cc1,9.7,experimental,,,secondary_amine,,2026-06-26T13:03:57.580188+00:00
FIXED_chembl26.sdf,2470,COCCc1ccc(OCC(O)CNC(C)C)cc1,2.45,experimental,,,secondary_amine,,2026-06-26T13:03:58.682098+00:00
FIXED_chembl26.sdf,2471,COCCc1ccc(OCC(O)CNC(C)C)cc1,13.74,experimental,,,secondary_amine,,2026-06-26T13:04:00.213583+00:00
FIXED_chembl26.sdf,2472,COCCc1ccc(OCC(O)CNC(C)C)cc1,9.18,experimental,,,secondary_amine,,2026-06-26T13:04:01.626660+00:00
FIXED_chembl26.sdf,2473,COCCc1ccc(OCC(O)CNC(C)C)cc1,9.63,experimental,,,secondary_amine,,2026-06-26T13:04:03.707966+00:00
FIXED_chembl26.sdf,2474,COCCc1ccc(OCC(O)CNC(C)C)cc1,6.55,experimental,,,secondary_amine,,2026-06-26T13:04:05.017812+00:00
FIXED_chembl26.sdf,2477,COCCc1ccc(OCC(O)CNC(C)C)cc1,9.17,experimental,,,secondary_amine,,2026-06-26T13:04:06.979901+00:00
FIXED_chembl26.sdf,2479,CC(CCc1ccccc1)NCC(O)c1ccc(O)c(C(N)=O)c1,9.3,experimental,,,secondary_amine,,2026-06-26T13:04:09.981500+00:00
FIXED_chembl26.sdf,2481,CC(CCc1ccccc1)NCC(O)c1ccc(O)c(C(N)=O)c1,2.1,experimental,,,secondary_amine,,2026-06-26T13:04:11.357728+00:00
FIXED_chembl26.sdf,2482,CC(CCc1ccccc1)NCC(O)c1ccc(O)c(C(N)=O)c1,7.4,experimental,,,secondary_amine,,2026-06-26T13:04:12.580556+00:00
FIXED_chembl26.sdf,2484,CN(C)CCCN1c2ccccc2CCc2ccccc21,9.5,experimental,,,tertiary_amine,,2026-06-26T13:04:14.356426+00:00
FIXED_chembl26.sdf,2485,CN(C)CCCN1c2ccccc2CCc2ccccc21,9.51,experimental,,,tertiary_amine,,2026-06-26T13:04:15.405913+00:00
FIXED_chembl26.sdf,2487,CN(C)CCCN1c2ccccc2CCc2ccccc21,2.1,experimental,,,aniline,,2026-06-26T13:04:17.827196+00:00
FIXED_chembl26.sdf,2488,CN(C)CCCN1c2ccccc2CCc2ccccc21,10.2,experimental,,,tertiary_amine,,2026-06-26T13:04:19.634759+00:00
FIXED_chembl26.sdf,2490,CN(C)CCCN1c2ccccc2CCc2ccccc21,9.4,experimental,,,tertiary_amine,,2026-06-26T13:04:21.099792+00:00
FIXED_chembl26.sdf,2491,CN(C)CCCN1c2ccccc2CCc2ccccc21,3.52,experimental,,,aniline,,2026-06-26T13:04:22.823658+00:00
FIXED_chembl26.sdf,2492,CN(C)CCCN1c2ccccc2CCc2ccccc21,9.45,experimental,,,tertiary_amine,,2026-06-26T13:04:24.036779+00:00
FIXED_chembl26.sdf,2495,CCC1=C(C)CN(C(=O)NCCc2ccc(S(=O)(=O)NC(=O)N[C@H]3CC[C@H](C)CC3)cc2)C1=O,6.2,experimental,,,aromatic_thiosulfamide,,2026-06-26T13:04:39.790372+00:00
FIXED_chembl26.sdf,2496,OCCN1CCN(CCCN2c3ccccc3Sc3ccc(C(F)(F)F)cc32)CC1,4.2,experimental,,,thiophenol,,2026-06-26T13:04:44.983190+00:00
FIXED_chembl26.sdf,2497,OCCN1CCN(CCCN2c3ccccc3Sc3ccc(C(F)(F)F)cc32)CC1,7.9,experimental,,,aniline,,2026-06-26T13:04:47.846932+00:00
FIXED_chembl26.sdf,2498,O=c1[nH]c2ccccc2n1CCCN1CCC(n2c(=O)[nH]c3cc(Cl)ccc32)CC1,7.9,experimental,,,tertiary_amine,,2026-06-26T13:04:52.066800+00:00
FIXED_chembl26.sdf,2499,O=c1[nH]c2ccccc2n1CCCN1CCC(n2c(=O)[nH]c3cc(Cl)ccc32)CC1,7.7,experimental,,,tertiary_amine,,2026-06-26T13:04:53.593804+00:00
FIXED_chembl26.sdf,2500,O=c1[nH]c2ccccc2n1CCCN1CCC(n2c(=O)[nH]c3cc(Cl)ccc32)CC1,8.06,experimental,,,tertiary_amine,,2026-06-26T13:04:54.553367+00:00
FIXED_chembl26.sdf,2502,CN(C)CCCN1c2ccccc2CCc2ccc(Cl)cc21,9.4,experimental,,,tertiary_amine,,2026-06-26T13:04:56.678438+00:00
FIXED_chembl26.sdf,2503,CN(C)CCCN1c2ccccc2CCc2ccc(Cl)cc21,9.2,experimental,,,tertiary_amine,,2026-06-26T13:04:57.595950+00:00
FIXED_chembl26.sdf,2504,CN(C)CCCN1c2ccccc2CCc2ccc(Cl)cc21,9.38,experimental,,,tertiary_amine,,2026-06-26T13:04:58.296962+00:00
FIXED_chembl26.sdf,2506,CN(C)CCCN1c2ccccc2Sc2ccc(Cl)cc21,9.3,experimental,,,tertiary_amine,,2026-06-26T13:05:00.453333+00:00
FIXED_chembl26.sdf,2507,CN(C)CCCN1c2ccccc2Sc2ccc(Cl)cc21,9.24,experimental,,,tertiary_amine,,2026-06-26T13:05:01.546450+00:00
FIXED_chembl26.sdf,2508,CN(C)CCCN1c2ccccc2Sc2ccc(Cl)cc21,9.2,experimental,,,tertiary_amine,,2026-06-26T13:05:02.835868+00:00
FIXED_chembl26.sdf,2509,CN(C)CCCN1c2ccccc2Sc2ccc(Cl)cc21,9.54,experimental,,,tertiary_amine,,2026-06-26T13:05:03.987286+00:00
FIXED_chembl26.sdf,2510,CN(C)CCCN1c2ccccc2Sc2ccc(Cl)cc21,9.19,experimental,,,tertiary_amine,,2026-06-26T13:05:05.962907+00:00
FIXED_chembl26.sdf,2512,CN(C)CCCN1c2ccccc2Sc2ccc(Cl)cc21,9.41,experimental,,,tertiary_amine,,2026-06-26T13:05:07.812520+00:00
FIXED_chembl26.sdf,2513,CN(C)CCCN1c2ccccc2Sc2ccc(Cl)cc21,9.36,experimental,,,tertiary_amine,,2026-06-26T13:05:08.817763+00:00
FIXED_chembl26.sdf,2514,CN(C)CCCN1c2ccccc2Sc2ccc(Cl)cc21,9.22,experimental,,,tertiary_amine,,2026-06-26T13:05:10.107711+00:00
FIXED_chembl26.sdf,2515,CN(C)CCCN1c2ccccc2Sc2ccc(Cl)cc21,9.25,experimental,,,tertiary_amine,,2026-06-26T13:05:11.150540+00:00
FIXED_chembl26.sdf,2519,Cn1c(=O)c2c(ncn2C)n(C)c1=O,3.6,experimental,,,lactam,,2026-06-26T13:05:15.422654+00:00
FIXED_chembl26.sdf,2520,Cn1c(=O)c2c(ncn2C)n(C)c1=O,0.6,experimental,,,lactam,,2026-06-26T13:05:16.839704+00:00
FIXED_chembl26.sdf,2521,Cn1c(=O)c2c(ncn2C)n(C)c1=O,0.0,experimental,,,lactam,,2026-06-26T13:05:19.756353+00:00
FIXED_chembl26.sdf,2522,CCc1cccc2cc(C(O)CNC(C)(C)C)oc12,8.9,experimental,,,secondary_amine,,2026-06-26T13:05:22.430929+00:00
FIXED_chembl26.sdf,2523,CCc1cccc2cc(C(O)CNC(C)(C)C)oc12,9.0,experimental,,,secondary_amine,,2026-06-26T13:05:24.105900+00:00
FIXED_chembl26.sdf,2524,CCc1cccc2cc(C(O)CNC(C)(C)C)oc12,14.3,experimental,,,secondary_amine,,2026-06-26T13:05:25.484451+00:00
FIXED_chembl26.sdf,2525,C=CCc1ccccc1OCC(O)CNC(C)C,9.5,experimental,,,secondary_amine,,2026-06-26T13:05:28.602168+00:00
FIXED_chembl26.sdf,2526,C=CCc1ccccc1OCC(O)CNC(C)C,9.51,experimental,,,secondary_amine,,2026-06-26T13:05:30.549461+00:00
FIXED_chembl26.sdf,2527,C=CCc1ccccc1OCC(O)CNC(C)C,9.7,experimental,,,secondary_amine,,2026-06-26T13:05:33.189992+00:00
FIXED_chembl26.sdf,2528,C=CCc1ccccc1OCC(O)CNC(C)C,9.2,experimental,,,secondary_amine,,2026-06-26T13:05:34.530839+00:00
FIXED_chembl26.sdf,2529,C=CCc1ccccc1OCC(O)CNC(C)C,2.3,experimental,,,secondary_amine,,2026-06-26T13:05:38.451225+00:00
FIXED_chembl26.sdf,2530,C=CCc1ccccc1OCC(O)CNC(C)C,9.59,experimental,,,secondary_amine,,2026-06-26T13:05:40.037107+00:00
FIXED_chembl26.sdf,2531,C=CCc1ccccc1OCC(O)CNC(C)C,5.92,experimental,,,secondary_amine,,2026-06-26T13:05:41.537933+00:00
FIXED_chembl26.sdf,2532,C=CCc1ccccc1OCC(O)CNC(C)C,9.6,experimental,,,secondary_amine,,2026-06-26T13:05:43.140764+00:00
FIXED_chembl26.sdf,2533,Cc1cccc(Nc2ccncc2S(=O)(=O)/N=C(\NC#N)N2CCCCCC2)c1,6.0,experimental,,,guanidine,,2026-06-26T13:05:49.023630+00:00
FIXED_chembl26.sdf,2535,C1CC(c2nnn[nH]2)CCN1,4.3,experimental,,,tetrazole,,2026-06-26T13:05:52.765946+00:00
FIXED_chembl26.sdf,2536,C1CC(c2nnn[nH]2)CCN1,10.7,experimental,,,secondary_amine,,2026-06-26T13:05:54.258815+00:00
FIXED_chembl26.sdf,2537,Oc1cc(C2CCNCC2)on1,4.0,experimental,,,isoxazolidine,,2026-06-26T13:05:58.545671+00:00
FIXED_chembl26.sdf,2538,Oc1cc(C2CCNCC2)on1,5.3,experimental,,,phenol,Reciprocal correction assigns the lower pKa to the heteroaryl O-H transition,2026-09-16T00:00:00+00:00,
FIXED_chembl26.sdf,2539,Oc1cc(C2CCNCC2)on1,10.3,experimental,,,secondary_amine,Reciprocal correction assigns the higher pKaH replicate to the secondary amine,2026-09-16T00:00:00+00:00,
FIXED_chembl26.sdf,2540,Oc1cc(C2CCNCC2)on1,10.5,experimental,,,secondary_amine,Reciprocal correction assigns the higher pKaH replicate to the secondary amine,2026-09-16T00:00:00+00:00,
FIXED_chembl26.sdf,2541,NC[C@H]1CC[C@H](C(=O)O)CC1,4.1,experimental,,,carboxylic_acid,,2026-06-26T13:06:10.452148+00:00
FIXED_chembl26.sdf,2542,NC[C@H]1CC[C@H](C(=O)O)CC1,9.7,experimental,,,primary_amine,,2026-06-26T13:06:12.588124+00:00
FIXED_chembl26.sdf,2543,CCc1ccccc1C(=O)N(C1CCC2(CC1)OCCO2)C(Cc1ccc(Cl)cc1)CN(C)C,7.4,experimental,,,tertiary_amine,,2026-06-26T13:06:16.908421+00:00
FIXED_chembl26.sdf,2544,CN(C)Cc1ccccc1C(=O)N(CCc1ccc(Cl)cc1)C1CCC2(CC1)OCCO2,8.4,experimental,,,tertiary_amine,,2026-06-26T13:06:19.437627+00:00
FIXED_chembl26.sdf,2545,NC(=O)c1cc[n+](COC[n+]2ccccc2/C=N/O)cc1.[Cl-].[Cl-],7.28,experimental,,,imine,,2026-06-26T13:06:24.645189+00:00
FIXED_chembl26.sdf,2546,NC(=O)c1cc[n+](COC[n+]2ccccc2/C=N/O)cc1.[Cl-].[Cl-],7.46,experimental,,,imine,,2026-06-26T13:06:26.130827+00:00
FIXED_chembl26.sdf,2547,NC(=O)c1cc[n+](COC[n+]2ccccc2/C=N/O)cc1.[Cl-].[Cl-],7.27,experimental,,,imine,,2026-06-26T13:06:27.289380+00:00
FIXED_chembl26.sdf,2548,NC(=O)c1cc[n+](COC[n+]2ccccc2/C=N/O)cc1.[Cl-].[Cl-],7.47,experimental,,,imine,,2026-06-26T13:06:28.317307+00:00
FIXED_chembl26.sdf,2549,NC(=O)c1cc[n+](COC[n+]2ccccc2/C=N/O)cc1.[Cl-].[Cl-],7.8,experimental,,,imine,,2026-06-26T13:06:29.410991+00:00
FIXED_chembl26.sdf,2550,O/N=C/c1cc[n+](C[n+]2ccc(/C=N/O)cc2)cc1.[Cl-].[Cl-],7.3,experimental,,,imine,,2026-06-26T13:06:32.820508+00:00
FIXED_chembl26.sdf,2551,C[n+]1ccccc1C=NO,7.68,experimental,,,imine,,2026-06-26T13:06:34.758052+00:00
FIXED_chembl26.sdf,2552,C[n+]1ccccc1C=NO,7.99,experimental,,,imine,,2026-06-26T13:06:35.643312+00:00
FIXED_chembl26.sdf,2553,COc1cc2c(cc1OC)CN(c1nc(N3CCCN(C(=O)N4CC(O)C(O)C4)CC3)nc3cc(OC)c(OC)cc13)CC2,6.2,experimental,,,tertiary_amine,,2026-06-26T13:06:41.681920+00:00
FIXED_chembl26.sdf,2557,COc1cc2nc(N3CCCN(C(=O)N4CCOCC4)CC3)nc(N)c2c(-c2ccccn2)c1OC,6.9,experimental,,,tertiary_amine,,2026-06-26T13:06:54.242866+00:00
FIXED_chembl26.sdf,2558,COc1cc2nc(N3CCCN(C(=O)N4CCOCC4)CC3)nc(N)c2cc1-c1ccccn1,6.6,experimental,,,tertiary_amine,,2026-06-26T13:06:56.367664+00:00
FIXED_chembl26.sdf,2561,CN(C)CCNC(=O)c1cccc2c(N)c3cc(F)ccc3nc12,7.76,experimental,,,tertiary_amine,,2026-06-26T13:07:05.227944+00:00
FIXED_chembl26.sdf,2562,CN(C)CCNC(=O)c1cccc2c(N)c3cccc(F)c3nc12,7.11,experimental,,,tertiary_amine,,2026-06-26T13:07:06.680783+00:00
FIXED_chembl26.sdf,2563,CN(C)CCNC(=O)c1cccc2c(N)c3cc(-c4ccccc4)ccc3nc12,7.27,experimental,,,tertiary_amine,,2026-06-26T13:07:07.966427+00:00
FIXED_chembl26.sdf,2567,CN(C)CCNC(=O)c1cccc2c(N)c3cc(Cl)ccc3nc12,7.48,experimental,,,tertiary_amine,,2026-06-26T13:07:20.122189+00:00
FIXED_chembl26.sdf,2568,CN(C)CCNC(=O)c1cccc2c(N)c3cccc(Br)c3nc12,6.56,experimental,,,tertiary_amine,,2026-06-26T13:07:21.876848+00:00
FIXED_chembl26.sdf,2571,COc1ccc2nc3c(C(=O)NCCN(C)C)cccc3c(N)c2c1,7.74,experimental,,,tertiary_amine,,2026-06-26T13:07:29.346684+00:00
FIXED_chembl26.sdf,2572,CN(C)CCNC(=O)c1cccc2c(N)c3cccc(-c4ccc(N)cc4)c3nc12,7.46,experimental,,,tertiary_amine,,2026-06-26T13:07:31.379680+00:00
FIXED_chembl26.sdf,2574,Cc1cccc2c(N)c3cccc(C(=O)NCCN(C)C)c3nc12,8.01,experimental,,,tertiary_amine,,2026-06-26T13:07:36.134285+00:00
FIXED_chembl26.sdf,2575,COc1cccc2c(N)c3cccc(C(=O)NCCN(C)C)c3nc12,7.8,experimental,,,tertiary_amine,,2026-06-26T13:07:37.706968+00:00
FIXED_chembl26.sdf,2576,CN(C)CCNC(=O)c1cccc2c(N)c3cccc(N)c3nc12,7.41,experimental,,,tertiary_amine,,2026-06-26T13:07:39.116397+00:00
FIXED_chembl26.sdf,2578,Cc1ncc(CN2CSC(CCO)C2C)c(N)n1,7.6,experimental,,,tertiary_amine,,2026-06-26T13:07:44.345142+00:00
FIXED_chembl26.sdf,2583,Cc1cc(COc2ccc(C(=O)NC3(CC(=O)NO)CCCCC3)cc2)c2ccccc2n1,10.1,experimental,,,quinoline,,2026-06-26T13:07:47.903965+00:00
FIXED_chembl26.sdf,2584,Cc1cc(COc2ccc(C(=O)NC3(CC(=O)NO)CCN(CCF)CC3)cc2)c2ccccc2n1,7.2,experimental,,,tertiary_amine,,2026-06-26T13:07:50.573220+00:00
FIXED_chembl26.sdf,2585,CCS(=O)(=O)CCN1CCC(CC(=O)NO)(NC(=O)c2ccc(OCc3cc(C)nc4ccccc34)cc2)CC1,6.06,experimental,,,quinoline,,2026-06-26T13:07:54.853155+00:00
FIXED_chembl26.sdf,2586,Cc1cc(COc2ccc(C(=O)NC3(CC(=O)NO)CCN(C4=NCCS4)CC3)cc2)c2ccccc2n1,7.23,experimental,,,amidine,,2026-06-26T13:07:57.838900+00:00
FIXED_chembl26.sdf,2587,C#CC(C)(C)N1CCC(CC(=O)NO)(NC(=O)c2ccc(OCc3cc(C)nc4ccccc34)cc2)CC1,6.58,experimental,,,tertiary_amine,,2026-06-26T13:08:01.229437+00:00
FIXED_chembl26.sdf,2588,Cc1cc(COc2ccc(C(=O)NC3(CC(=O)NO)CCN(CC(C)(C)C)CC3)cc2)c2ccccc2n1,7.75,experimental,,,tertiary_amine,,2026-06-26T13:08:03.113904+00:00
FIXED_chembl26.sdf,2589,Cc1cc(COc2ccc(C(=O)NC3(CC(=O)NO)CCN(C(C)(C)C)CC3)cc2)c2ccccc2n1,9.0,experimental,,,tertiary_amine,,2026-06-26T13:08:04.468286+00:00
FIXED_chembl26.sdf,2590,Cc1cc(COc2ccc(C(=O)NC3(CC(=O)NO)CCNCC3)cc2)c2ccccc2n1,8.4,experimental,,,secondary_amine,,2026-06-26T13:08:09.528452+00:00
FIXED_chembl26.sdf,2591,CCOc1cc(CN2CCC(NC(=O)c3cncc(C)c3)CC2)cc(OCC)c1Cl,7.46,experimental,,,tertiary_amine,,2026-06-26T13:08:12.893786+00:00
FIXED_chembl26.sdf,2592,CCOc1cc(CN2CCC(NC(=O)c3cncc(C)c3)CC2)cc(OCC)c1C,7.92,experimental,,,tertiary_amine,,2026-06-26T13:08:14.207320+00:00
FIXED_chembl26.sdf,2593,CCOc1cc(CN2CCC(NC(=O)c3cncc(C)c3)CC2)cc(OCC)c1-n1ccnc1,7.34,experimental,,,tertiary_amine,,2026-06-26T13:08:16.238990+00:00
FIXED_chembl26.sdf,2594,CCOc1cc(CN2CCC(NC(=O)c3cncc(C)c3)CC2)ccc1-c1ccc(C(F)(F)F)cc1,7.96,experimental,,,tertiary_amine,,2026-06-26T13:08:18.454054+00:00
FIXED_chembl26.sdf,2595,CCOc1cc(CN2CCC(NC(=O)c3cncc(C)c3)CC2)ccc1-c1ccc(F)cc1,7.87,experimental,,,tertiary_amine,,2026-06-26T13:08:19.511985+00:00
FIXED_chembl26.sdf,2596,CCOc1cc(CN2CCC(NC(=O)c3ccc(N)nc3)CC2)ccc1C,8.27,experimental,,,tertiary_amine,,2026-06-26T13:08:20.573008+00:00
FIXED_chembl26.sdf,2597,CCOc1cc(CN2CCC(NC(=O)c3cncc(C)c3)CC2)ccc1C,8.08,experimental,,,tertiary_amine,,2026-06-26T13:08:21.719741+00:00
FIXED_chembl26.sdf,2598,CCOc1cc(CN2CCC(NC(=O)c3ccc(N)nc3)CC2)cc(OCC)c1-c1ccc(F)cc1,7.86,experimental,,,tertiary_amine,,2026-06-26T13:08:23.134334+00:00
FIXED_chembl26.sdf,2599,CCOc1cc(CN2CCC(NC(=O)c3ccc(NC(C)C)nc3)CC2)cc(OCC)c1F,7.84,experimental,,,tertiary_amine,,2026-06-26T13:08:25.322532+00:00
FIXED_chembl26.sdf,2600,CCOc1cc(CN2CCC(NC(=O)c3ccc(NC)nc3)CC2)cc(OCC)c1-c1ccccc1,7.9,experimental,,,tertiary_amine,,2026-06-26T13:08:26.205008+00:00
FIXED_chembl26.sdf,2601,CCOc1cc(CN2CCC(NC(=O)c3ccc(Cl)nc3)CC2)cc(OCC)c1-c1ccc(F)cc1,7.8,experimental,,,tertiary_amine,,2026-06-26T13:08:27.343270+00:00
FIXED_chembl26.sdf,2602,CCOc1cc(CN2CCC(NC(=O)c3cncc(C)c3)CC2)cc(OCC)c1-c1ccc(F)cc1,7.69,experimental,,,tertiary_amine,,2026-06-26T13:08:28.473696+00:00
FIXED_chembl26.sdf,2603,CCOc1cc(CN2CCC(NC(=O)c3cncc(C)c3)CC2)cc(OCC)c1-c1ccccc1,7.74,experimental,,,tertiary_amine,,2026-06-26T13:08:29.750832+00:00
FIXED_chembl26.sdf,2604,CCOc1cc(CN2CCC(NC(=O)c3ccc(NC)nc3)CC2)cc(OCC)c1-c1ccc(F)cc1,7.86,experimental,,,tertiary_amine,,2026-06-26T13:08:31.115352+00:00
FIXED_chembl26.sdf,2605,CCOc1cc(CN2CCC(NC(=O)c3ccc(N)nc3)CC2)cc(OCc2ccccc2)c1-c1ccc(F)cc1,7.66,experimental,,,tertiary_amine,,2026-06-26T13:08:32.283282+00:00
FIXED_chembl26.sdf,2606,CCOc1cc(CN2CCC(NC(=O)c3ccc(NC)nc3)CC2)cc(OCC)c1F,7.83,experimental,,,tertiary_amine,,2026-06-26T13:08:34.293431+00:00
FIXED_chembl26.sdf,2607,CCOc1cc(CN2CCC(NC(=O)c3cncc(C)c3)CC2)ccc1Cl,7.63,experimental,,,tertiary_amine,,2026-06-26T13:08:36.287354+00:00
FIXED_chembl26.sdf,2608,CCOc1cc(CN2CCC(NC(=O)c3cncc(C)c3)CC2)cc(OCC)c1F,7.7,experimental,,,tertiary_amine,,2026-06-26T13:08:38.391257+00:00
FIXED_chembl26.sdf,2609,CCOc1cc(CN2CCCC(NC(=O)c3cncc(C)c3)CC2)cc(OCC)c1-c1ccc(F)cc1,8.34,experimental,,,tertiary_amine,,2026-06-26T13:08:40.000750+00:00
FIXED_chembl26.sdf,2610,CCOc1cc(CN2CC(NC(=O)c3cncc(C)c3)C2)cc(OCC)c1F,7.19,experimental,,,tertiary_amine,,2026-06-26T13:08:41.150215+00:00
FIXED_chembl26.sdf,2611,CC1(c2ccccc2)Cc2cc(OCC(=O)O)c(Cl)c(Cl)c2C1=O,3.7,experimental,,,carboxylic_acid,,2026-06-26T13:08:43.610574+00:00
FIXED_chembl26.sdf,2612,CC1(Cc2ccccc2)Cc2cc(OCCCC(=O)O)c(Cl)c(Cl)c2C1=O,6.3,experimental,,,carboxylic_acid,,2026-06-26T13:08:45.158621+00:00
FIXED_chembl26.sdf,2613,CCCCC1(C2CCCC2)Cc2cc(OCC(=O)O)c(Cl)c(Cl)c2C1=O,3.9,experimental,,,carboxylic_acid,,2026-06-26T13:08:46.281921+00:00
FIXED_chembl26.sdf,2614,O=C(O)COc1cc2c(c(Cl)c1Cl)C(=O)C(C1CCCC1)C2,3.9,experimental,,,carboxylic_acid,,2026-06-26T13:08:47.661729+00:00
FIXED_chembl26.sdf,2615,CC1(C2CCCC2)Cc2cc(OC/C=C/CC(=O)O)c(Cl)c(Cl)c2C1=O,5.1,experimental,,,carboxylic_acid,,2026-06-26T13:08:48.855277+00:00
FIXED_chembl26.sdf,2616,C=C(CC)C(=O)c1ccc(OCC(=O)O)c(Cl)c1Cl,3.5,experimental,,,carboxylic_acid,,2026-06-26T13:08:50.147081+00:00
FIXED_chembl26.sdf,2617,CC1(C2CCCC2)Cc2cc(OCC(=O)O)c(Cl)c(Cl)c2C1=O,3.9,experimental,,,carboxylic_acid,,2026-06-26T13:08:51.158881+00:00
FIXED_chembl26.sdf,2618,CCC1(C2CCCC2)Cc2cc(OCC(=O)O)c(Cl)c(Cl)c2C1=O,3.9,experimental,,,carboxylic_acid,,2026-06-26T13:08:52.183949+00:00
FIXED_chembl26.sdf,2619,CC(C)(Oc1cc2c(c(Cl)c1Cl)C(=O)C(C)(C1CCCC1)C2)C(=O)O,3.7,experimental,,,carboxylic_acid,,2026-06-26T13:08:53.521579+00:00
FIXED_chembl26.sdf,2620,O=C(O)COc1cc2c(c(Cl)c1Cl)C(=O)C(CC1CCCC1)C2,3.8,experimental,,,carboxylic_acid,,2026-06-26T13:08:54.804116+00:00
FIXED_chembl26.sdf,2621,C[C@]1(C2CCCC2)Cc2cc(OCCCC(=O)O)c(Cl)c(Cl)c2C1=O,5.7,experimental,,,carboxylic_acid,,2026-06-26T13:08:56.768393+00:00
FIXED_chembl26.sdf,2622,CCC(C)C(=O)c1ccc(OCC(=O)O)c(Cl)c1Cl,3.5,experimental,,,carboxylic_acid,,2026-06-26T13:08:57.756893+00:00
FIXED_chembl26.sdf,2623,CCCC[C@]1(C2CCCC2)Cc2cc(OCC(=O)O)c(Cl)c(Cl)c2C1=O,3.9,experimental,,,carboxylic_acid,,2026-06-26T13:08:58.614693+00:00
FIXED_chembl26.sdf,2624,CCCC[C@@]1(C2CCCC2)Cc2cc(OCC(=O)O)c(Cl)c(Cl)c2C1=O,3.9,experimental,,,carboxylic_acid,,2026-06-26T13:08:59.541798+00:00
FIXED_chembl26.sdf,2625,CCCC[C@]1(C2CCCC2)Cc2cc(OCCCC(=O)O)c(Cl)c(Cl)c2C1=O,4.4,experimental,,,carboxylic_acid,,2026-06-26T13:09:00.571692+00:00
FIXED_chembl26.sdf,2626,CC1(Cc2ccccc2)Cc2cc(OCC(=O)O)c(Cl)c(Cl)c2C1=O,3.8,experimental,,,carboxylic_acid,,2026-06-26T13:09:01.539508+00:00
FIXED_chembl26.sdf,2627,CCC1(C2CCCC2)Cc2cc(OCCCC(=O)O)c(Cl)c(Cl)c2C1=O,3.8,experimental,,,carboxylic_acid,,2026-06-26T13:09:02.472633+00:00
FIXED_chembl26.sdf,2628,CCCCC1(C2CCCC2)Cc2cc(OCCCC(=O)O)c(Cl)c(Cl)c2C1=O,4.4,experimental,,,carboxylic_acid,,2026-06-26T13:09:03.280586+00:00
FIXED_chembl26.sdf,2629,CC(=O)Nc1nnc(S(N)(=O)=O)s1,7.2,experimental,,,124-s4-triazole,,2026-06-26T13:09:07.138784+00:00
FIXED_chembl26.sdf,2630,CC(=O)Nc1nnc(S(N)(=O)=O)s1,7.4,experimental,,,124-s4-triazole,,2026-06-26T13:09:11.090588+00:00
FIXED_chembl26.sdf,2632,CC(=O)Nc1nnc(S(N)(=O)=O)s1,7.0,experimental,,,124-s4-triazole,,2026-06-26T13:09:14.305502+00:00
FIXED_chembl26.sdf,2635,C[C@@]1(C2CCCC2)Cc2cc(OCCCC(=O)O)c(Cl)c(Cl)c2C1=O,5.7,experimental,,,carboxylic_acid,,2026-06-26T13:09:16.199049+00:00
FIXED_chembl26.sdf,2636,CCCC[C@@]1(C2CCCC2)Cc2cc(OCCCC(=O)O)c(Cl)c(Cl)c2C1=O,4.4,experimental,,,carboxylic_acid,,2026-06-26T13:09:17.567113+00:00
FIXED_chembl26.sdf,2637,CC1(C2CCCC2)Cc2cc(OCc3ccc(C(=O)O)cc3)c(Cl)c(Cl)c2C1=O,6.2,experimental,,,carboxylic_acid,,2026-06-26T13:09:19.515544+00:00
FIXED_chembl26.sdf,2638,C[C@]1(C2CCCC2)Cc2cc(OCC(=O)O)c(Cl)c(Cl)c2C1=O,3.9,experimental,,,carboxylic_acid,,2026-06-26T13:09:20.953769+00:00
FIXED_chembl26.sdf,2639,CC1(c2ccccc2)Cc2cc(OCCCC(=O)O)c(Cl)c(Cl)c2C1=O,6.4,experimental,,,carboxylic_acid,,2026-06-26T13:09:22.814890+00:00
FIXED_chembl26.sdf,2640,CC1(C2CCCC2)Cc2cc(OC3(C(=O)O)CCC3)c(Cl)c(Cl)c2C1=O,3.8,experimental,,,carboxylic_acid,,2026-06-26T13:09:23.902158+00:00
FIXED_chembl26.sdf,2641,CC1(C2CCCC2)Cc2cc(OCCCC(=O)O)c(Cl)c(Cl)c2C1=O,5.7,experimental,,,carboxylic_acid,,2026-06-26T13:09:24.922395+00:00
FIXED_chembl26.sdf,2642,CCCC1(C2CCCC2)Cc2cc(OCCCC(=O)O)c(Cl)c(Cl)c2C1=O,4.1,experimental,,,carboxylic_acid,,2026-06-26T13:09:25.880382+00:00
FIXED_chembl26.sdf,2643,C[C@@]1(C2CCCC2)Cc2cc(OCC(=O)O)c(Cl)c(Cl)c2C1=O,3.9,experimental,,,carboxylic_acid,,2026-06-26T13:09:26.894097+00:00
FIXED_chembl26.sdf,2645,Cc1c(O)c(=O)ccn1CCCn1ccnc1,9.92,experimental,,,imidazole,,2026-06-26T13:09:34.318264+00:00
FIXED_chembl26.sdf,2646,Cc1c(O)c(=O)ccn1CCCn1ccnc1,3.08,experimental,,,imidazole,,2026-06-26T13:09:35.819863+00:00
FIXED_chembl26.sdf,2647,Cc1c(O)c(=O)ccn1CCCn1ccnc1,6.6,experimental,,,imidazole,,2026-06-26T13:09:38.443517+00:00
FIXED_chembl26.sdf,2648,Cc1c(O)c(=O)ccn1CCCn1ccnc1,6.71,experimental,,,imidazole,,2026-06-26T13:09:40.004256+00:00
FIXED_chembl26.sdf,2649,Cc1c(O)c(=O)ccn1CCCn1ccnc1,3.13,experimental,,,imidazole,,2026-06-26T13:09:42.858175+00:00
FIXED_chembl26.sdf,2654,CCn1ccc(=O)c(O)c1C(C)O,8.77,experimental,,,pyridine,,2026-06-26T13:10:04.311873+00:00
FIXED_chembl26.sdf,2655,Cc1c(O)c(=O)ccn1C,9.64,experimental,,,phenol,,2026-06-26T13:10:07.516635+00:00
FIXED_chembl26.sdf,2656,Cc1c(O)c(=O)ccn1C,3.68,experimental,,,pyridine,,2026-06-26T13:10:09.841807+00:00
FIXED_chembl26.sdf,2657,Cc1c(O)c(=O)ccn1C,3.56,experimental,,,pyridine,,2026-06-26T13:10:12.162464+00:00
FIXED_chembl26.sdf,2658,Cc1c(O)c(=O)ccn1C,9.77,experimental,,,phenol,,2026-06-26T13:10:13.676095+00:00
FIXED_chembl26.sdf,2659,CC(O)c1c(O)c(=O)ccn1CCN1CCCCC1,8.7,experimental,,,tertiary_amine,,2026-06-26T13:10:17.056507+00:00
FIXED_chembl26.sdf,2660,CC(O)c1c(O)c(=O)ccn1CCN1CCCCC1,2.14,experimental,,,pyridine,,2026-06-26T13:10:22.152870+00:00
FIXED_chembl26.sdf,2661,CC(O)c1c(O)c(=O)ccn1CCN1CCCCC1,7.37,experimental,,,tertiary_amine,,2026-06-26T13:10:25.029030+00:00
FIXED_chembl26.sdf,2662,CC(O)c1c(O)c(=O)ccn1CCN1CCCCC1,7.35,experimental,,,tertiary_amine,,2026-06-26T13:10:26.348358+00:00
FIXED_chembl26.sdf,2663,CC(O)c1c(O)c(=O)ccn1CCN1CCCCC1,2.17,experimental,,,pyridine,,2026-06-26T13:10:28.052966+00:00
FIXED_chembl26.sdf,2664,CC(O)c1c(O)c(=O)ccn1CCN1CCCCC1,8.73,experimental,,,tertiary_amine,,2026-06-26T13:10:30.162490+00:00
FIXED_chembl26.sdf,2665,O=c1ccn(CCN2CCCCC2)c(CO)c1O,9.28,experimental,,,tertiary_amine,,2026-06-26T13:10:31.430108+00:00
FIXED_chembl26.sdf,2666,O=c1ccn(CCN2CCCCC2)c(CO)c1O,2.2,experimental,,,pyridine,,2026-06-26T13:10:33.139024+00:00
FIXED_chembl26.sdf,2667,O=c1ccn(CCN2CCCCC2)c(CO)c1O,7.35,experimental,,,tertiary_amine,,2026-06-26T13:10:34.618201+00:00
FIXED_chembl26.sdf,2668,O=c1ccn(CCN2CCCCC2)c(CO)c1O,7.43,experimental,,,tertiary_amine,,2026-06-26T13:10:35.936482+00:00
FIXED_chembl26.sdf,2669,O=c1ccn(CCN2CCCCC2)c(CO)c1O,2.25,experimental,,,pyridine,,2026-06-26T13:10:38.200603+00:00
FIXED_chembl26.sdf,2670,O=c1ccn(CCN2CCCCC2)c(CO)c1O,9.24,experimental,,,tertiary_amine,,2026-06-26T13:10:40.082017+00:00
FIXED_chembl26.sdf,2671,O=c1cc(CN2CCCCC2)n(CCN2CCCCC2)cc1O,8.83,experimental,,,tertiary_amine,,2026-06-26T13:10:43.297435+00:00
FIXED_chembl26.sdf,2672,O=c1cc(CN2CCCCC2)n(CCN2CCCCC2)cc1O,2.04,experimental,,,pyridine,,2026-06-26T13:10:45.679349+00:00
FIXED_chembl26.sdf,2673,O=c1cc(CN2CCCCC2)n(CCN2CCCCC2)cc1O,7.58,experimental,,,tertiary_amine,,2026-06-26T13:10:47.147924+00:00
FIXED_chembl26.sdf,2674,O=c1cc(CN2CCCCC2)n(CCN2CCCCC2)cc1O,7.6,experimental,,,tertiary_amine,,2026-06-26T13:10:48.673325+00:00
FIXED_chembl26.sdf,2675,O=c1cc(CN2CCCCC2)n(CCN2CCCCC2)cc1O,1.16,experimental,,,pyridine,,2026-06-26T13:10:50.772785+00:00
FIXED_chembl26.sdf,2676,O=c1cc(CN2CCCCC2)n(CCN2CCCCC2)cc1O,8.95,experimental,,,tertiary_amine,,2026-06-26T13:10:52.089893+00:00
FIXED_chembl26.sdf,2677,Cn1cc(O)c(=O)cc1CN1CCCCC1,8.85,experimental,,,tertiary_amine,,2026-06-26T13:10:54.707733+00:00
FIXED_chembl26.sdf,2678,Cn1cc(O)c(=O)cc1CN1CCCCC1,2.16,experimental,,,tertiary_amine,,2026-06-26T13:10:55.885126+00:00
FIXED_chembl26.sdf,2679,Cn1cc(O)c(=O)cc1CN1CCCCC1,6.74,experimental,,,tertiary_amine,,2026-06-26T13:10:58.013689+00:00
FIXED_chembl26.sdf,2680,Cn1cc(O)c(=O)cc1CN1CCCCC1,6.72,experimental,,,tertiary_amine,,2026-06-26T13:10:59.151013+00:00
FIXED_chembl26.sdf,2681,Cn1cc(O)c(=O)cc1CN1CCCCC1,2.15,experimental,,,pyridine,,2026-06-26T13:11:01.456185+00:00
FIXED_chembl26.sdf,2682,Cn1cc(O)c(=O)cc1CN1CCCCC1,8.86,experimental,,,tertiary_amine,,2026-06-26T13:11:04.084414+00:00
FIXED_chembl26.sdf,2683,Cn1c(CO)cc(=O)c(O)c1CN1CCOCC1,9.77,experimental,,,tertiary_amine,,2026-06-26T13:11:07.152027+00:00
FIXED_chembl26.sdf,2684,Cn1c(CO)cc(=O)c(O)c1CN1CCOCC1,2.14,experimental,,,pyridine,,2026-06-26T13:11:10.394684+00:00
FIXED_chembl26.sdf,2685,Cn1c(CO)cc(=O)c(O)c1CN1CCOCC1,5.1,experimental,,,pyridine,,2026-06-26T13:11:13.271874+00:00
FIXED_chembl26.sdf,2686,Cn1c(CO)cc(=O)c(O)c1CN1CCOCC1,4.99,experimental,,,pyridine,,2026-06-26T13:11:15.714512+00:00
FIXED_chembl26.sdf,2687,Cn1c(CO)cc(=O)c(O)c1CN1CCOCC1,1.98,experimental,,,pyridine,,2026-06-26T13:11:17.394730+00:00
FIXED_chembl26.sdf,2688,Cn1c(CO)cc(=O)c(O)c1CN1CCOCC1,9.75,experimental,,,tertiary_amine,,2026-06-26T13:11:19.383468+00:00
FIXED_chembl26.sdf,2689,Cn1c(CO)cc(=O)c(O)c1CN1CCCCC1,10.51,experimental,,,tertiary_amine,,2026-06-26T13:11:23.048150+00:00
FIXED_chembl26.sdf,2690,Cn1c(CO)cc(=O)c(O)c1CN1CCCCC1,2.41,experimental,,,pyridine,,2026-06-26T13:11:25.128819+00:00
FIXED_chembl26.sdf,2691,Cn1c(CO)cc(=O)c(O)c1CN1CCCCC1,6.74,experimental,,,pyridine,,2026-06-26T13:11:29.449457+00:00
FIXED_chembl26.sdf,2692,Cn1c(CO)cc(=O)c(O)c1CN1CCCCC1,6.67,experimental,,,pyridine,,2026-06-26T13:11:32.487765+00:00
FIXED_chembl26.sdf,2693,Cn1c(CO)cc(=O)c(O)c1CN1CCCCC1,2.14,experimental,,,pyridine,,2026-06-26T13:11:34.823337+00:00
FIXED_chembl26.sdf,2694,Cn1c(CO)cc(=O)c(O)c1CN1CCCCC1,10.38,experimental,,,tertiary_amine,,2026-06-26T13:11:37.758687+00:00
FIXED_chembl26.sdf,2695,Cc1cc(=O)c(O)c(CN2CCOCC2)n1C,10.07,experimental,,,tertiary_amine,,2026-06-26T13:11:39.301328+00:00
FIXED_chembl26.sdf,2696,Cc1cc(=O)c(O)c(CN2CCOCC2)n1C,2.43,experimental,,,pyridine,,2026-06-26T13:11:41.163841+00:00
FIXED_chembl26.sdf,2697,Cc1cc(=O)c(O)c(CN2CCOCC2)n1C,4.89,experimental,,,pyridine,,2026-06-26T13:11:43.860284+00:00
FIXED_chembl26.sdf,2698,Cc1cc(=O)c(O)c(CN2CCOCC2)n1C,4.82,experimental,,,pyridine,,2026-06-26T13:11:45.372786+00:00
FIXED_chembl26.sdf,2699,Cc1cc(=O)c(O)c(CN2CCOCC2)n1C,2.38,experimental,,,pyridine,,2026-06-26T13:11:46.432808+00:00
FIXED_chembl26.sdf,2700,Cc1cc(=O)c(O)c(CN2CCOCC2)n1C,9.72,experimental,,,tertiary_amine,,2026-06-26T13:11:48.511797+00:00
FIXED_chembl26.sdf,2701,Cc1cc(=O)c(O)c(CN2CCCCC2)n1C,10.81,experimental,,,tertiary_amine,,2026-06-26T13:11:50.097847+00:00
FIXED_chembl26.sdf,2702,Cc1cc(=O)c(O)c(CN2CCCCC2)n1C,2.73,experimental,,,pyridine,,2026-06-26T13:11:51.907580+00:00
FIXED_chembl26.sdf,2703,Cc1cc(=O)c(O)c(CN2CCCCC2)n1C,7.07,experimental,,,tertiary_amine,,2026-06-26T13:11:53.800067+00:00
FIXED_chembl26.sdf,2704,Cc1cc(=O)c(O)c(CN2CCCCC2)n1C,6.98,experimental,,,tertiary_amine,,2026-06-26T13:11:55.248066+00:00
FIXED_chembl26.sdf,2705,Cc1cc(=O)c(O)c(CN2CCCCC2)n1C,2.5,experimental,,,pyridine,,2026-06-26T13:11:56.531540+00:00
FIXED_chembl26.sdf,2706,Cc1cc(=O)c(O)c(CN2CCCCC2)n1C,10.28,experimental,,,tertiary_amine,,2026-06-26T13:11:57.983619+00:00
FIXED_chembl26.sdf,2707,Cc1c(O)c(=O)ccn1CCN1CCOCC1,9.71,experimental,,,tertiary_amine,,2026-06-26T13:12:00.123252+00:00
FIXED_chembl26.sdf,2708,Cc1c(O)c(=O)ccn1CCN1CCOCC1,2.64,experimental,,,pyridine,,2026-06-26T13:12:02.687646+00:00
FIXED_chembl26.sdf,2709,Cc1c(O)c(=O)ccn1CCN1CCOCC1,4.89,experimental,,,pyridine,,2026-06-26T13:12:05.038081+00:00
FIXED_chembl26.sdf,2710,Cc1c(O)c(=O)ccn1CCN1CCOCC1,4.91,experimental,,,pyridine,,2026-06-26T13:12:07.641407+00:00
FIXED_chembl26.sdf,2711,Cc1c(O)c(=O)ccn1CCN1CCOCC1,2.67,experimental,,,pyridine,,2026-06-26T13:12:09.362198+00:00
FIXED_chembl26.sdf,2712,Cc1c(O)c(=O)ccn1CCN1CCOCC1,9.68,experimental,,,tertiary_amine,,2026-06-26T13:12:11.792045+00:00
FIXED_chembl26.sdf,2713,CCc1c(O)c(=O)ccn1CCN1CCCCC1,9.67,experimental,,,tertiary_amine,,2026-06-26T13:12:13.511778+00:00
FIXED_chembl26.sdf,2714,CCc1c(O)c(=O)ccn1CCN1CCCCC1,2.74,experimental,,,pyridine,,2026-06-26T13:12:15.610044+00:00
FIXED_chembl26.sdf,2715,CCc1c(O)c(=O)ccn1CCN1CCCCC1,7.34,experimental,,,tertiary_amine,,2026-06-26T13:12:18.367127+00:00
FIXED_chembl26.sdf,2716,CCc1c(O)c(=O)ccn1CCN1CCCCC1,7.38,experimental,,,tertiary_amine,,2026-06-26T13:12:19.582785+00:00
FIXED_chembl26.sdf,2717,CCc1c(O)c(=O)ccn1CCN1CCCCC1,2.73,experimental,,,pyridine,,2026-06-26T13:12:20.886340+00:00
FIXED_chembl26.sdf,2718,CCc1c(O)c(=O)ccn1CCN1CCCCC1,9.7,experimental,,,tertiary_amine,,2026-06-26T13:12:23.215354+00:00
FIXED_chembl26.sdf,2719,Cc1c(O)c(=O)ccn1CCN1CCCCC1,9.63,experimental,,,tertiary_amine,,2026-06-26T13:12:25.082562+00:00
FIXED_chembl26.sdf,2720,Cc1c(O)c(=O)ccn1CCN1CCCCC1,2.88,experimental,,,pyridine,,2026-06-26T13:12:26.398428+00:00
FIXED_chembl26.sdf,2721,Cc1c(O)c(=O)ccn1CCN1CCCCC1,7.42,experimental,,,tertiary_amine,,2026-06-26T13:12:28.150892+00:00
FIXED_chembl26.sdf,2722,Cc1c(O)c(=O)ccn1CCN1CCCCC1,7.47,experimental,,,tertiary_amine,,2026-06-26T13:12:29.450031+00:00
FIXED_chembl26.sdf,2723,Cc1c(O)c(=O)ccn1CCN1CCCCC1,2.77,experimental,,,pyridine,,2026-06-26T13:12:30.609090+00:00
FIXED_chembl26.sdf,2724,Cc1c(O)c(=O)ccn1CCN1CCCCC1,9.71,experimental,,,tertiary_amine,,2026-06-26T13:12:32.797934+00:00
FIXED_chembl26.sdf,2725,CCN(CC)CCn1ccc(=O)c(O)c1C,9.65,experimental,,,tertiary_amine,,2026-06-26T13:12:34.076183+00:00
FIXED_chembl26.sdf,2726,CCN(CC)CCn1ccc(=O)c(O)c1C,2.66,experimental,,,pyridine,,2026-06-26T13:12:35.261221+00:00
FIXED_chembl26.sdf,2727,CCN(CC)CCn1ccc(=O)c(O)c1C,7.53,experimental,,,tertiary_amine,,2026-06-26T13:12:37.048702+00:00
FIXED_chembl26.sdf,2728,CCN(CC)CCn1ccc(=O)c(O)c1C,7.5,experimental,,,tertiary_amine,,2026-06-26T13:12:38.355365+00:00
FIXED_chembl26.sdf,2729,CCN(CC)CCn1ccc(=O)c(O)c1C,2.63,experimental,,,pyridine,,2026-06-26T13:12:39.455359+00:00
FIXED_chembl26.sdf,2730,CCN(CC)CCn1ccc(=O)c(O)c1C,9.6,experimental,,,tertiary_amine,,2026-06-26T13:12:41.151236+00:00
FIXED_chembl26.sdf,2731,CCc1c(O)c(=O)ccn1CCN(C)C,9.66,experimental,,,tertiary_amine,,2026-06-26T13:12:42.487044+00:00
FIXED_chembl26.sdf,2732,CCc1c(O)c(=O)ccn1CCN(C)C,2.68,experimental,,,pyridine,,2026-06-26T13:12:43.578973+00:00
FIXED_chembl26.sdf,2733,CCc1c(O)c(=O)ccn1CCN(C)C,6.88,experimental,,,tertiary_amine,,2026-06-26T13:12:44.859965+00:00
FIXED_chembl26.sdf,2734,CCc1c(O)c(=O)ccn1CCN(C)C,7.16,experimental,,,tertiary_amine,,2026-06-26T13:12:45.612179+00:00
FIXED_chembl26.sdf,2735,CCc1c(O)c(=O)ccn1CCN(C)C,2.62,experimental,,,pyridine,,2026-06-26T13:12:46.854500+00:00
FIXED_chembl26.sdf,2736,CCc1c(O)c(=O)ccn1CCN(C)C,9.58,experimental,,,tertiary_amine,,2026-06-26T13:12:48.068716+00:00
FIXED_chembl26.sdf,2737,Cc1c(O)c(=O)ccn1CCN(C)C,9.75,experimental,,,tertiary_amine,,2026-06-26T13:12:48.779847+00:00
FIXED_chembl26.sdf,2738,Cc1c(O)c(=O)ccn1CCN(C)C,2.86,experimental,,,pyridine,,2026-06-26T13:12:49.990240+00:00
FIXED_chembl26.sdf,2739,Cc1c(O)c(=O)ccn1CCN(C)C,7.05,experimental,,,tertiary_amine,,2026-06-26T13:12:51.516073+00:00
FIXED_chembl26.sdf,2740,Cc1c(O)c(=O)ccn1CCN(C)C,7.02,experimental,,,tertiary_amine,,2026-06-26T13:12:52.260650+00:00
FIXED_chembl26.sdf,2741,Cc1c(O)c(=O)ccn1CCN(C)C,2.74,experimental,,,pyridine,,2026-06-26T13:12:53.652793+00:00
FIXED_chembl26.sdf,2742,Cc1c(O)c(=O)ccn1CCN(C)C,9.58,experimental,,,tertiary_amine,,2026-06-26T13:12:55.269624+00:00
FIXED_chembl26.sdf,2743,CCc1c(O)c(=O)ccn1CCCn1ccnc1,9.71,experimental,,,phenol,,2026-06-26T13:12:56.117965+00:00
FIXED_chembl26.sdf,2744,CCc1c(O)c(=O)ccn1CCCn1ccnc1,3.15,experimental,,,pyridine,,2026-06-26T13:12:59.155446+00:00
FIXED_chembl26.sdf,2745,CCc1c(O)c(=O)ccn1CCCn1ccnc1,6.55,experimental,,,imidazole,,2026-06-26T13:13:01.221880+00:00
FIXED_chembl26.sdf,2746,CCc1c(O)c(=O)ccn1CCCn1ccnc1,6.47,experimental,,,imidazole,,2026-06-26T13:13:02.537413+00:00
FIXED_chembl26.sdf,2747,CCc1c(O)c(=O)ccn1CCCn1ccnc1,3.09,experimental,,,pyridine,,2026-06-26T13:13:04.483163+00:00
FIXED_chembl26.sdf,2748,CCc1c(O)c(=O)ccn1CCCn1ccnc1,9.66,experimental,,,imidazole,,2026-06-26T13:13:07.153131+00:00
FIXED_chembl26.sdf,2749,N[C@@H](Cc1ccccc1)C(=O)NC[C@H](N)C(=O)Nc1ccc(C#Cc2c(F)c(F)nc(F)c2F)cc1,6.3,experimental,,,pyridine,,2026-06-26T13:13:09.862774+00:00
FIXED_chembl26.sdf,2750,N[C@@H](Cc1ccccc1)C(=O)NC[C@H](N)C(=O)Nc1ccc(C#Cc2c(F)c(F)nc(F)c2F)cc1,7.8,experimental,,,pyridine,,2026-06-26T13:13:11.132899+00:00
FIXED_chembl26.sdf,2751,C[C@H](N)C(=O)NC[C@H](N)C(=O)Nc1ccc(C#Cc2c(F)c(F)nc(F)c2F)cc1,5.5,experimental,,,pyridine,,2026-06-26T13:13:12.294345+00:00
FIXED_chembl26.sdf,2752,C[C@H](N)C(=O)NC[C@H](N)C(=O)Nc1ccc(C#Cc2c(F)c(F)nc(F)c2F)cc1,8.1,experimental,,,pyridine,,2026-06-26T13:13:13.683105+00:00
FIXED_chembl26.sdf,2753,N[C@@H](Cc1c[nH]c2ccccc12)C(=O)NCCCC[C@H](N)C(=O)Nc1ccc(C#Cc2c(F)c(F)nc(F)c2F)cc1,7.3,experimental,,,pyridine,,2026-06-26T13:13:17.067956+00:00
FIXED_chembl26.sdf,2754,c1ccc(CC2CCN(CCCc3c[nH]c4ccc(-n5cnnc5)cc34)CC2)cc1,9.7,experimental,,,tertiary_amine,,2026-06-26T13:13:20.775871+00:00
FIXED_chembl26.sdf,2762,N=C(N)NC(=O)c1ccccc1,6.98,experimental,,,guanidine,,2026-06-26T13:13:38.759141+00:00
FIXED_chembl26.sdf,2763,Cc1ccc(C(=O)NC(=N)Nc2ccc(C(C)C)cc2)cc1,6.35,experimental,,,aniline,,2026-06-26T13:13:41.750123+00:00
FIXED_chembl26.sdf,2764,N=C(N)Nc1ccccc1,10.77,experimental,,,guanidine,,2026-06-26T13:13:43.760484+00:00
FIXED_chembl26.sdf,2765,N=C(N)Nc1ccccc1,10.88,experimental,,,guanidine,,2026-06-26T13:13:45.167646+00:00
FIXED_chembl26.sdf,2766,N=C(N)Nc1ccccc1,10.9,experimental,,,guanidine,,2026-06-26T13:13:46.132538+00:00
FIXED_chembl26.sdf,2768,Cc1ccc(C(=O)NC(=N)NCCCCc2ccccc2)cc1,7.09,experimental,,,guanidine,,2026-06-26T13:13:48.795017+00:00
FIXED_chembl26.sdf,2769,COc1ccc2cc(S(C)(=O)=O)ccc2c1,28.0,experimental,,,ether,,2026-06-26T13:13:52.606489+00:00
FIXED_chembl26.sdf,2770,COc1ccc2c(c1)c(S(C)(=O)=O)c(C)n2C(=O)c1ccc(Cl)cc1,28.0,experimental,,,sulfone,,2026-06-26T13:14:13.465476+00:00
FIXED_chembl26.sdf,2774,Cc1nc(C)nc(N2C[C@@H](C)N(c3ccnc([C@@H](C)O)n3)[C@@H](C)C2)n1,6.2,experimental,,,pyrimidine,,2026-06-26T13:14:27.387987+00:00
FIXED_chembl26.sdf,2775,Cc1nc(C)nc(N2C[C@@H](C)N(c3ccnc([C@@H](C)O)n3)[C@@H](C)C2)n1,4.8,experimental,,,pyrimidine,,2026-06-26T13:14:29.928300+00:00
FIXED_chembl26.sdf,2788,COc1ccc(CNC(=N)C(F)(Cl)Cl)cc1,6.18,experimental,,,amidine,,2026-06-26T13:14:52.428450+00:00
FIXED_chembl26.sdf,2789,COc1ccc(CNC(=N)C(Cl)(Cl)Cl)cc1.Cl,6.0,experimental,,,amidine,,2026-06-26T13:14:53.517732+00:00
FIXED_chembl26.sdf,2790,CC(C)Oc1ncc(-c2nc(-c3cccc4c3OCCNC4CCCC(=O)O)no2)cc1Cl,8.09,experimental,,,secondary_amine,,2026-06-26T13:14:59.314019+00:00
FIXED_chembl26.sdf,2791,CC(C)Oc1ncc(-c2nc(-c3cccc4c3OCCNC4CCCC(=O)O)no2)cc1Cl,7.98,experimental,,,secondary_amine,,2026-06-26T13:15:02.394551+00:00
FIXED_chembl26.sdf,2792,CC(C)Oc1ccc(-c2nc(-c3ccc4c(c3)CCN(CCCC(=O)O)CC4)no2)cc1C#N,9.15,experimental,,,tertiary_amine,,2026-06-26T13:15:06.070409+00:00
FIXED_chembl26.sdf,2793,CC(C)Oc1ccc(-c2nc(-c3cccc4c3OCCN(CCCC(=O)O)C4)no2)cc1Cl,7.39,experimental,,,tertiary_amine,,2026-06-26T13:15:08.004045+00:00
FIXED_chembl26.sdf,2794,CN(CC(N)=O)[C@@H]1CC[C@H](OCc2cc(C(F)(F)F)cc(C(F)(F)F)c2)[C@H]1c1ccccc1,5.8,experimental,,,tertiary_amine,,2026-06-26T13:15:13.145327+00:00
FIXED_chembl26.sdf,2795,NC(=O)CN[C@@H]1CC[C@H](OCc2cc(C(F)(F)F)cc(C(F)(F)F)c2)[C@H]1c1ccccc1,6.6,experimental,,,secondary_amine,,2026-06-26T13:15:16.130903+00:00
FIXED_chembl26.sdf,2796,COc1cc2c(cc1OC)[C@H](CCC[C@H]1c3cc(OC)c(OC)cc3CCN1C)N(C)CC2.Cl.Cl,8.1,experimental,,,tertiary_amine,,2026-06-26T13:15:18.834475+00:00
FIXED_chembl26.sdf,2797,CCCCCCOC(=O)c1ccc(OS(N)(=O)=O)cc1,8.52,experimental,,,sulfamate,,2026-06-26T13:15:22.958357+00:00
FIXED_chembl26.sdf,2798,CCCOC(=O)c1ccc(OS(N)(=O)=O)cc1,8.03,experimental,,,sulfamate,,2026-06-26T13:15:24.442708+00:00
FIXED_chembl26.sdf,2799,CCCCCCCCCCOC(=O)c1ccc(OS(N)(=O)=O)cc1,8.09,experimental,,,sulfamate,,2026-06-26T13:15:25.392371+00:00
FIXED_chembl26.sdf,2800,NS(=O)(=O)Oc1ccc2c3c(c(=O)oc2c1)CCCCC3,8.27,experimental,,,sulfamate,,2026-06-26T13:15:26.576993+00:00
FIXED_chembl26.sdf,2801,COC(=O)c1ccc(OS(N)(=O)=O)cc1,8.28,experimental,,,sulfamate,,2026-06-26T13:15:27.739138+00:00
FIXED_chembl26.sdf,2802,NS(=O)(=O)Oc1ccc(C(=O)OC2CCCCCCC2)cc1,8.09,experimental,,,sulfamate,,2026-06-26T13:15:28.671977+00:00
FIXED_chembl26.sdf,2803,CCCCCCCCOC(=O)c1ccc(OS(N)(=O)=O)cc1,8.09,experimental,,,sulfamate,,2026-06-26T13:15:29.378599+00:00
FIXED_chembl26.sdf,2804,NS(=O)(=O)Oc1ccc(C(=O)OC2CCCC2)cc1,8.73,experimental,,,sulfamate,,2026-06-26T13:15:30.206632+00:00
FIXED_chembl26.sdf,2805,NS(=O)(=O)Oc1ccc(C(=O)OC2CCCCC2)cc1,8.81,experimental,,,sulfamate,,2026-06-26T13:15:30.877016+00:00
FIXED_chembl26.sdf,2806,CCCCCOC(=O)c1ccc(OS(N)(=O)=O)cc1,8.47,experimental,,,sulfamate,,2026-06-26T13:15:31.713204+00:00
FIXED_chembl26.sdf,2807,Cc1cc(=O)oc2cc(OS(N)(=O)=O)ccc12,8.0,experimental,,,sulfamate,,2026-06-26T13:15:32.288786+00:00
FIXED_chembl26.sdf,2808,CCCCOC(=O)c1ccc(OS(N)(=O)=O)cc1,8.07,experimental,,,sulfamate,,2026-06-26T13:15:32.885705+00:00
FIXED_chembl26.sdf,2809,CCCCCCCOC(=O)c1ccc(OS(N)(=O)=O)cc1,8.27,experimental,,,sulfamate,,2026-06-26T13:15:33.375283+00:00
FIXED_chembl26.sdf,2810,C[C@]12CC[C@@H]3c4ccc(OS(N)(=O)=O)cc4CC[C@H]3[C@@H]1CCC2=O,8.37,experimental,,,sulfamate,,2026-06-26T13:15:34.006380+00:00
FIXED_chembl26.sdf,2811,CCCCCCCCCOC(=O)c1ccc(OS(N)(=O)=O)cc1,8.39,experimental,,,sulfamate,,2026-06-26T13:15:34.489848+00:00
FIXED_chembl26.sdf,2812,NS(=O)(=O)Oc1ccc(C(=O)OC2CCCCCC2)cc1,8.88,experimental,,,sulfamate,,2026-06-26T13:15:34.964212+00:00
FIXED_chembl26.sdf,2813,CCOC(=O)c1ccc(OS(N)(=O)=O)cc1,8.22,experimental,,,sulfamate,,2026-06-26T13:15:35.487616+00:00
FIXED_chembl26.sdf,2815,C/C(=N\c1ccc2c(c1)[C@@H](NC(=O)c1ccc(Br)cc1)[C@H](O)C2)NCc1ccc(F)cc1,8.49,experimental,,,amidine,,2026-06-26T13:15:43.788267+00:00
FIXED_chembl26.sdf,2816,C/C(=N\c1ccc2c(c1)[C@@H](NC(=O)c1ccc(-c3ccccc3)cc1)[C@H](O)C2)N(C)Cc1ccc(F)cc1,8.3,experimental,,,amidine,,2026-06-26T13:15:44.627164+00:00
FIXED_chembl26.sdf,2817,CN1CCCC/C1=N\c1ccc2c(c1)[C@@H](NC(=O)c1ccc(Br)cc1)[C@H](O)C2,9.9,experimental,,,amidine,,2026-06-26T13:15:45.660848+00:00
FIXED_chembl26.sdf,2819,CCc1c(O)c(=O)ccn1CC,9.93,experimental,,,phenol,,2026-06-26T13:15:50.967689+00:00
FIXED_chembl26.sdf,2829,CC(=O)N[C@@H](Cc1cc(F)cc(F)c1)[C@H](O)CNC1(c2cc(C(C)(C)C)ncn2)CCCCC1,6.7,experimental,,,secondary_amine,,2026-06-26T13:16:15.840937+00:00
FIXED_chembl26.sdf,2831,CC(=O)N[C@@H](Cc1cc(F)cc(F)c1)[C@H](O)CNC1(c2cccc(C(C)(C)C)c2)CC1,6.6,experimental,,,secondary_amine,,2026-06-26T13:16:18.243436+00:00
FIXED_chembl26.sdf,2833,CC(=O)N[C@@H](Cc1cc(F)cc(F)c1)[C@H](O)CNC1(c2cncc(CC(C)(C)C)c2)CC1,6.3,experimental,,,secondary_amine,,2026-06-26T13:16:20.806398+00:00
FIXED_chembl26.sdf,2834,CC(=O)N[C@@H](Cc1cc(F)cc(F)c1)[C@H](O)CNC1(c2cnn(CC(C)(C)C)c2)CC1,7.0,experimental,,,secondary_amine,,2026-06-26T13:16:23.901212+00:00
FIXED_chembl26.sdf,2835,CC(=O)N[C@@H](Cc1cc(F)cc(F)c1)[C@H](O)CNC1(c2cnn(CC(C)(C)C)c2)CC1,7.1,experimental,,,secondary_amine,,2026-06-26T13:16:30.579207+00:00
FIXED_chembl26.sdf,2836,N=C(N)c1ccc(-c2cc3ccc(C(=N)N)cc3[nH]2)cc1,11.6,experimental,,,amidine,,2026-06-26T13:16:34.420882+00:00
FIXED_chembl26.sdf,2837,c1cc2cc(-c3ccc(-c4cc5ccc(C6=NCCN6)cc5[nH]4)cc3)[nH]c2cc1C1=NCCN1,9.6,experimental,,,amidine,,2026-06-26T13:16:36.567403+00:00
FIXED_chembl26.sdf,2838,C(=C/c1cc2ccc(C3=NCCN3)cc2[nH]1)\c1cc2ccc(C3=NCCN3)cc2[nH]1,9.6,experimental,,,amidine,,2026-06-26T13:16:38.732115+00:00
FIXED_chembl26.sdf,2839,c1cc2cc(-c3ccc(-c4cc5ccc(C6=NCCCN6)cc5[nH]4)cc3)[nH]c2cc1C1=NCCCN1,12.8,experimental,,,amidine,,2026-06-26T13:16:39.388486+00:00
FIXED_chembl26.sdf,2840,Cc1c(CC(=O)O)c(-c2ccccc2)nn1Cc1ccccc1S(=O)(=O)c1ccccc1,4.2,experimental,,,carboxylic_acid,,2026-06-26T13:16:41.891792+00:00
FIXED_chembl26.sdf,2841,Cc1nn(-c2cccc(NC(=O)[C@H]3C[C@@H]3c3ccccc3)c2)c(C)c1CC(=O)O,4.2,experimental,,,carboxylic_acid,,2026-06-26T13:16:43.449397+00:00
FIXED_chembl26.sdf,2851,CCOc1nc2cccc(C(=O)O)c2n1Cc1ccc(-c2ccccc2-c2nsc(O)n2)cc1,6.6,experimental,,,carboxylic_acid,,2026-06-26T13:17:17.517077+00:00
FIXED_chembl26.sdf,2852,CCOc1nc2cccc(C(=O)O)c2n1Cc1ccc(-c2ccccc2-c2nnn[nH]2)cc1,5.3,experimental,,,carboxylic_acid,,2026-06-26T13:17:20.038530+00:00
FIXED_chembl26.sdf,2853,C[C@@H]1CN(C(=O)c2nc(Nc3cc(C4CC4)[nH]n3)c3cc(Cl)ccc3n2)CCN1.Cl,7.93,experimental,,,secondary_amine,,2026-06-26T13:17:24.656703+00:00
FIXED_chembl26.sdf,2854,CNCCS(=O)(=O)CC[C@@H]1OCC[C@@]2(S(=O)(=O)c3ccc(Cl)cc3)c3c(F)ccc(F)c3OC[C@@H]12,7.7,experimental,,,secondary_amine,,2026-06-26T13:17:27.990964+00:00
FIXED_chembl26.sdf,2855,CCC(C)CNC1=NS(=O)(=O)c2sc(Cl)cc2N1,8.29,experimental,,,guanidine,,2026-06-26T13:17:30.131424+00:00
FIXED_chembl26.sdf,2857,Nc1ncnc2c1ncn2[C@@H]1O[C@H](COS(=O)(=O)NC(=O)c2ccccc2)[C@@H](O)[C@H]1O,2.8,experimental,,,sulfamate,,2026-06-26T13:17:38.232919+00:00
FIXED_chembl26.sdf,2859,COC(=O)N[C@H](C(=O)N1CC(F)(F)C[C@H]1c1ncc(-c2ccc(-c3ccc4c(ccc5nc([C@@H]6C[Si](C)(C)CN6C(=O)[C@@H](NC(=O)OC)C(C)C)[nH]c54)c3)cc2)[nH]1)C(C)C,3.57,experimental,,,imidazole,,2026-06-26T13:17:48.067960+00:00
FIXED_chembl26.sdf,2860,Cc1nc2cccnc2n2c(-c3ccccc3Cl)nnc12,1.0,experimental,,,124triazole,,2026-06-26T13:17:51.028793+00:00
FIXED_chembl26.sdf,2861,Cc1nc2ccncc2n2c(-c3ccccc3Cl)nnc12,2.7,experimental,,,pyridine,,2026-06-26T13:17:53.687931+00:00
FIXED_chembl26.sdf,2863,O=C(O)Cc1cc(I)c(Oc2cc(I)c(O)c(I)c2)c(I)c1,4.3,experimental,,,carboxylic_acid,,2026-06-26T13:17:55.745590+00:00
FIXED_chembl26.sdf,2864,O=C(O)COCCN1CCN(C(c2ccccc2)c2ccc(Cl)cc2)CC1,2.93,experimental,,,carboxylic_acid,,2026-06-26T13:17:57.172900+00:00
FIXED_chembl26.sdf,2865,O=C(O)COCCN1CCN(C(c2ccccc2)c2ccc(Cl)cc2)CC1,8.0,experimental,,,tertiary_amine,,2026-06-26T13:17:59.916704+00:00
FIXED_chembl26.sdf,2866,O=C(O)COCCN1CCN(C(c2ccccc2)c2ccc(Cl)cc2)CC1,2.19,experimental,,,carboxylic_acid,,2026-06-26T13:18:02.299246+00:00
FIXED_chembl26.sdf,2867,CC(C)CN(C(=O)c1cccc(Cl)c1Cl)[C@H]1CCNC1,10.0,experimental,,,secondary_amine,,2026-06-26T13:18:05.603029+00:00
FIXED_chembl26.sdf,2868,CC[C@]1(O)C[C@H]2CN(CCc3c([nH]c4ccccc34)[C@@](C(=O)OC)(c3cc4c(cc3OC)N(C)[C@H]3[C@@](O)(C(=O)NCCN)[C@H](O)[C@]5(CC)C=CCN6CC[C@]43[C@@H]65)C2)C1.O=S(=O)(O)O,9.48,experimental,,,tertiary_amine,,2026-06-26T13:18:09.297697+00:00
FIXED_chembl26.sdf,2869,CC[C@]1(O)C[C@H]2CN(CCc3c([nH]c4ccccc34)[C@@](C(=O)OC)(c3cc4c(cc3OC)N(C)[C@H]3[C@@](O)(C(=O)NCCN(C)C)[C@H](O)[C@]5(CC)C=CCN6CC[C@]43[C@@H]65)C2)C1.O=S(=O)(O)O,8.5,experimental,,,tertiary_amine,,2026-06-26T13:18:11.631615+00:00
FIXED_chembl26.sdf,2870,COc1ccnc2[nH]cc(C(=O)C(=O)N3CCN(C(=O)c4ccccc4)C[C@H]3C)c12,2.9,experimental,,,7-azaindole,,2026-06-26T13:18:15.771807+00:00
FIXED_chembl26.sdf,2871,CCc1ccc2nc(C(c3ccc(OC)c(OC)c3)n3cc(CCN4CCCCC4)nn3)sc2c1,9.24,experimental,,,tertiary_amine,,2026-06-26T13:18:19.476167+00:00
FIXED_chembl26.sdf,2877,O=C(O)C[N+](=O)[O-],1.68,experimental,,,carboxylic_acid,,2026-06-26T13:18:21.596176+00:00
FIXED_chembl26.sdf,2878,On1cc(C2CCNCC2)cn1,5.4,experimental,,,pyrazolidine,,2026-06-26T13:18:24.707638+00:00
FIXED_chembl26.sdf,2879,CC(C)(Cc1cccc(CC(=O)NCc2cc(Cl)c(O)c(Cl)c2)c1)NC[C@H](O)c1ccc(O)c(NS(C)(=O)=O)c1,6.69,experimental,,,secondary_amine,,2026-06-26T13:18:30.503419+00:00
FIXED_chembl26.sdf,2880,Cc1cc(O)cc(C)c1CNC(=O)Cc1cccc(CC(C)(C)NC[C@H](O)c2ccc(O)c(NS(C)(=O)=O)c2)c1,9.93,experimental,,,secondary_amine,,2026-06-26T13:18:33.429643+00:00
FIXED_chembl26.sdf,2881,CC(C)(Cc1cccc(CC(=O)NCc2cc(Cl)ccc2O)c1)NC[C@H](O)c1ccc(O)c(NS(C)(=O)=O)c1,9.22,experimental,,,secondary_amine,,2026-06-26T13:18:35.122444+00:00
FIXED_chembl26.sdf,2882,CN(C)CCSCc1csc(C(=O)Nc2ccc(Cl)cc2C(=O)Nc2ccc(Cl)cc2)c1Cl,8.9,experimental,,,tertiary_amine,,2026-06-26T13:18:37.779265+00:00
FIXED_chembl26.sdf,2883,O=C(c1ccc(Br)cc1)C1CN=C2C=CC=CN2C1.[O-][Cl+3]([O-])([O-])O,12.4,experimental,,,amidine,,2026-06-26T13:18:39.990841+00:00
FIXED_chembl26.sdf,2884,O=C(c1ccccc1)C1CN=C2C=CC=CN2C1.[O-][Cl+3]([O-])([O-])O,12.4,experimental,,,amidine,,2026-06-26T13:18:41.184975+00:00
FIXED_chembl26.sdf,2886,COC(=O)CCCNC[C@@H](C)[C@H]1CC[C@H]2[C@@H]3CC=C4C[C@@H](OC(=O)CCC(=O)O)CC[C@]4(C)[C@H]3CC[C@]12C,4.4,experimental,,,carboxylic_acid,,2026-06-26T13:18:48.067179+00:00
FIXED_chembl26.sdf,2887,COC(=O)CCCNC[C@@H](C)[C@H]1CC[C@H]2[C@@H]3CC=C4C[C@@H](OC(=O)CN(C)C)CC[C@]4(C)[C@H]3CC[C@]12C,7.1,experimental,,,tertiary_amine,,2026-06-26T13:18:52.177846+00:00
FIXED_chembl26.sdf,2888,NCCc1c[nH]c2c(O)cc(O)cc12,4.8,experimental,,,isoquinoline,,2026-06-26T13:18:55.198783+00:00
FIXED_chembl26.sdf,2889,COc1ccc(-c2cnc(N3Cc4c(nc5ccccc5c4O)[C@H]3c3ccc4c(c3)OCO4)nc2)cc1OC,9.0,experimental,,,tertiary_amine,,2026-06-26T13:19:01.098932+00:00
FIXED_chembl26.sdf,2892,O=c1ncnc2[nH][nH]cc1-2,9.7,experimental,,,pyrimidine,,2026-06-26T13:19:03.680787+00:00
FIXED_chembl26.sdf,2893,O=c1ncnc2[nH][nH]cc1-2,9.0,experimental,,,pyrimidine,,2026-06-26T13:19:05.165577+00:00
FIXED_chembl26.sdf,2894,Nc1nc2ccccc2[nH]1,7.5,experimental,,,aniline,,2026-06-26T13:19:07.829600+00:00
FIXED_chembl26.sdf,2897,Cn1nnc(O)c1CC(N)C(=O)O,6.4,experimental,,,carboxylic_acid,,2026-06-26T13:19:13.374676+00:00
FIXED_chembl26.sdf,2898,COc1c(N2CCC/C(=C(\F)CN)C2)c(F)cc2c(=O)c(C(=O)O)cn(C3CC3)c12,6.13,experimental,,,carboxylic_acid,,2026-06-26T13:19:15.154768+00:00
FIXED_chembl26.sdf,2899,CC1=C(C(=O)O)N[C@@H](C2NC(=O)C(c3ccccc3)N=C2S)SC1,10.1,experimental,,,imine,,2026-06-26T13:19:19.973096+00:00
FIXED_chembl26.sdf,2900,CCN1CCN(c2nc(C)nc3sc(-c4ccccc4)cc23)CC1,7.5,experimental,,,tertiary_amine,,2026-06-26T13:19:23.378185+00:00
FIXED_chembl26.sdf,2901,CN1CC[C@]23c4c5ccc(O[C@@H]6O[C@H](C(=O)O)[C@@H](O)[C@H](O)[C@H]6O)c4O[C@H]2[C@@H](O)C=C[C@H]3[C@H]1C5,2.83,experimental,,,carboxylic_acid,,2026-06-26T13:19:27.490144+00:00
FIXED_chembl26.sdf,2902,CN1CC[C@]23c4c5ccc(O[C@@H]6O[C@H](C(=O)O)[C@@H](O)[C@H](O)[C@H]6O)c4O[C@H]2[C@@H](O)C=C[C@H]3[C@H]1C5,8.5,experimental,,,tertiary_amine,,2026-06-26T13:19:30.876615+00:00
FIXED_chembl26.sdf,2903,CN1CC[C@]23c4c5ccc(O[C@@H]6O[C@H](C(=O)O)[C@@H](O)[C@H](O)[C@H]6O)c4O[C@H]2[C@@H](O)C=C[C@H]3[C@H]1C5,3.1,experimental,,,carboxylic_acid,,2026-06-26T13:19:34.079088+00:00
FIXED_chembl26.sdf,2904,CN1CC[C@]23c4c5ccc(O[C@@H]6O[C@H](C(=O)O)[C@@H](O)[C@H](O)[C@H]6O)c4O[C@H]2[C@@H](O)C=C[C@H]3[C@H]1C5,2.86,experimental,,,carboxylic_acid,,2026-06-26T13:19:36.892876+00:00
FIXED_chembl26.sdf,2905,CN1CC[C@]23c4c5ccc(O[C@@H]6O[C@H](C(=O)O)[C@@H](O)[C@H](O)[C@H]6O)c4O[C@H]2[C@@H](O)C=C[C@H]3[C@H]1C5,8.21,experimental,,,tertiary_amine,,2026-06-26T13:19:39.488651+00:00
FIXED_chembl26.sdf,2906,O=C(O)[C@H]1O[C@@H](O)[C@H](O)[C@@H](O)[C@@H]1O,3.2,experimental,,,carboxylic_acid,,2026-06-26T13:19:42.270035+00:00
FIXED_chembl26.sdf,2907,CN1CC[C@]23c4c5ccc(O)c4O[C@H]2[C@@H](O[C@@H]2O[C@H](C(=O)O)[C@@H](O)[C@H](O)[C@H]2O)C=C[C@H]3[C@H]1C5,3.23,experimental,,,carboxylic_acid,,2026-06-26T13:19:44.212624+00:00
FIXED_chembl26.sdf,2908,CN1CC[C@]23c4c5ccc(O)c4O[C@H]2[C@@H](O[C@@H]2O[C@H](C(=O)O)[C@@H](O)[C@H](O)[C@H]2O)C=C[C@H]3[C@H]1C5,9.0,experimental,,,tertiary_amine,,2026-06-26T13:19:46.876205+00:00
FIXED_chembl26.sdf,2909,CN1CC[C@]23c4c5ccc(O)c4O[C@H]2[C@@H](O[C@@H]2O[C@H](C(=O)O)[C@@H](O)[C@H](O)[C@H]2O)C=C[C@H]3[C@H]1C5,4.3,experimental,,,carboxylic_acid,,2026-06-26T13:19:48.707957+00:00
FIXED_chembl26.sdf,2910,CN1CC[C@]23c4c5ccc(O)c4O[C@H]2[C@@H](O[C@@H]2O[C@H](C(=O)O)[C@@H](O)[C@H](O)[C@H]2O)C=C[C@H]3[C@H]1C5,9.42,experimental,,,tertiary_amine,,2026-06-26T13:19:51.177079+00:00
FIXED_chembl26.sdf,2911,CN1CC[C@]23c4c5ccc(O)c4O[C@H]2[C@@H](O[C@@H]2O[C@H](C(=O)O)[C@@H](O)[C@H](O)[C@H]2O)C=C[C@H]3[C@H]1C5,2.77,experimental,,,carboxylic_acid,,2026-06-26T13:19:53.226554+00:00
FIXED_chembl26.sdf,2912,CN1CC[C@]23c4c5ccc(O)c4O[C@H]2[C@@H](O[C@@H]2O[C@H](C(=O)O)[C@@H](O)[C@H](O)[C@H]2O)C=C[C@H]3[C@H]1C5,8.22,experimental,,,tertiary_amine,,2026-06-26T13:19:55.333164+00:00
FIXED_chembl26.sdf,2913,c1ccc(Cc2ncc3c(n2)CCNCC3)cc1,8.5,experimental,,,secondary_amine,,2026-06-26T13:19:58.586740+00:00
FIXED_chembl26.sdf,2914,CN(C)CCNC(=O)c1cccc2c(N)c3cccc(-c4ccccc4)c3nc12,7.5,experimental,,,tertiary_amine,,2026-06-26T13:20:04.214361+00:00
FIXED_chembl26.sdf,2915,CONC(=O)Nc1ccc(-c2sc3c(c2CN(C)Cc2ccccc2)c(=O)n(-c2ccccc2)c(=O)n3Cc2c(F)cccc2F)cc1,5.0,experimental,,,pyrimidine,,2026-06-26T13:20:10.744388+00:00
FIXED_chembl26.sdf,2916,O=[N+]([O-])c1ccccc1-c1nc2ccccc2[nH]1,11.38,experimental,,,aniline,,2026-06-26T13:20:13.465631+00:00
FIXED_chembl26.sdf,2917,O=[N+]([O-])c1ccccc1-c1nc2ccccc2[nH]1,5.69,experimental,,,benzimidazole,,2026-06-26T13:20:16.193797+00:00
FIXED_chembl26.sdf,2918,N#Cc1ccc(C(=O)N2CCC3(CC2)N=C(N)c2c(F)cccc2N3)cc1,9.1,experimental,,,amidine,,2026-06-26T13:20:20.523408+00:00
FIXED_chembl26.sdf,2919,N#Cc1ccc(C(=O)N2CCC3(CC2)N=C(N)c2c(F)ccc(F)c2N3)cc1,8.4,experimental,,,amidine,,2026-06-26T13:20:22.352180+00:00
FIXED_chembl26.sdf,2921,Cc1ccc(C(=O)N(CCCN)[C@@H](c2nc3cc(Cl)ccc3c(=O)n2Cc2ccccc2)C(C)C)cc1,9.34,experimental,,,primary_amine,,2026-06-26T13:20:25.367386+00:00
FIXED_chembl26.sdf,2922,NC(=O)C1CCN(c2c(Cl)cncc2Cl)CC1,3.5,experimental,,,pyridine,,2026-06-26T13:20:30.560662+00:00
FIXED_chembl26.sdf,2923,CCN(C(=O)Cc1ccc(S(C)(=O)=O)cc1)C1CCN(CC[C@H](c2ccc(S(C)(=O)=O)cc2)c2cc(F)cc(F)c2)CC1,7.5,experimental,,,tertiary_amine,,2026-06-26T13:20:36.103708+00:00
FIXED_chembl26.sdf,2924,NC1OCC(O)C(O)C1O,5.6,experimental,,,primary_amine,,2026-06-26T13:20:38.923191+00:00
FIXED_chembl26.sdf,2925,NC1OC(CO)C(O)C(O)C1O,5.6,experimental,,,primary_amine,,2026-06-26T13:20:44.806253+00:00
FIXED_chembl26.sdf,2927,COc1ccc2c(c[n+](C)c3c4cc5c(cc4ccc23)OCO5)c1O.O.O.O=S(=O)([O-])O,5.3,experimental,,,quinoline,,2026-06-26T13:20:50.325144+00:00
FIXED_chembl26.sdf,2928,C/C=C/C[C@@H](C)[C@@H](O)[C@H]1C(=O)N[C@@H](CC)C(=O)N(C)[C@H](C)C(=O)N(CC)[C@@H](C(C)C)C(=O)N[C@@H](C(C)C)C(=O)N(C)[C@@H](CC(C)C)C(=O)N[C@@H](C)C(=O)N[C@H](C)C(=O)N(C)[C@@H](CC(C)C)C(=O)N(C)[C@@H](CC(C)C)C(=O)N(C)[C@@H](C(C)C)C(=O)N1C,7.3,experimental,,,secondary_alcohol,,2026-06-26T13:21:02.197034+00:00
FIXED_chembl26.sdf,2929,COc1cc(C(F)(F)F)cc(SC)c1C(=O)N[C@@]1(c2ccccc2)CCCN(C)C1,7.72,experimental,,,tertiary_amine,,2026-06-26T13:21:05.374879+00:00
FIXED_chembl26.sdf,2934,O=C1C2=C(CCCC2)C(=O)N1c1ccc(Cl)cc1,6.43,experimental,,,aniline,,2026-06-26T13:21:27.535208+00:00
FIXED_chembl26.sdf,2935,CCOc1cc(Oc2ccc(C(F)(F)F)cc2Cl)ccc1[N+](=O)[O-],7.63,experimental,,,aniline,,2026-06-26T13:21:30.189180+00:00
FIXED_chembl26.sdf,2936,CC(Cl)/C=C/C(=O)N(Cc1ccc(C#N)cc1)CC(C)C,4.82,experimental,,,nitrile,,2026-06-26T13:21:35.073749+00:00
FIXED_chembl26.sdf,2937,Cc1ccc(C(=O)NC2CC2)cc1-n1cnc2ccc(N3CCN(C)CC3)cc2c1=O,7.6,experimental,,,tertiary_amine,,2026-06-26T13:21:40.902508+00:00
FIXED_chembl26.sdf,2938,Nc1noc2ccc(-c3cc(Cl)ccc3Oc3cc(F)c(S(=O)(=O)Nc4ncns4)cc3F)cc12,3.2,experimental,,,aromatic_thiosulfamide,,2026-06-26T13:21:45.961947+00:00
FIXED_chembl26.sdf,2939,Cc1ccc(CNCC2(F)CCN(C(=O)c3ccc(F)c(Cl)c3)CC2)nc1,6.4,experimental,,,secondary_amine,,2026-06-26T13:21:49.385933+00:00
FIXED_chembl26.sdf,2940,Cc1cnc(CNCC2(F)CCN(C(=O)c3ccc(F)c(Cl)c3)CC2)nc1,6.7,experimental,,,secondary_amine,,2026-06-26T13:21:50.603335+00:00
FIXED_chembl26.sdf,2941,C[C@@H]1CN(C(=O)[C@@H]2CN(C(C)(C)C)C[C@H]2c2ccc(F)cc2F)C[C@H](C)[C@@]1(O)c1ccc(F)cc1.Cl,8.74,experimental,,,tertiary_amine,,2026-06-26T13:21:52.533067+00:00
FIXED_chembl26.sdf,2942,C[C@@H]1CN(C(=O)[C@@H]2CN(C(C)(C)C)C[C@H]2c2ccc(F)cc2F)C[C@H](C)[C@@]1(O)c1ccccc1.Cl,8.95,experimental,,,tertiary_amine,,2026-06-26T13:21:53.730533+00:00
FIXED_chembl26.sdf,2944,CC(C)(N)C(=O)N[C@H](Cc1c[nH]c2ccccc12)C(=O)N1CCC2(CCc3ccccc32)CC1,7.9,experimental,,,isoquinoline,,2026-06-26T13:22:03.077807+00:00
FIXED_chembl26.sdf,2945,NC1(C(=O)N[C@H](Cc2c[nH]c3ccccc23)C(=O)N2CCC3(CCc4ccccc43)CC2)CC1,5.9,experimental,,,isoquinoline,,2026-06-26T13:22:04.057872+00:00
FIXED_chembl26.sdf,2946,O.O.O=C1OCCN1/N=C/c1cc(O)c([N+](=O)[O-])o1,2.7,experimental,,,aniline,,2026-06-26T13:22:09.057397+00:00
FIXED_chembl26.sdf,2947,CCC1(c2ccccc2)C(=O)NC(=O)NC1=O,7.2,experimental,,,imide,,2026-06-26T13:22:12.390497+00:00
FIXED_chembl26.sdf,2948,CCC1(c2ccccc2)C(=O)NC(=O)NC1=O,7.49,experimental,,,imide,,2026-06-26T13:22:13.370800+00:00
FIXED_chembl26.sdf,2949,CCC1(c2ccccc2)C(=O)NC(=O)NC1=O,7.5,experimental,,,imide,,2026-06-26T13:22:14.263680+00:00
FIXED_chembl26.sdf,2950,CCC1(c2ccccc2)C(=O)NC(=O)NC1=O,7.4,experimental,,,imide,,2026-06-26T13:22:14.947272+00:00
FIXED_chembl26.sdf,2952,CCC1(c2ccccc2)C(=O)NC(=O)NC1=O,7.26,experimental,,,imide,,2026-06-26T13:22:15.611024+00:00
FIXED_chembl26.sdf,2954,COc1ccc2cc3[n+](cc2c1OC)CCc1cc2c(cc1-3)OCO2.[Cl-],2.47,experimental,,,pyridine,,2026-06-26T13:22:25.028494+00:00
FIXED_chembl26.sdf,2955,O=[N+]([O-])c1cnc([N+](=O)[O-])[nH]1,2.86,experimental,,,nitro,,2026-06-26T13:22:29.087300+00:00
FIXED_chembl26.sdf,2956,C#CCn1c(=O)c2c(-c3cncn3C)n(Cc3ccnc4ccc(Cl)cc34)nc2n(CC2CC2)c1=O,7.2,experimental,,,imidazole,,2026-06-26T13:22:35.874497+00:00
FIXED_chembl26.sdf,2957,N#Cc1c(O)nc(SCc2cccc(F)c2F)nc1C1CC1,8.9,experimental,,,pyrimidine,,2026-06-26T13:22:40.495315+00:00
FIXED_chembl26.sdf,2958,COc1ccc(O)c(/C=N/NC(=O)Cc2ccccc2)c1,2.9,experimental,,,hydrazone,,2026-06-26T13:22:45.986481+00:00
FIXED_chembl26.sdf,2959,COc1ccc(O)c(/C=N/NS(=O)(=O)Cc2ccccc2)c1,6.5,experimental,,,hydrazone,,2026-06-26T13:22:50.189812+00:00
FIXED_chembl26.sdf,2960,COc1ccc(O)c(/C=N/N=C(\S)Cc2ccccc2)c1,6.6,experimental,,,imine,,2026-06-26T13:22:52.769834+00:00
FIXED_chembl26.sdf,2961,CCN(C(=O)Cc1ccc(S(C)(=O)=O)cc1)C1CCN(CC[C@@H](c2cc(F)cc(F)c2)C2CCN(S(C)(=O)=O)CC2)CC1,8.4,experimental,,,tertiary_amine,,2026-06-26T13:22:57.202059+00:00
FIXED_chembl26.sdf,2962,CC(C)N(Cc1cnc[nH]1)c1ccc(Cl)cc1,3.5,experimental,,,imidazole,,2026-06-26T13:23:00.000534+00:00
FIXED_chembl26.sdf,2963,O=C([O-])CCCO.[Na+],4.72,experimental,,,carboxylate,,2026-06-26T13:23:01.737842+00:00
FIXED_chembl26.sdf,2964,CC(C)N1CCC(Oc2ccc(C3(C(N)=O)CCOCC3)cc2)CC1,9.78,experimental,,,tertiary_amine,,2026-06-26T13:23:05.329610+00:00
FIXED_chembl26.sdf,2965,COc1cc(/C=C/C(=O)CC(=O)/C=C/c2ccc(O)c(OC)c2)ccc1O,9.5,experimental,,,phenol,,2026-06-26T13:23:10.313671+00:00
FIXED_chembl26.sdf,2966,COc1cc(/C=C/C(=O)CC(=O)/C=C/c2ccc(O)c(OC)c2)ccc1O,8.5,experimental,,,phenol,,2026-06-26T13:23:11.784120+00:00
FIXED_chembl26.sdf,2967,CCN(CC)CCCn1c2c(c3ccccc31)CCn1c-2nc2ccc(O)cc2c1=O.Cl,8.94,experimental,,,tertiary_amine,,2026-06-26T13:23:14.795094+00:00
FIXED_chembl26.sdf,2968,Cl.O=c1c2cc(O)ccc2nc2n1CCc1c-2n(CCCN2CCCCC2)c2ccccc12,8.8,experimental,,,tertiary_amine,,2026-06-26T13:23:16.237357+00:00
FIXED_chembl26.sdf,2969,CCN(CC)CCCOc1ccc2nc3n(c(=O)c2c1)CCc1c-3[nH]c2ccccc12.Cl,9.29,experimental,,,tertiary_amine,,2026-06-26T13:23:17.252230+00:00
FIXED_chembl26.sdf,2970,Cl.O=c1c2cc(OCCCN3CCCCC3)ccc2nc2n1CCc1c-2[nH]c2ccccc12,9.36,experimental,,,tertiary_amine,,2026-06-26T13:23:18.260280+00:00
FIXED_chembl26.sdf,2971,COc1cccc(-c2cccc([C@@]3(c4ccncc4)N=C(N)N4CC(F)(F)CN=C43)c2)c1F,5.3,experimental,,,guanidine,,2026-06-26T13:23:22.960044+00:00
FIXED_chembl26.sdf,2972,NC1=N[C@](c2ccc(OC(F)F)cc2)(c2cccc(OCCF)c2)C2=NCC(F)(F)CN12,6.5,experimental,,,guanidine,,2026-06-26T13:23:26.099161+00:00
FIXED_chembl26.sdf,2973,NC1=N[C@@]2(c3cccc(NC(=O)c4ccc(Cl)cn4)c3)C[C@H]2CCS1,8.9,experimental,,,amidine,,2026-06-26T13:23:29.505475+00:00
FIXED_chembl26.sdf,2975,CN1CCN(CCCN2c3ccccc3Sc3ccc(C(F)(F)F)cc32)CC1,7.61,experimental,,,tertiary_amine,,2026-06-26T13:23:32.541958+00:00
FIXED_chembl26.sdf,2976,CN1CCN(CCCN2c3ccccc3Sc3ccc(C(F)(F)F)cc32)CC1,8.08,experimental,,,tertiary_amine,,2026-06-26T13:23:34.089129+00:00
FIXED_chembl26.sdf,2977,CN1CCN(CCCN2c3ccccc3Sc3ccc(C(F)(F)F)cc32)CC1,4.04,experimental,,,aniline,,2026-06-26T13:23:37.421622+00:00
FIXED_chembl26.sdf,2978,CN1CCN(CCCN2c3ccccc3Sc3ccc(C(F)(F)F)cc32)CC1,7.81,experimental,,,tertiary_amine,,2026-06-26T13:23:40.147340+00:00
FIXED_chembl26.sdf,2979,CN1CCN(CCCN2c3ccccc3Sc3ccc(C(F)(F)F)cc32)CC1,8.1,experimental,,,tertiary_amine,,2026-06-26T13:23:41.590216+00:00
FIXED_chembl26.sdf,2980,CN1CCN(CCCN2c3ccccc3Sc3ccc(C(F)(F)F)cc32)CC1,3.9,experimental,,,aniline,,2026-06-26T13:23:43.056089+00:00
FIXED_chembl26.sdf,2983,CCOc1ccc(CC2CCN(c3ncc(C(=O)NO)cn3)CC2)cc1-c1nc2c(CC)nn(C)c2c(=O)[nH]1,7.85,experimental,,,tertiary_amine,,2026-06-26T13:23:50.367958+00:00
FIXED_chembl26.sdf,2984,Cn1cc(-c2cccc(C(F)(F)F)c2)c2sc(C(=N)NC3CCS(=O)(=O)CC3)cc2c1=O,8.4,experimental,,,amidine,,2026-06-26T13:23:54.723887+00:00
FIXED_chembl26.sdf,2985,Cc1c[nH]c2ncnc(O[C@H]3CC[C@H](N4CCOCC4)CC3)c12,7.5,experimental,,,tertiary_amine,,2026-06-26T13:23:57.371741+00:00
FIXED_chembl26.sdf,2986,Cc1c[nH]c2ncnc(O[C@H]3CC[C@H](N4C[C@H]5C[C@@H]4CO5)CC3)c12,8.1,experimental,,,tertiary_amine,,2026-06-26T13:24:00.005702+00:00
FIXED_chembl26.sdf,2987,NC(=O)CN1CCC[C@H](OCc2cc(C(F)(F)F)cc(C(F)(F)F)c2)[C@@H]1c1ccccc1,5.4,experimental,,,tertiary_amine,,2026-06-26T13:24:09.109777+00:00
FIXED_chembl26.sdf,2989,N[C@H](COCc1cc(C(F)(F)F)cc(C(F)(F)F)c1)c1ccccc1,7.93,experimental,,,primary_amine,,2026-06-26T13:24:18.635278+00:00
FIXED_chembl26.sdf,2990,Cc1nc2c3ccccc3cc[n+]2c(C)c1[O-],4.0,experimental,,,phenolate,,2026-06-26T13:24:21.426878+00:00
FIXED_chembl26.sdf,2991,CCCCNc1c(N(C)CCCN(C)C)c(=O)c1=O,8.8,experimental,,,tertiary_amine,,2026-06-26T13:24:24.073877+00:00
FIXED_chembl26.sdf,2994,N=C(N)Oc1ccccc1,8.29,experimental,,,amidine,,2026-06-26T13:24:32.890771+00:00
FIXED_chembl26.sdf,2995,NC(=O)CCN1CCC[C@H](OCc2cc(C(F)(F)F)cc(C(F)(F)F)c2)[C@@H]1c1ccccc1,6.5,experimental,,,tertiary_amine,,2026-06-26T13:24:37.925836+00:00
FIXED_chembl26.sdf,2996,CC(C)c1nc(N(C)S(C)(=O)=O)nc(-c2ccc(F)cc2)c1/C=C/[C@@H](O)C[C@@H](O)CC(=O)[O-].CC(C)c1nc(N(C)S(C)(=O)=O)nc(-c2ccc(F)cc2)c1/C=C/[C@@H](O)C[C@@H](O)CC(=O)[O-].[Ca+2],4.2,experimental,,,carboxylate,,2026-06-26T13:24:42.300346+00:00
FIXED_chembl26.sdf,2997,CC(C)CCOc1ccc2c(c1)[C@H]1OCCC[C@H]1[C@@H](C1CCOCC1)N2,3.8,experimental,,,aniline,,2026-06-26T13:24:46.153758+00:00
FIXED_chembl26.sdf,2998,O[C@H]1CNCCC[C@@H]1n1c2ccc(C(F)(F)F)cc2c2cc(C(F)(F)F)ccc21,8.05,experimental,,,secondary_amine,,2026-06-26T13:24:49.435752+00:00
FIXED_chembl26.sdf,3001,Cc1ccc(NC(=O)c2ccc3nc(-c4c(C)cc(OCC(=O)O)cc4C)[nH]c3c2)cc1C,4.8,experimental,,,carboxylic_acid,,2026-06-26T13:24:53.244938+00:00
FIXED_chembl26.sdf,3002,Cc1ccc(NC(=O)c2ccc3nc(-c4c(C)cc(NCC(=O)O)cc4C)[nH]c3c2)cc1C,5.1,experimental,,,carboxylic_acid,,2026-06-26T13:24:54.881520+00:00
FIXED_chembl26.sdf,3003,Cc1ccc(NC(=O)c2ccc3nc(-c4c(C)cc(CCC(=O)O)cc4C)[nH]c3c2)cc1C,4.3,experimental,,,carboxylic_acid,,2026-06-26T13:24:56.613410+00:00
FIXED_chembl26.sdf,3008,CC(C)c1nnc2ccc(-c3ocnc3-c3ccc(F)cc3)cn12,2.86,experimental,,,124triazole,,2026-06-26T13:25:00.731776+00:00
FIXED_chembl26.sdf,3009,Cc1[nH]c2c(NCc3ccccc3)nccc2c1C,8.79,experimental,,,pyridine,,2026-06-26T13:25:06.061986+00:00
FIXED_chembl26.sdf,3010,Cc1cccc(C)c1CNc1nccc2cc[nH]c12,8.63,experimental,,,pyridine,,2026-06-26T13:25:08.185731+00:00
FIXED_chembl26.sdf,3011,Cc1cccc(C)c1CNc1nccc2c(C)c[nH]c12,8.71,experimental,,,pyridine,,2026-06-26T13:25:09.039552+00:00
FIXED_chembl26.sdf,3012,Cc1cccc(C)c1CNc1nccc2c1cc(C)n2C,9.14,experimental,,,pyridine,,2026-06-26T13:25:09.707795+00:00
FIXED_chembl26.sdf,3013,Cc1cccc(C)c1CNc1ccnc2c1nc(C)n2C,5.81,experimental,,,pyridine,,2026-06-26T13:25:11.337677+00:00
FIXED_chembl26.sdf,3014,Cc1cccc(C)c1CNc1nccc2c1nc(C)n2C,7.49,experimental,,,aniline,,2026-06-26T13:25:14.180141+00:00
FIXED_chembl26.sdf,3015,Cc1cccc(C)c1CNc1ccnc2c1cc(C)n2C,7.42,experimental,,,aniline,,2026-06-26T13:25:15.367432+00:00
FIXED_chembl26.sdf,3016,Cc1cccc(C)c1CNc1nccn2c(C)c(C)cc12,7.92,experimental,,,pyrazine,,2026-06-26T13:25:17.389440+00:00
FIXED_chembl26.sdf,3017,Cc1cccc(C)c1CNc1cccn2c(C)ncc12,6.03,experimental,,,pyridine,,2026-06-26T13:25:18.757988+00:00
FIXED_chembl26.sdf,3036,COC1(c2ccccc2)C2CN(C)CC1CN(C)C2.O=C(O)CC(O)(CC(=O)O)C(=O)O,11.73,experimental,,,tertiary_amine,,2026-06-26T13:25:56.434963+00:00
FIXED_chembl26.sdf,3037,CNC(=O)[C@H]1O[C@@H](n2cnc3c(NCc4cc(Cl)ccc4OCc4cc(C)no4)ncnc32)[C@H](O)[C@@H]1N,6.25,experimental,,,aniline,,2026-06-26T13:26:07.632931+00:00
FIXED_chembl26.sdf,3038,CC(C)(C)C(=O)CN1CCC(CNC(=O)c2cc(Cl)cc(Cl)c2)CC1,8.0,experimental,,,tertiary_amine,,2026-06-26T13:26:10.577422+00:00
FIXED_chembl26.sdf,3039,CC(C)(C)CCN1CC[C@@H](CNC(=O)c2cc(Cl)cc(Cl)c2)[C@H](F)C1,6.7,experimental,,,tertiary_amine,,2026-06-26T13:26:12.817276+00:00
FIXED_chembl26.sdf,3040,CC(C)(C)CCN1CC[C@H](CNC(=O)c2cc(Cl)cc(Cl)c2)[C@H](F)C1,7.9,experimental,,,tertiary_amine,,2026-06-26T13:26:14.680406+00:00
FIXED_chembl26.sdf,3041,CC(C)(C)NC(=O)CN1CCC(CNC(=O)c2cc(Cl)cc(Cl)c2)CC1,7.6,experimental,,,tertiary_amine,,2026-06-26T13:26:17.088541+00:00
FIXED_chembl26.sdf,3042,CC(C)(C)C(O)CN1CCC(CNC(=O)c2cc(Cl)cc(Cl)c2)CC1,9.2,experimental,,,tertiary_amine,,2026-06-26T13:26:18.533996+00:00
FIXED_chembl26.sdf,3043,CC(C)(C)CCN1CCC(CNC(=O)c2cc(Cl)cc(Cl)c2)CC1,8.7,experimental,,,tertiary_amine,,2026-06-26T13:26:19.889625+00:00
FIXED_chembl26.sdf,3044,CC1(C)C[C@@H](CN2CCC(F)(CNC(=O)c3cc(Cl)cc(Cl)c3)CC2)CCO1,7.9,experimental,,,tertiary_amine,,2026-06-26T13:26:21.371823+00:00
FIXED_chembl26.sdf,3045,CCc1nc2c(C)cc(C)nc2n1Cc1ccc(-c2ccccc2C2=NN(c3ccccc3)[S+]([O-])N2)cc1,7.1,experimental,,,aminoamidine,,2026-06-26T13:26:24.782925+00:00
FIXED_chembl26.sdf,3046,CCc1nc2c(C)cc(C)nc2n1Cc1ccc(-c2ccccc2C(=O)O)cc1,5.1,experimental,,,carboxylic_acid,,2026-06-26T13:26:26.743674+00:00
FIXED_chembl26.sdf,3047,CCc1nc2c(C)cc(C)nc2n1Cc1ccc(-c2ccccc2C2Nc3cc(Cl)c(S(N)(=O)=O)cc3S(=O)(=O)N2)cc1,8.9,experimental,,,pyridine,,2026-06-26T13:26:31.267964+00:00
FIXED_chembl26.sdf,3050,CCc1nc2c(C)cc(C)nc2n1Cc1ccc(-c2ccccc2-c2nn[nH]n2)cc1,4.9,experimental,,,tetrazole,,2026-06-26T13:26:38.330382+00:00
FIXED_chembl26.sdf,3051,CCc1nc2c(C)cc(C)nc2n1Cc1ccc(-c2ccccc2C2=NS(=O)(=O)c3ccccc3N2)cc1,8.7,experimental,,,amidine,,2026-06-26T13:26:41.982589+00:00
FIXED_chembl26.sdf,3052,CNCc1cc(=O)oc2cc(OCc3cccc(Cl)c3)ccc12.CS(=O)(=O)O,7.18,experimental,,,secondary_amine,,2026-06-26T13:26:44.650874+00:00
FIXED_chembl26.sdf,3053,COCCCOc1cc2c(cc1OC)-c1cc(=O)c(C(=O)O)cn1[C@H](C(C)C)C2,5.79,experimental,,,carboxylic_acid,,2026-06-26T13:26:46.725664+00:00
FIXED_chembl26.sdf,3054,CN(C)CCNC1=Nc2cccc3cccc(c23)N1,6.0,experimental,,,guanidine,,2026-06-26T13:26:51.454186+00:00
FIXED_chembl26.sdf,3055,CN1CC[C@@H](NC(=O)Nc2ccc(C#N)cc2)C[C@@H]1c1nc2ccccc2[nH]1,6.0,experimental,,,tertiary_amine,,2026-06-26T13:26:56.275856+00:00
FIXED_chembl26.sdf,3056,CN1CCC=C(c2nc(-c3cn(C)c4ccccc34)no2)C1,7.2,experimental,,,tertiary_amine,,2026-06-26T13:26:58.892127+00:00
FIXED_chembl26.sdf,3057,CCn1cc([C@]2(c3cccc(NC(=O)c4ccc(Cl)cn4)c3)N=C(N)c3c(F)cccc32)cc(C)c1=O,7.3,experimental,,,amidine,,2026-06-26T13:27:01.679845+00:00
FIXED_chembl26.sdf,3058,CCn1cc([C@]2(c3cccc(C#CC4CC4)c3)N=C(N)c3c(F)cccc32)cc(C)c1=O,7.6,experimental,,,amidine,,2026-06-26T13:27:03.938833+00:00
FIXED_chembl26.sdf,3059,CC#Cc1cncc(-c2cccc([C@@]3(c4cc(C)c(=O)n(CC)c4)N=C(N)c4c(F)cccc43)c2)c1,7.5,experimental,,,amidine,,2026-06-26T13:27:06.385582+00:00
FIXED_chembl26.sdf,3060,CCn1cc(C2(c3cccc(-c4cncnc4)c3)N=C(N)c3c(F)cccc32)cc(C)c1=O,7.7,experimental,,,amidine,,2026-06-26T13:27:08.010943+00:00
FIXED_chembl26.sdf,3061,Cc1cc(C2(c3cccc(-c4cncnc4)c3)N=C(N)c3c(F)cccc32)cn(C)c1=O,7.4,experimental,,,amidine,,2026-06-26T13:27:09.308747+00:00
FIXED_chembl26.sdf,3062,COc1c(C)cc(C2(c3cccc(-c4cncnc4)c3)N=C(N)c3c(F)cccc32)nc1C,8.1,experimental,,,amidine,,2026-06-26T13:27:10.690918+00:00
FIXED_chembl26.sdf,3063,COc1ccc(C2(c3cccc(-c4cncnc4)c3)N=C(N)c3c(F)cccc32)cc1,8.2,experimental,,,amidine,,2026-06-26T13:27:13.183883+00:00
FIXED_chembl26.sdf,3064,NC1=N[C@@](c2cccc(-c3cncnc3)c2)(c2ccnc(C(F)F)c2)c2cc(F)cc(F)c21,6.2,experimental,,,amidine,,2026-06-26T13:27:14.293807+00:00
FIXED_chembl26.sdf,3065,NC1=N[C@@](c2cccc(-c3cncnc3)c2)(c2ccnc(C(F)F)c2)c2cccc(F)c21,7.1,experimental,,,amidine,,2026-06-26T13:27:15.377692+00:00
FIXED_chembl26.sdf,3066,NC1=NC(c2cccc(-c3cncnc3)c2)(c2ccnc(C(F)F)c2)c2cccc(F)c21,6.8,experimental,,,amidine,,2026-06-26T13:27:16.204684+00:00
FIXED_chembl26.sdf,3067,COc1cc(C2(c3cccc(-c4cncnc4)c3)N=C(N)c3c(F)cccc32)ccn1,7.1,experimental,,,amidine,,2026-06-26T13:27:17.727398+00:00
FIXED_chembl26.sdf,3068,NC1=NC(c2cccc(-c3cncnc3)c2)(c2ccnc(C3CC3)c2)c2cccc(F)c21,7.4,experimental,,,amidine,,2026-06-26T13:27:19.097087+00:00
FIXED_chembl26.sdf,3069,Cc1cc(C2(c3cccc(-c4cncnc4)c3)N=C(N)c3c(F)cccc32)cc(C)n1,8.0,experimental,,,amidine,,2026-06-26T13:27:20.097921+00:00
FIXED_chembl26.sdf,3070,NC1=NC(c2ccnc(C(F)(F)F)c2)(c2ccc(F)c(-c3cncnc3)c2)c2cccc(F)c21,6.4,experimental,,,amidine,,2026-06-26T13:27:21.221798+00:00
FIXED_chembl26.sdf,3071,NC1=NC(c2cccc(-c3cncnc3)c2)(c2ccnc(C(F)(F)F)c2)c2cccc(F)c21,6.9,experimental,,,amidine,,2026-06-26T13:27:22.100003+00:00
FIXED_chembl26.sdf,3072,NC1=NC(c2ccncc2)(c2cccc(-c3cncc(F)c3)c2)c2cccc(F)c21,7.1,experimental,,,amidine,,2026-06-26T13:27:23.056718+00:00
FIXED_chembl26.sdf,3073,NC1=N[C@](c2ccncc2)(c2cccc(-c3cncnc3)c2)c2cccc(F)c21,7.2,experimental,,,amidine,,2026-06-26T13:27:24.079079+00:00
FIXED_chembl26.sdf,3074,NC1=NC(c2ccncc2)(c2cccc(-c3cncnc3)c2)c2cccc(F)c21,7.1,experimental,,,amidine,,2026-06-26T13:27:24.872051+00:00
FIXED_chembl26.sdf,3075,NC1=NC(c2ccncc2)(c2cccc(-c3cncnc3)c2)c2ccccc21,8.4,experimental,,,amidine,,2026-06-26T13:27:26.284143+00:00
FIXED_chembl26.sdf,3076,Cn1c(N)nc2cc[nH]c2c1=O,5.1,experimental,,,pyrimidine,,2026-06-26T13:27:28.445236+00:00
FIXED_chembl26.sdf,3079,CN1CCC[C@H]1c1cccnc1,8.08,experimental,,,tertiary_amine,,2026-06-26T13:27:33.163799+00:00
FIXED_chembl26.sdf,3080,CN1CCC[C@H]1c1cccnc1,8.0,experimental,,,tertiary_amine,,2026-06-26T13:27:34.728785+00:00
FIXED_chembl26.sdf,3081,CN1CCC[C@H]1c1cccnc1,3.4,experimental,,,pyridine,,2026-06-26T13:27:37.203981+00:00
FIXED_chembl26.sdf,3082,CN1CCC[C@H]1c1cccnc1,7.66,experimental,,,tertiary_amine,,2026-06-26T13:27:39.010535+00:00
FIXED_chembl26.sdf,3084,CN1CCC[C@H]1c1cccnc1,7.9,experimental,,,tertiary_amine,,2026-06-26T13:27:40.171684+00:00
FIXED_chembl26.sdf,3085,O=C(NCC1CCCCN1)c1cc(OCC(F)(F)F)ccc1OCC(F)(F)F,9.3,experimental,,,secondary_amine,,2026-06-26T13:27:43.422595+00:00
FIXED_chembl26.sdf,3087,O=C(NCC1CCCCN1)c1cc(OCC(F)(F)F)ccc1OCC(F)(F)F,9.28,experimental,,,secondary_amine,,2026-06-26T13:27:45.132357+00:00
FIXED_chembl26.sdf,3089,CCN(CC)CCCC(C)Nc1c2ccc(Cl)cc2nc2ccc(OC)cc12,10.2,experimental,,,tertiary_amine,,2026-06-26T13:27:48.065482+00:00
FIXED_chembl26.sdf,3092,CCN(CC)CCCC(C)Nc1c2ccc(Cl)cc2nc2ccc(OC)cc12,7.73,experimental,,,tertiary_amine,,2026-06-26T13:27:49.383536+00:00
FIXED_chembl26.sdf,3093,CNS(=O)(=O)Cc1ccc2[nH]cc(CCN(C)C)c2c1,9.5,experimental,,,tertiary_amine,,2026-06-26T13:27:51.749648+00:00
FIXED_chembl26.sdf,3094,CNS(=O)(=O)Cc1ccc2[nH]cc(CCN(C)C)c2c1,9.4,experimental,,,tertiary_amine,,2026-06-26T13:27:53.234021+00:00
FIXED_chembl26.sdf,3096,CNS(=O)(=O)Cc1ccc2[nH]cc(CCN(C)C)c2c1,9.68,experimental,,,tertiary_amine,,2026-06-26T13:27:55.078890+00:00
FIXED_chembl26.sdf,3097,CNC(=C[N+](=O)[O-])NCCSCc1csc(CN(C)C)n1,6.59,experimental,,,tertiary_amine,,2026-06-26T13:27:59.009115+00:00
FIXED_chembl26.sdf,3098,CNC(=C[N+](=O)[O-])NCCSCc1csc(CN(C)C)n1,6.8,experimental,,,tertiary_amine,,2026-06-26T13:28:02.573238+00:00
FIXED_chembl26.sdf,3100,CCCCc1oc2ccccc2c1C(=O)c1cc(I)c(OCCN(CC)CC)c(I)c1,8.73,experimental,,,tertiary_amine,,2026-06-26T13:28:05.823455+00:00
FIXED_chembl26.sdf,3101,CCCCc1oc2ccccc2c1C(=O)c1cc(I)c(OCCN(CC)CC)c(I)c1,6.6,experimental,,,tertiary_amine,,2026-06-26T13:28:07.120424+00:00
FIXED_chembl26.sdf,3102,CCCCc1oc2ccccc2c1C(=O)c1cc(I)c(OCCN(CC)CC)c(I)c1,4.84,experimental,,,furan,,2026-06-26T13:28:12.515108+00:00
FIXED_chembl26.sdf,3104,CCCCc1oc2ccccc2c1C(=O)c1cc(I)c(OCCN(CC)CC)c(I)c1,9.37,experimental,,,tertiary_amine,,2026-06-26T13:28:14.549853+00:00
FIXED_chembl26.sdf,3106,CCCCc1oc2ccccc2c1C(=O)c1cc(I)c(OCCN(CC)CC)c(I)c1,8.7,experimental,,,tertiary_amine,,2026-06-26T13:28:16.018704+00:00
FIXED_chembl26.sdf,3107,CN1C[C@H](C(=O)N[C@]2(C)O[C@@]3(O)[C@@H]4CCCN4C(=O)[C@H](Cc4ccccc4)N3C2=O)C=C2c3cccc4[nH]cc(c34)C[C@H]21,6.3,experimental,,,isoquinoline,,2026-06-26T13:28:19.819198+00:00
FIXED_chembl26.sdf,3109,CN(C)CCOC(c1ccccc1)c1ccccc1,9.1,experimental,,,tertiary_amine,,2026-06-26T13:28:22.790672+00:00
FIXED_chembl26.sdf,3110,CN(C)CCOC(c1ccccc1)c1ccccc1,9.3,experimental,,,tertiary_amine,,2026-06-26T13:28:24.230006+00:00
FIXED_chembl26.sdf,3111,CN(C)CCOC(c1ccccc1)c1ccccc1,9.0,experimental,,,tertiary_amine,,2026-06-26T13:28:25.249978+00:00
FIXED_chembl26.sdf,3112,CN(C)CCOC(c1ccccc1)c1ccccc1,9.02,experimental,,,tertiary_amine,,2026-06-26T13:28:26.270913+00:00
FIXED_chembl26.sdf,3114,CCc1nn(CCCN2CCN(c3cccc(Cl)c3)CC2)c(=O)n1CCOc1ccccc1,6.79,experimental,,,tertiary_amine,,2026-06-26T13:28:28.911915+00:00
FIXED_chembl26.sdf,3115,CCc1nn(CCCN2CCN(c3cccc(Cl)c3)CC2)c(=O)n1CCOc1ccccc1,13.8,experimental,,,tertiary_amine,,2026-06-26T13:28:30.638698+00:00
FIXED_chembl26.sdf,3116,CCc1nn(CCCN2CCN(c3cccc(Cl)c3)CC2)c(=O)n1CCOc1ccccc1,6.5,experimental,,,124triazole,,2026-06-26T13:28:33.798158+00:00
FIXED_chembl26.sdf,3117,COc1cc(Cc2cnc(N)nc2N)cc(OC)c1OC,7.07,experimental,,,pyrimidine,,2026-06-26T13:28:35.924275+00:00
FIXED_chembl26.sdf,3118,COc1cc(Cc2cnc(N)nc2N)cc(OC)c1OC,7.2,experimental,,,pyrimidine,,2026-06-26T13:28:37.192427+00:00
FIXED_chembl26.sdf,3119,COc1cc(Cc2cnc(N)nc2N)cc(OC)c1OC,0.0,experimental,,,pyrimidine,,2026-06-26T13:28:39.055469+00:00
FIXED_chembl26.sdf,3120,COc1cc(Cc2cnc(N)nc2N)cc(OC)c1OC,7.26,experimental,,,pyrimidine,,2026-06-26T13:28:39.950730+00:00
FIXED_chembl26.sdf,3122,CN1CCCC(n2nc(Cc3ccc(Cl)cc3)c3ccccc3c2=O)CC1,9.54,experimental,,,tertiary_amine,,2026-06-26T13:28:42.037187+00:00
FIXED_chembl26.sdf,3124,CNCCCN1c2ccccc2CCc2ccccc21,10.23,experimental,,,secondary_amine,,2026-06-26T13:28:46.408992+00:00
FIXED_chembl26.sdf,3125,CNCCCN1c2ccccc2CCc2ccccc21,10.2,experimental,,,secondary_amine,,2026-06-26T13:28:47.259285+00:00
FIXED_chembl26.sdf,3126,CNCCCN1c2ccccc2CCc2ccccc21,3.35,experimental,,,aniline,,2026-06-26T13:28:50.251160+00:00
FIXED_chembl26.sdf,3127,CNCCCN1c2ccccc2CCc2ccccc21,10.0,experimental,,,secondary_amine,,2026-06-26T13:28:51.805855+00:00
FIXED_chembl26.sdf,3129,CNCCCN1c2ccccc2CCc2ccccc21,5.32,experimental,,,aniline,,2026-06-26T13:28:53.999841+00:00
FIXED_chembl26.sdf,3132,CNCCCN1c2ccccc2CCc2ccccc21,9.8,experimental,,,secondary_amine,,2026-06-26T13:28:55.595592+00:00
FIXED_chembl26.sdf,3133,CCN(CC)CCNC(=O)c1cc(Cl)c(N)cc1OC,9.33,experimental,,,tertiary_amine,,2026-06-26T13:29:00.151741+00:00
FIXED_chembl26.sdf,3134,CCN(CC)CCNC(=O)c1cc(Cl)c(N)cc1OC,9.3,experimental,,,tertiary_amine,,2026-06-26T13:29:01.432033+00:00
FIXED_chembl26.sdf,3135,CCN(CC)CCNC(=O)c1cc(Cl)c(N)cc1OC,9.59,experimental,,,tertiary_amine,,2026-06-26T13:29:02.487624+00:00
FIXED_chembl26.sdf,3136,CCN(CC)CCNC(=O)c1cc(Cl)c(N)cc1OC,9.51,experimental,,,tertiary_amine,,2026-06-26T13:29:04.151728+00:00
FIXED_chembl26.sdf,3139,Cc1cccc(C)c1OCC(C)N,9.11,experimental,,,primary_amine,,2026-06-26T13:29:05.719299+00:00
FIXED_chembl26.sdf,3140,Cc1cccc(C)c1OCC(C)N,9.2,experimental,,,primary_amine,,2026-06-26T13:29:07.018582+00:00
FIXED_chembl26.sdf,3141,Cc1cccc(C)c1OCC(C)N,9.15,experimental,,,primary_amine,,2026-06-26T13:29:08.364069+00:00
FIXED_chembl26.sdf,3142,COC(=O)[C@H]1[C@@H](OC(=O)c2ccccc2)C[C@@H]2CC[C@H]1N2C,8.7,experimental,,,tertiary_amine,,2026-06-26T13:29:10.083818+00:00
FIXED_chembl26.sdf,3145,CCC(=O)N(c1ccccc1)C1CCN(CCc2ccccc2)CC1,8.43,experimental,,,tertiary_amine,,2026-06-26T13:29:12.216722+00:00
FIXED_chembl26.sdf,3147,O=C(CCCN1CCC(O)(c2ccc(Cl)cc2)CC1)c1ccc(F)cc1,8.65,experimental,,,tertiary_amine,,2026-06-26T13:29:14.146551+00:00
FIXED_chembl26.sdf,3148,O=C(CCCN1CCC(O)(c2ccc(Cl)cc2)CC1)c1ccc(F)cc1,8.3,experimental,,,tertiary_amine,,2026-06-26T13:29:15.364588+00:00
FIXED_chembl26.sdf,3149,O=C(CCCN1CCC(O)(c2ccc(Cl)cc2)CC1)c1ccc(F)cc1,9.02,experimental,,,tertiary_amine,,2026-06-26T13:29:16.768772+00:00
FIXED_chembl26.sdf,3150,O=C(CCCN1CCC(O)(c2ccc(Cl)cc2)CC1)c1ccc(F)cc1,14.29,experimental,,,tertiary_amine,,2026-06-26T13:29:18.348019+00:00
FIXED_chembl26.sdf,3152,O=C(CCCN1CCC(O)(c2ccc(Cl)cc2)CC1)c1ccc(F)cc1,8.25,experimental,,,tertiary_amine,,2026-06-26T13:29:19.387509+00:00
FIXED_chembl26.sdf,3153,O=C(CCCN1CCC(O)(c2ccc(Cl)cc2)CC1)c1ccc(F)cc1,9.07,experimental,,,tertiary_amine,,2026-06-26T13:29:20.369435+00:00
FIXED_chembl26.sdf,3158,COc1ccc([C@@H]2Sc3ccccc3N(CCN(C)C)C(=O)[C@@H]2OC(C)=O)cc1,8.06,experimental,,,tertiary_amine,,2026-06-26T13:29:23.052275+00:00
FIXED_chembl26.sdf,3159,COc1ccc([C@@H]2Sc3ccccc3N(CCN(C)C)C(=O)[C@@H]2OC(C)=O)cc1,7.7,experimental,,,tertiary_amine,,2026-06-26T13:29:24.406256+00:00
FIXED_chembl26.sdf,3160,COc1ccc([C@@H]2Sc3ccccc3N(CCN(C)C)C(=O)[C@@H]2OC(C)=O)cc1,0.76,experimental,,,thiophenol,,2026-06-26T13:29:28.955157+00:00
FIXED_chembl26.sdf,3161,COc1ccc([C@@H]2Sc3ccccc3N(CCN(C)C)C(=O)[C@@H]2OC(C)=O)cc1,8.0,experimental,,,tertiary_amine,,2026-06-26T13:29:31.835836+00:00
FIXED_chembl26.sdf,3162,COc1ccc([C@@H]2Sc3ccccc3N(CCN(C)C)C(=O)[C@@H]2OC(C)=O)cc1,5.27,experimental,,,tertiary_amine,,2026-06-26T13:29:35.868976+00:00
FIXED_chembl26.sdf,3164,CN(C)CCC(c1ccc(Cl)cc1)c1ccccn1,9.26,experimental,,,tertiary_amine,,2026-06-26T13:29:38.578644+00:00
FIXED_chembl26.sdf,3165,CN(C)CCC(c1ccc(Cl)cc1)c1ccccn1,9.2,experimental,,,tertiary_amine,,2026-06-26T13:29:40.055281+00:00
FIXED_chembl26.sdf,3168,CN1CCN(C2=Nc3cc(Cl)ccc3Nc3ccccc32)CC1,7.63,experimental,,,tertiary_amine,,2026-06-26T13:29:42.271364+00:00
FIXED_chembl26.sdf,3169,CN1CCN(C2=Nc3cc(Cl)ccc3Nc3ccccc32)CC1,8.0,experimental,,,tertiary_amine,,2026-06-26T13:29:43.629162+00:00
FIXED_chembl26.sdf,3170,CN1CCN(C2=Nc3cc(Cl)ccc3Nc3ccccc32)CC1,3.79,experimental,,,aniline,,2026-06-26T13:29:47.242142+00:00
FIXED_chembl26.sdf,3172,CN1CCN(C2=Nc3cc(Cl)ccc3Nc3ccccc32)CC1,7.7,experimental,,,tertiary_amine,,2026-06-26T13:29:50.377034+00:00
FIXED_chembl26.sdf,3173,CN1CCN(C2=Nc3cc(Cl)ccc3Nc3ccccc32)CC1,7.5,experimental,,,tertiary_amine,,2026-06-26T13:29:52.281613+00:00
FIXED_chembl26.sdf,3174,CN1CCN(C2=Nc3cc(Cl)ccc3Nc3ccccc32)CC1,4.02,experimental,,,aniline,,2026-06-26T13:29:55.311078+00:00
FIXED_chembl26.sdf,3177,CN1CCN(C2=Nc3cc(Cl)ccc3Nc3ccccc32)CC1,7.96,experimental,,,tertiary_amine,,2026-06-26T13:29:58.977758+00:00
FIXED_chembl26.sdf,3178,CC(C)(C)NCC(O)c1cc(O)cc(O)c1,8.7,experimental,,,secondary_amine,,2026-06-26T13:30:03.443196+00:00
FIXED_chembl26.sdf,3179,CC(C)(C)NCC(O)c1cc(O)cc(O)c1,8.8,experimental,,,secondary_amine,,2026-06-26T13:30:05.288537+00:00
FIXED_chembl26.sdf,3180,CC(C)(C)NCC(O)c1cc(O)cc(O)c1,11.1,experimental,,,secondary_amine,,2026-06-26T13:30:06.816698+00:00
FIXED_chembl26.sdf,3182,CC(C)(C)NCC(O)c1cc(O)cc(O)c1,8.67,experimental,,,secondary_amine,,2026-06-26T13:30:08.544009+00:00
FIXED_chembl26.sdf,3183,Cc1ccc(O)c([C@H](CCN(C(C)C)C(C)C)c2ccccc2)c1,9.87,experimental,,,tertiary_amine,,2026-06-26T13:30:10.264568+00:00
FIXED_chembl26.sdf,3184,Cc1ccc(O)c([C@H](CCN(C(C)C)C(C)C)c2ccccc2)c1,14.71,experimental,,,tertiary_amine,,2026-06-26T13:30:12.965342+00:00
FIXED_chembl26.sdf,3185,Cc1ccc(O)c([C@H](CCN(C(C)C)C(C)C)c2ccccc2)c1,9.8,experimental,,,tertiary_amine,,2026-06-26T13:30:14.218125+00:00
FIXED_chembl26.sdf,3186,CCN(CC)CCNC(=O)c1ccc(N)cc1,9.24,experimental,,,tertiary_amine,,2026-06-26T13:30:17.861036+00:00
FIXED_chembl26.sdf,3187,CCN(CC)CCNC(=O)c1ccc(N)cc1,9.2,experimental,,,tertiary_amine,,2026-06-26T13:30:21.099154+00:00
FIXED_chembl26.sdf,3189,CCN(CC)CCNC(=O)c1ccc(N)cc1,2.75,experimental,,,aniline,,2026-06-26T13:30:24.199775+00:00
FIXED_chembl26.sdf,3192,COc1cc(C)ccc1N=C1NCCN1,10.6,experimental,,,guanidine,,2026-06-26T13:30:26.581869+00:00
FIXED_chembl26.sdf,3194,COc1ccc(OC)c(N=C2NCCN2)c1,10.15,experimental,,,guanidine,,2026-06-26T13:30:29.207091+00:00
FIXED_chembl26.sdf,3196,COc1cc(OC)c(N=C2NCCN2)cc1Cl,10.15,experimental,,,guanidine,,2026-06-26T13:30:30.245604+00:00
FIXED_chembl26.sdf,3198,Oc1cc(Cl)c(N=C2NCCN2)c(Cl)c1,7.95,experimental,,,guanidine,,2026-06-26T13:30:31.713211+00:00
FIXED_chembl26.sdf,3199,O=C(O)c1cc(F)c2nc(N3C4CCC3CC(OCc3c(-c5ccccc5OC(F)(F)F)noc3C3CC3)C4)sc2c1,4.0,experimental,,,carboxylic_acid,,2026-06-26T13:30:35.433469+00:00
FIXED_chembl26.sdf,3200,O=C(O)c1ccc2nc(N3C4CCC3CC(OCc3c(-c5ccccc5OC(F)(F)F)noc3C3CC3)C4)sc2c1,5.1,experimental,,,carboxylic_acid,,2026-06-26T13:30:38.907791+00:00
FIXED_chembl26.sdf,3201,Cc1cc(C(=O)O)cc2sc(N3C4CCC3CC(OCc3c(-c5ccccc5OC(F)(F)F)noc3C3CC3)C4)nc12,5.5,experimental,,,carboxylic_acid,,2026-06-26T13:30:40.204082+00:00
FIXED_chembl26.sdf,3202,COc1cc(C(=O)O)cc2sc(N3C4CCC3CC(OCc3c(-c5ccccc5OC(F)(F)F)noc3C3CC3)C4)nc12,4.5,experimental,,,carboxylic_acid,,2026-06-26T13:30:41.896260+00:00
FIXED_chembl26.sdf,3203,O=C(O)c1cc(F)c2nc(N3C4CCC3CC(OCc3c(-c5ccccc5OC(F)F)noc3C3CC3)C4)sc2c1,4.0,experimental,,,carboxylic_acid,,2026-06-26T13:30:43.380536+00:00
FIXED_chembl26.sdf,3204,O=C(O)c1cc(F)c2nc(N3C4CCC3CC(OCc3c(-c5ccccc5C(F)(F)F)noc3C3CC3)C4)sc2c1,4.0,experimental,,,carboxylic_acid,,2026-06-26T13:30:45.242212+00:00
FIXED_chembl26.sdf,3205,CC[C@]1(C)NC(=O)c2cc(S(=O)(=O)Nc3ccc(OC(F)F)cc3)ccc2NC1=O,7.9,experimental,,,aniline,,2026-06-26T13:30:49.660669+00:00
FIXED_chembl26.sdf,3206,CC[C@]1(C)NC(=O)c2cc(S(=O)(=O)Nc3ccc(C(F)(F)F)cc3)ccc2NC1=O,6.9,experimental,,,aniline,,2026-06-26T13:30:51.496454+00:00
FIXED_chembl26.sdf,3217,CC1(C)O[C@H]2CC(=O)OC[C@]23[C@H]2CC[C@@]4(C)[C@H](c5ccoc5)OC(=O)[C@H]5O[C@]54[C@]2(C)/C(=N\OCCN2CCCCC2)C[C@@H]13.Cl,8.87,experimental,,,imine,,2026-06-26T13:31:15.015039+00:00
FIXED_chembl26.sdf,3218,CC1(C)O[C@H]2CC(=O)OC[C@]23[C@H]2CC[C@@]4(C)[C@H](c5ccoc5)OC(=O)[C@H]5O[C@]54[C@]2(C)/C(=N\OCCN2CCOCC2)C[C@@H]13.Cl,6.11,experimental,,,imine,,2026-06-26T13:31:17.902621+00:00
FIXED_chembl26.sdf,3219,CCN(CC)CCO/N=C1/C[C@H]2C(C)(C)O[C@H]3CC(=O)OC[C@]32[C@H]2CC[C@@]3(C)[C@H](c4ccoc4)OC(=O)[C@H]4O[C@]43[C@]12C.Cl,9.17,experimental,,,tertiary_amine,,2026-06-26T13:31:22.689385+00:00
FIXED_chembl26.sdf,3220,CN(C)CCCO/N=C1/C[C@H]2C(C)(C)O[C@H]3CC(=O)OC[C@]32[C@H]2CC[C@@]3(C)[C@H](c4ccoc4)OC(=O)[C@H]4O[C@]43[C@]12C.Cl,9.28,experimental,,,tertiary_amine,,2026-06-26T13:31:24.487005+00:00
FIXED_chembl26.sdf,3221,CN(C)CCO/N=C1/C[C@H]2C(C)(C)O[C@H]3CC(=O)OC[C@]32[C@H]2CC[C@@]3(C)[C@H](c4ccoc4)OC(=O)[C@H]4O[C@]43[C@]12C.Cl,8.78,experimental,,,tertiary_amine,,2026-06-26T13:31:25.673506+00:00
FIXED_chembl26.sdf,3222,CC1(C)O[C@H]2CC(=O)OC[C@]23[C@H]2CC[C@]4(C)C(=CC(=O)O[C@H]4c4ccoc4)[C@]2(C)/C(=N\OCCN2CCCCC2)C[C@@H]13.Cl,8.52,experimental,,,tertiary_amine,,2026-06-26T13:31:29.165019+00:00
FIXED_chembl26.sdf,3223,CC1(C)O[C@H]2CC(=O)OC[C@]23[C@H]2CC[C@]4(C)C(=CC(=O)O[C@H]4c4ccoc4)[C@]2(C)/C(=N\OCCN2CCOCC2)C[C@@H]13.Cl,6.84,experimental,,,tertiary_amine,,2026-06-26T13:31:32.563838+00:00
FIXED_chembl26.sdf,3224,CCN(CC)CCO/N=C1/C[C@H]2C(C)(C)O[C@H]3CC(=O)OC[C@]32[C@H]2CC[C@]3(C)C(=CC(=O)O[C@H]3c3ccoc3)[C@]12C.Cl,9.49,experimental,,,tertiary_amine,,2026-06-26T13:31:36.727621+00:00
FIXED_chembl26.sdf,3225,CN(C)CCCO/N=C1/C[C@H]2C(C)(C)O[C@H]3CC(=O)OC[C@]32[C@H]2CC[C@]3(C)C(=CC(=O)O[C@H]3c3ccoc3)[C@]12C.Cl,9.39,experimental,,,tertiary_amine,,2026-06-26T13:31:39.779420+00:00
FIXED_chembl26.sdf,3226,CN(C)CCO/N=C1/C[C@H]2C(C)(C)O[C@H]3CC(=O)OC[C@]32[C@H]2CC[C@]3(C)C(=CC(=O)O[C@H]3c3ccoc3)[C@]12C.Cl,8.88,experimental,,,tertiary_amine,,2026-06-26T13:31:41.566727+00:00
FIXED_chembl26.sdf,3228,CCCN1CCO[C@H](c2cccc(O)c2)C1,7.4,experimental,,,tertiary_amine,,2026-06-26T13:31:44.868578+00:00
FIXED_chembl26.sdf,3230,CC1=Nc2c(F)cc(-c3nc(Nc4ccc(C5CCN(C)CC5)cn4)ncc3F)cc2C12CCCC2,8.19,experimental,,,tertiary_amine,,2026-06-26T13:31:48.942725+00:00
FIXED_chembl26.sdf,3231,CNc1nc2[nH]c(-c3cccc(CNC(=O)COC)n3)cc2c2c1ncn2C,2.5,experimental,,,aniline,,2026-06-26T13:31:57.822473+00:00
FIXED_chembl26.sdf,3232,C[C@H]1[C@H](C)CC[C@]2(C(=O)O)CC[C@]3(C)C(=CC[C@@H]4[C@@]5(C)CC[C@H](O)C(C)(C)[C@@H]5CC[C@]43C)[C@H]12,5.29,experimental,,,carboxylic_acid,,2026-06-26T13:32:00.042498+00:00
FIXED_chembl26.sdf,3236,CCCCCNc1nc2ccccc2n1CCc1ccccc1,7.4,experimental,,,aniline,,2026-06-26T13:32:04.056000+00:00
FIXED_chembl26.sdf,3238,CCO[C@@H]([C@H]1C[C@@H](C)[C@H]2[C@H](O1)[C@H](O)[C@@]1(C)[C@@H]3CC[C@H]4C(C)(C)[C@@H](O[C@H]5CN(C6COC6)CCO5)CC[C@@]45C[C@@]35CC[C@]21C)C(C)(C)O,5.1,experimental,,,tertiary_amine,,2026-06-26T13:32:09.072885+00:00
FIXED_chembl26.sdf,3239,CCO[C@@H]([C@H]1C[C@@H](C)[C@H]2[C@H](O1)[C@H](O)[C@@]1(C)[C@@H]3CC[C@H]4C(C)(C)[C@@H](O[C@H]5CN(CC)CCO5)CC[C@@]45C[C@@]35CC[C@]21C)C(C)(C)O,7.3,experimental,,,tertiary_amine,,2026-06-26T13:32:12.557960+00:00
FIXED_chembl26.sdf,3240,CCO[C@@H]([C@H]1C[C@@H](C)[C@H]2[C@H](O1)[C@H](O)[C@@]1(C)[C@@H]3CC[C@H]4C(C)(C)[C@@H](O[C@H]5CN(C)CCO5)CC[C@@]45C[C@@]35CC[C@]21C)C(C)(C)O,7.2,experimental,,,tertiary_amine,,2026-06-26T13:32:14.557681+00:00
FIXED_chembl26.sdf,3241,CCO[C@@H]([C@H]1C[C@@H](C)[C@H]2[C@H](O1)[C@H](O)[C@@]1(C)[C@@H]3CC[C@H]4C(C)(C)[C@@H](O[C@H]5CNCCO5)CC[C@@]45C[C@@]35CC[C@]21C)C(C)(C)O,7.8,experimental,,,secondary_amine,,2026-06-26T13:32:18.099210+00:00
FIXED_chembl26.sdf,3247,CCO[C@@H]([C@H]1C[C@@H](C)[C@H]2[C@H](O1)[C@H](O)[C@@]1(C)[C@@H]3CC[C@H]4C(C)(C)[C@@H](O[C@H]5CN(C6CNC6)CCO5)CC[C@@]45C[C@@]35CC[C@]21C)C(C)(C)O,10.7,experimental,,,tertiary_amine,,2026-06-26T13:32:36.081522+00:00
FIXED_chembl26.sdf,3276,Cc1cc(CNCc2cc(C)nn2-c2ccccc2)n(-c2ccccc2)n1,2.2,experimental,,,pyrazolidine,,2026-06-26T13:33:34.423389+00:00
FIXED_chembl26.sdf,3279,Cc1cc(COc2cc(C)nn2-c2ccc([N+](=O)[O-])cc2)n(-c2ccccc2)n1,2.0,experimental,,,pyrazolidine,,2026-06-26T13:33:42.265202+00:00
FIXED_chembl26.sdf,3280,Cc1cc(COc2cc(C)nn2-c2ccccc2)n(Cc2ccccc2)n1,2.1,experimental,,,pyrazolidine,,2026-06-26T13:33:44.028707+00:00
FIXED_chembl26.sdf,3281,Cc1cc(OCc2cc(C)nn2-c2ccccc2)n(CC2CCCCC2)n1,3.6,experimental,,,pyrazolidine,,2026-06-26T13:33:45.462703+00:00
FIXED_chembl26.sdf,3282,Cc1cc(COc2cc(C)nn2C2CCCC2)n(-c2ccccc2)n1,2.7,experimental,,,pyrazolidine,,2026-06-26T13:33:46.231182+00:00
FIXED_chembl26.sdf,3283,Cc1cc(OCc2cc(C)nn2-c2ccccc2)n(CCN)n1,2.5,experimental,,,pyrazolidine,,2026-06-26T13:33:50.851689+00:00
FIXED_chembl26.sdf,3284,Cc1cc(OCc2cc(C)nn2-c2ccccc2)n(CC(=O)O)n1,7.3,experimental,,,pyrazolidine,,2026-06-26T13:33:53.879197+00:00
FIXED_chembl26.sdf,3285,Cc1cc(OCc2cc(C)nn2-c2ccccc2)n(CC(=O)O)n1,3.4,experimental,,,pyrazolidine,,2026-06-26T13:33:55.440898+00:00
FIXED_chembl26.sdf,3286,Cc1cc(OCc2cc(C)nn2-c2ccccc2)[nH]n1,2.4,experimental,,,pyrazole,,2026-06-26T13:33:56.931890+00:00
FIXED_chembl26.sdf,3287,Cc1cc(OCc2cc(C)nn2-c2ccccc2)[nH]n1,12.5,experimental,,,pyrazole,,2026-06-26T13:34:01.046743+00:00
FIXED_chembl26.sdf,3288,Cc1cc(O)n(Cc2cc(C)nn2-c2ccccc2)n1,2.3,experimental,,,pyrazolidine,,2026-06-26T13:34:02.589858+00:00
FIXED_chembl26.sdf,3289,Cc1cc(O)n(Cc2cc(C)nn2-c2ccccc2)n1,8.4,experimental,,,pyrazolidine,,2026-06-26T13:34:03.798596+00:00
FIXED_chembl26.sdf,3290,Cc1cc(OCC2CCCN2Cc2ccccc2)n(-c2ccccc2)n1,2.4,experimental,,,pyrazolidine,,2026-06-26T13:34:05.725680+00:00
FIXED_chembl26.sdf,3291,N#Cc1ccc(S(=O)(=O)Nc2ccc3cc[nH]c(=O)c3c2)cc1,6.93,experimental,,,pyridine,,2026-06-26T13:34:09.683071+00:00
FIXED_chembl26.sdf,3292,N#Cc1ccc(S(=O)(=O)Nc2cc3c(=O)[nH]ccc3cc2F)cc1,5.97,experimental,,,pyridine,,2026-06-26T13:34:11.366677+00:00
FIXED_chembl26.sdf,3293,O=c1ccc2c([C@@H](O)CNCCc3ccc(Nc4ccc(OCCN5CCNCC5)cc4)cc3)ccc(O)c2[nH]1,9.1,experimental,,,tertiary_amine,,2026-06-26T13:34:15.825094+00:00
FIXED_chembl26.sdf,3294,Cc1nc2ccccc2n1C1CC2CCC(C1)N2CC[C@H](NC(=O)C1CCC1)c1ccccc1,7.8,experimental,,,tertiary_amine,,2026-06-26T13:34:19.596255+00:00
FIXED_chembl26.sdf,3295,Cc1nc2ccccc2n1C1CC2COCC(C1)N2CC[C@H](NC(=O)C1CCC1)c1ccccc1,6.0,experimental,,,benzimidazole,,2026-06-26T13:34:24.094900+00:00
FIXED_chembl26.sdf,3296,Cc1nn(-c2ccc(F)cc2)c(NS(=O)(=O)c2ccc(C#N)cc2)c1C(=O)N[C@@H](C)C(C)(C)C,3.0,experimental,,,pyrazolidine,,2026-06-26T13:34:27.892791+00:00
FIXED_chembl26.sdf,3297,Cc1ccc(S(=O)(=O)Nc2c(C(=O)N[C@@H](C)C(C)(C)C)c(C)nn2-c2ccccc2)cc1,3.9,experimental,,,pyrazolidine,,2026-06-26T13:34:29.689204+00:00
FIXED_chembl26.sdf,3298,O=C(NOCCO)c1ccc2cncn2c1Nc1ccc(I)cc1F,4.3,experimental,,,pyridine,,2026-06-26T13:34:34.633055+00:00
FIXED_chembl26.sdf,3299,O=C(NOCCO)c1ncc2cncn2c1Nc1ccc(I)cc1F,2.03,experimental,,,pyrazine,,2026-06-26T13:34:37.947944+00:00
FIXED_chembl26.sdf,3300,CCNC(=O)Nc1cc(-c2nc(C(F)(F)F)cs2)c(-c2cncc(C(=O)O)c2)cn1,3.5,experimental,,,carboxylic_acid,,2026-06-26T13:34:40.828362+00:00
FIXED_chembl26.sdf,3301,CCNC(=O)Nc1cc(-c2nc(C(F)(F)F)cs2)c(-c2cncc(C(=O)O)c2)cn1,3.7,experimental,,,carboxylic_acid,,2026-06-26T13:34:45.181861+00:00
FIXED_chembl26.sdf,3302,CCNC(=O)Nc1cc(-c2nc(C(F)(F)F)cs2)c(-c2cc3ncccc3nc2N2CCN(C)CC2)cn1,7.4,experimental,,,tertiary_amine,,2026-06-26T13:34:49.959784+00:00
FIXED_chembl26.sdf,3303,CCNC(=O)Nc1cc(-c2nc(C(F)(F)F)cs2)c(-c2cc3ncccc3nc2N2C3CC2CN(C)C3)cn1,7.6,experimental,,,tertiary_amine,,2026-06-26T13:34:51.510386+00:00
FIXED_chembl26.sdf,3304,CCNC(=O)Nc1cc(-c2nc(C(F)(F)F)cs2)c(-c2cc3ncccc3nc2N2C3CCC2CN(C)C3)cn1,7.8,experimental,,,tertiary_amine,,2026-06-26T13:34:53.232154+00:00
FIXED_chembl26.sdf,3305,CCNC(=O)Nc1cc(-c2nc(C(F)(F)F)cs2)c(-c2cc3ncccc3nc2N2CCC(N)CC2)cn1,9.3,experimental,,,primary_amine,,2026-06-26T13:34:55.305132+00:00
FIXED_chembl26.sdf,3306,CCNC(=O)Nc1cc(-c2nc(C(F)(F)F)cs2)c(-c2cc3ncccc3nc2N2[C@@H]3CC[C@H]2C[C@@H](N)C3)cn1,9.2,experimental,,,primary_amine,,2026-06-26T13:34:56.430761+00:00
FIXED_chembl26.sdf,3307,CCNC(=O)Nc1cc(-c2nc(C(F)(F)F)cs2)c(-c2cc3ncccc3nc2N2CC3CCC2CN3)cn1,9.2,experimental,,,secondary_amine,,2026-06-26T13:34:58.406794+00:00
FIXED_chembl26.sdf,3308,CCNC(=O)Nc1cc(-c2nc(C(F)(F)F)cs2)c(-c2cc3ncccc3nc2N2CC3CCCC(C2)N3)cn1,9.2,experimental,,,secondary_amine,,2026-06-26T13:34:59.856210+00:00
FIXED_chembl26.sdf,3309,Oc1cc(C2CCNCC2)[nH]n1,6.7,experimental,,,pyrazole,,2026-06-26T13:35:02.826440+00:00
FIXED_chembl26.sdf,3310,CC1CCc2c(N3CCC(O)CC3)c(F)cc3c(=O)c(C(=O)O)cn1c23,6.8,experimental,,,aniline,,2026-06-26T13:35:06.966144+00:00
FIXED_chembl26.sdf,3311,N[C@@H]1[C@H]2CN(c3nc4c(cc3F)c(=O)c(C(=O)O)cn4-c3ccc(F)cc3F)C[C@@H]12,4.45,experimental,,,carboxylic_acid,,2026-06-26T13:35:09.254099+00:00
FIXED_chembl26.sdf,3312,C[C@@H]1CN(c2c(F)c(N)c3c(=O)c(C(=O)O)cn(C4CC4)c3c2F)C[C@H](C)N1,6.43,experimental,,,aniline,,2026-06-26T13:35:13.958232+00:00
FIXED_chembl26.sdf,3313,C[C@@H]1CN(c2c(F)c(N)c3c(=O)c(C(=O)O)cn(C4CC4)c3c2F)C[C@H](C)N1,9.38,experimental,,,secondary_amine,,2026-06-26T13:35:17.737197+00:00
FIXED_chembl26.sdf,3314,COc1c(N2CCNC(C)C2)c(F)cc2c(=O)c(C(=O)O)cn(C3CC3)c12,5.97,experimental,,,aniline,,2026-06-26T13:35:21.045607+00:00
FIXED_chembl26.sdf,3315,COc1c(N2CCNC(C)C2)c(F)cc2c(=O)c(C(=O)O)cn(C3CC3)c12,6.0,experimental,,,aniline,,2026-06-26T13:35:23.592571+00:00
FIXED_chembl26.sdf,3316,COc1c(N2CCNC(C)C2)c(F)cc2c(=O)c(C(=O)O)cn(C3CC3)c12,9.82,experimental,,,secondary_amine,,2026-06-26T13:35:26.463344+00:00
FIXED_chembl26.sdf,3317,COc1c(N2C[C@@H]3CCCN[C@@H]3C2)c(F)cc2c(=O)c(C(=O)O)cn(C3CC3)c12,6.2,experimental,,,aniline,,2026-06-26T13:35:29.341910+00:00
FIXED_chembl26.sdf,3318,COc1c(N2C[C@@H]3CCCN[C@@H]3C2)c(F)cc2c(=O)c(C(=O)O)cn(C3CC3)c12,9.14,experimental,,,secondary_amine,,2026-06-26T13:35:32.016392+00:00
FIXED_chembl26.sdf,3319,O=C(O)c1cn(C2CC2)c2cc(N3CCNCC3)c(F)cc2c1=O,6.39,experimental,,,aniline,,2026-06-26T13:35:35.411236+00:00
FIXED_chembl26.sdf,3320,O=C(O)c1cn(C2CC2)c2cc(N3CCNCC3)c(F)cc2c1=O,6.2,experimental,,,aniline,,2026-06-26T13:35:37.755554+00:00
FIXED_chembl26.sdf,3321,O=C(O)c1cn(C2CC2)c2cc(N3CCNCC3)c(F)cc2c1=O,8.68,experimental,,,secondary_amine,,2026-06-26T13:35:39.848855+00:00
FIXED_chembl26.sdf,3322,CCn1cc(C(=O)O)c(=O)c2cc(F)c(N3CCNCC3)cc21,6.54,experimental,,,carboxylic_acid,,2026-06-26T13:35:41.931332+00:00
FIXED_chembl26.sdf,3323,CCn1cc(C(=O)O)c(=O)c2cc(F)c(N3CCNCC3)cc21,8.7,experimental,,,secondary_amine,,2026-06-26T13:35:44.065572+00:00
FIXED_chembl26.sdf,3324,CCn1cc(C(=O)O)c(=O)c2cc(F)c(N3CCNCC3)cc21,4.4,experimental,,,carboxylic_acid,,2026-06-26T13:35:46.390884+00:00
FIXED_chembl26.sdf,3325,CCn1cc(C(=O)O)c(=O)c2cc(F)c(N3CCNCC3)cc21,2.08,experimental,,,carboxylic_acid,,2026-06-26T13:35:47.845781+00:00
FIXED_chembl26.sdf,3326,CCn1cc(C(=O)O)c(=O)c2cc(F)c(N3CCNCC3)cc21,6.3,experimental,,,carboxylic_acid,,2026-06-26T13:35:49.035998+00:00
FIXED_chembl26.sdf,3327,CCn1cc(C(=O)O)c(=O)c2cc(F)c(N3CCNCC3)cc21,8.8,experimental,,,secondary_amine,,2026-06-26T13:35:50.874938+00:00
FIXED_chembl26.sdf,3328,CCn1cc(C(=O)O)c(=O)c2cc(F)c(N3CCN(C)CC3)cc21,6.15,experimental,,,carboxylic_acid,,2026-06-26T13:35:52.518368+00:00
FIXED_chembl26.sdf,3329,CCn1cc(C(=O)O)c(=O)c2cc(F)c(N3CCN(C)CC3)cc21,9.97,experimental,,,aniline,,2026-06-26T13:35:53.806920+00:00
FIXED_chembl26.sdf,3330,C[C@H]1COc2c(N3CCN(C)CC3)c(F)cc3c(=O)c(C(=O)O)cn1c23,6.1,experimental,,,carboxylic_acid,,2026-06-26T13:35:56.262984+00:00
FIXED_chembl26.sdf,3331,C[C@H]1COc2c(N3CCN(C)CC3)c(F)cc3c(=O)c(C(=O)O)cn1c23,8.5,experimental,,,tertiary_amine,,2026-06-26T13:35:59.409420+00:00
FIXED_chembl26.sdf,3332,C[C@H]1COc2c(N3CCN(C)CC3)c(F)cc3c(=O)c(C(=O)O)cn1c23,6.0,experimental,,,carboxylic_acid,,2026-06-26T13:36:02.444444+00:00
FIXED_chembl26.sdf,3333,C[C@H]1COc2c(N3CCN(C)CC3)c(F)cc3c(=O)c(C(=O)O)cn1c23,5.1,experimental,,,carboxylic_acid,,2026-06-26T13:36:04.123839+00:00
FIXED_chembl26.sdf,3334,C[C@H]1COc2c(N3CCN(C)CC3)c(F)cc3c(=O)c(C(=O)O)cn1c23,8.12,experimental,,,tertiary_amine,,2026-06-26T13:36:05.770052+00:00
FIXED_chembl26.sdf,3335,Nc1ccc(OS(=O)(=O)O)cc1Cl,2.4,experimental,,,sulfone,,2026-06-26T13:36:08.911571+00:00
FIXED_chembl26.sdf,3344,O=C(Oc1ccc([N+](=O)[O-])cc1)c1cccc(O)c1O,8.8,experimental,,,aniline,,2026-06-26T13:36:17.436326+00:00
FIXED_chembl26.sdf,3345,CN(Cc1ccc(CNc2ccnc3cc(Cl)ccc23)cc1)Cc1ccc(N(C)C)cc1,9.66,experimental,,,tertiary_amine,,2026-06-26T13:36:19.505573+00:00
FIXED_chembl26.sdf,3346,CN(Cc1ccc(CNc2ccnc3cc(Cl)ccc23)cc1)Cc1ccc(N(C)C)cc1,7.33,experimental,,,tertiary_amine,,2026-06-26T13:36:22.640756+00:00
FIXED_chembl26.sdf,3347,CN(Cc1ccc(N(C)C)cc1)Cc1cccc(CNc2ccnc3cc(Cl)ccc23)c1,9.67,experimental,,,tertiary_amine,,2026-06-26T13:36:24.072825+00:00
FIXED_chembl26.sdf,3348,CN(Cc1ccc(N(C)C)cc1)Cc1cccc(CNc2ccnc3cc(Cl)ccc23)c1,7.36,experimental,,,tertiary_amine,,2026-06-26T13:36:25.271145+00:00
FIXED_chembl26.sdf,3349,CN(Cc1ccc(N(C)C)cc1)Cc1ccccc1CNc1ccnc2cc(Cl)ccc12,9.71,experimental,,,tertiary_amine,,2026-06-26T13:36:26.610762+00:00
FIXED_chembl26.sdf,3350,CN(Cc1ccc(N(C)C)cc1)Cc1ccccc1CNc1ccnc2cc(Cl)ccc12,7.4,experimental,,,tertiary_amine,,2026-06-26T13:36:27.681788+00:00
FIXED_chembl26.sdf,3351,COc1ccc(CN(C)Cc2ccc(CNc3ccnc4cc(Cl)ccc34)cc2)cc1,9.7,experimental,,,tertiary_amine,,2026-06-26T13:36:28.839152+00:00
FIXED_chembl26.sdf,3352,COc1ccc(CN(C)Cc2ccc(CNc3ccnc4cc(Cl)ccc34)cc2)cc1,7.44,experimental,,,tertiary_amine,,2026-06-26T13:36:30.122542+00:00
FIXED_chembl26.sdf,3353,COc1ccc(CN(C)Cc2cccc(CNc3ccnc4cc(Cl)ccc34)c2)cc1,9.67,experimental,,,tertiary_amine,,2026-06-26T13:36:31.349101+00:00
FIXED_chembl26.sdf,3354,COc1ccc(CN(C)Cc2cccc(CNc3ccnc4cc(Cl)ccc34)c2)cc1,7.38,experimental,,,tertiary_amine,,2026-06-26T13:36:32.440997+00:00
FIXED_chembl26.sdf,3355,COc1ccc(CN(C)Cc2ccccc2CNc2ccnc3cc(Cl)ccc23)cc1,9.85,experimental,,,tertiary_amine,,2026-06-26T13:36:33.848235+00:00
FIXED_chembl26.sdf,3356,COc1ccc(CN(C)Cc2ccccc2CNc2ccnc3cc(Cl)ccc23)cc1,7.47,experimental,,,tertiary_amine,,2026-06-26T13:36:35.093945+00:00
FIXED_chembl26.sdf,3357,CN(Cc1ccc(Cl)cc1)Cc1ccc(CNc2ccnc3cc(Cl)ccc23)cc1,9.74,experimental,,,tertiary_amine,,2026-06-26T13:36:36.389077+00:00
FIXED_chembl26.sdf,3358,CN(Cc1ccc(Cl)cc1)Cc1ccc(CNc2ccnc3cc(Cl)ccc23)cc1,7.44,experimental,,,tertiary_amine,,2026-06-26T13:36:37.486203+00:00
FIXED_chembl26.sdf,3359,CN(Cc1ccc(Cl)cc1)Cc1cccc(CNc2ccnc3cc(Cl)ccc23)c1,9.89,experimental,,,tertiary_amine,,2026-06-26T13:36:38.471914+00:00
FIXED_chembl26.sdf,3360,CN(Cc1ccc(Cl)cc1)Cc1cccc(CNc2ccnc3cc(Cl)ccc23)c1,7.55,experimental,,,tertiary_amine,,2026-06-26T13:36:39.410167+00:00
FIXED_chembl26.sdf,3361,CN(Cc1ccc(Cl)cc1)Cc1ccccc1CNc1ccnc2cc(Cl)ccc12,9.6,experimental,,,tertiary_amine,,2026-06-26T13:36:40.505904+00:00
FIXED_chembl26.sdf,3362,CN(Cc1ccc(Cl)cc1)Cc1ccccc1CNc1ccnc2cc(Cl)ccc12,7.44,experimental,,,tertiary_amine,,2026-06-26T13:36:41.482042+00:00
FIXED_chembl26.sdf,3363,CN(Cc1ccccc1)Cc1ccc(CNc2ccnc3cc(Cl)ccc23)cc1,9.9,experimental,,,tertiary_amine,,2026-06-26T13:36:42.456169+00:00
FIXED_chembl26.sdf,3364,CN(Cc1ccccc1)Cc1ccc(CNc2ccnc3cc(Cl)ccc23)cc1,7.56,experimental,,,tertiary_amine,,2026-06-26T13:36:43.474388+00:00
FIXED_chembl26.sdf,3365,CN(Cc1ccccc1)Cc1cccc(CNc2ccnc3cc(Cl)ccc23)c1,9.77,experimental,,,tertiary_amine,,2026-06-26T13:36:44.364065+00:00
FIXED_chembl26.sdf,3366,CN(Cc1ccccc1)Cc1cccc(CNc2ccnc3cc(Cl)ccc23)c1,7.63,experimental,,,tertiary_amine,,2026-06-26T13:36:45.205206+00:00
FIXED_chembl26.sdf,3367,CN(Cc1ccccc1)Cc1ccccc1CNc1ccnc2cc(Cl)ccc12,9.85,experimental,,,tertiary_amine,,2026-06-26T13:36:46.424756+00:00
FIXED_chembl26.sdf,3368,CN(Cc1ccccc1)Cc1ccccc1CNc1ccnc2cc(Cl)ccc12,7.57,experimental,,,tertiary_amine,,2026-06-26T13:36:47.828012+00:00
FIXED_chembl26.sdf,3369,COc1cccc2c1nc(C)c1ccn(-c3ccccc3C)c12,7.4,experimental,,,quinoline,,2026-06-26T13:36:53.526202+00:00
FIXED_chembl26.sdf,3370,COc1cccc2c3c(c(C)nc12)CCN3c1ccccc1C,9.5,experimental,,,quinoline,,2026-06-26T13:36:54.913067+00:00
FIXED_chembl26.sdf,3371,Cl.c1nc(CN2CCCNCCNCCCNCC2)cnc1CN1CCCNCCNCCCNCC1,0.65,experimental,,,pyrazine,,2026-06-26T13:36:58.355588+00:00
FIXED_chembl26.sdf,3372,Br.c1ncc(CN2CCCNCCNCCCNCC2)nc1CN1CCCNCCNCCCNCC1,5.25,experimental,,,pyrazine,,2026-06-26T13:37:00.904612+00:00
FIXED_chembl26.sdf,3373,c1ccc(CCC2CNCCNCCCNCCNC2)nc1,5.32,experimental,,,pyridine,,2026-06-26T13:37:02.573326+00:00
FIXED_chembl26.sdf,3374,Oc1cccnc1C1CCNCCNCCCNCCN1,3.6,experimental,,,pyridine,,2026-06-26T13:37:03.973177+00:00
FIXED_chembl26.sdf,3375,CCCS(=O)(=O)Nc1ccc(F)c(C(=O)Nc2cnc3[nH]nc(OC)c3c2)c1F,0.7,experimental,,,pyridine,,2026-06-26T13:37:05.532029+00:00
FIXED_chembl26.sdf,3377,CCCS(=O)(=O)Nc1ccc(F)c(NC(=O)Nc2ncnc3[nH]nc(OC)c23)c1F,1.8,experimental,,,pyrimidine,,2026-06-26T13:37:06.917991+00:00
FIXED_chembl26.sdf,3378,CCCS(=O)(=O)Nc1ccc(F)c(NC(=O)c2cccc3c(N)ncnc23)c1F,4.5,experimental,,,aniline,,2026-06-26T13:37:12.502435+00:00
FIXED_chembl26.sdf,3380,Cc1c(Cc2ccccc2S(=O)(=O)c2ccccc2)c(-c2ccccc2)nn1CC(=O)O,3.5,experimental,,,carboxylic_acid,,2026-06-26T13:37:14.968607+00:00
FIXED_chembl26.sdf,3381,CNCCCNc1c2ccccc2nc2cccc([N+](=O)[O-])c12,6.2,experimental,,,aniline,,2026-06-26T13:37:20.331112+00:00
FIXED_chembl26.sdf,3382,CN(C)CCNc1c2ccccc2nc2cccc([N+](=O)[O-])c12,4.9,experimental,,,aniline,,2026-06-26T13:37:23.444805+00:00
FIXED_chembl26.sdf,3383,O=[N+]([O-])c1cccc2nc3ccccc3c(NCCO)c12,7.2,experimental,,,aniline,,2026-06-26T13:37:27.055146+00:00
FIXED_chembl26.sdf,3384,O=[N+]([O-])c1cccc2nc3ccccc3c(NCCCO)c12,7.55,experimental,,,aniline,,2026-06-26T13:37:28.776491+00:00
FIXED_chembl26.sdf,3385,CN(C)CCCNc1c2ccccc2nc2cccc([N+](=O)[O-])c12,6.2,experimental,,,aniline,,2026-06-26T13:37:30.192003+00:00
FIXED_chembl26.sdf,3386,CN(C)CCCNc1c2ccccc2nc2cccc([N+](=O)[O-])c12,6.21,experimental,,,aniline,,2026-06-26T13:37:32.736273+00:00
FIXED_chembl26.sdf,3387,CN(C)CCCCCCNc1c2ccccc2nc2cccc([N+](=O)[O-])c12,7.4,experimental,,,tertiary_amine,,2026-06-26T13:37:35.037027+00:00
FIXED_chembl26.sdf,3388,O=[N+]([O-])c1cccc2nc3ccccc3c(NCc3ccccc3)c12,7.4,experimental,,,aniline,,2026-06-26T13:38:08.350367+00:00
FIXED_chembl26.sdf,3399,O=C1CC(c2ccccc2)CC(O)=C1Sc1ccccc1[N+](=O)[O-],2.63,experimental,,,thiophenol,,2026-06-26T13:38:32.228833+00:00
FIXED_chembl26.sdf,3400,COc1ccc(-c2cc(C(=O)O)n[nH]2)cc1,3.31,experimental,,,carboxylic_acid,,2026-06-26T13:38:34.164411+00:00
FIXED_chembl26.sdf,3401,NS(=O)(=O)C1=NN2C(=NC(=O)NS2(=O)=O)S1,7.2,experimental,,,amidine,,2026-06-26T13:38:39.473570+00:00
FIXED_chembl26.sdf,3402,NS(=O)(=O)C1=NN2CCS(=O)(=O)N=C2S1,6.7,experimental,,,amidine,,2026-06-26T13:38:41.731328+00:00
FIXED_chembl26.sdf,3403,NS(=O)(=O)c1nn2c(=O)n(CCCl)c(=O)nc2s1,7.1,experimental,,,124-s4-triazole,,2026-06-26T13:38:50.028767+00:00
FIXED_chembl26.sdf,3404,COc1cc(=O)nc2sc(S(N)(=O)=O)nn12,7.1,experimental,,,pyrimidine,,2026-06-26T13:38:53.556954+00:00
FIXED_chembl26.sdf,3405,NS(=O)(=O)c1nn2c(O)cc(=O)nc2s1,7.8,experimental,,,124-s4-triazole,,2026-06-26T13:38:55.908442+00:00
FIXED_chembl26.sdf,3406,CC(=O)/N=c1/sc(S(N)(=O)=O)nn1C,7.4,experimental,,,amidine,,2026-06-26T13:38:58.862663+00:00
FIXED_chembl26.sdf,3407,CC(=O)/N=c1/sc(S(N)(=O)=O)nn1C,7.2,experimental,,,amidine,,2026-06-26T13:39:00.388909+00:00
FIXED_chembl26.sdf,3408,CCn1c(=O)nc2sc(S(N)(=O)=O)nn2c1=O,7.3,experimental,,,124-s4-triazole,,2026-06-26T13:39:03.755724+00:00
FIXED_chembl26.sdf,3409,Cn1c(=O)nc2sc(S(N)(=O)=O)nn2c1=O,7.3,experimental,,,124-s4-triazole,,2026-06-26T13:39:06.160874+00:00
FIXED_chembl26.sdf,3410,NS(=O)(=O)c1nn2c(=O)[nH]c(=O)nc2s1,8.3,experimental,,,124-s4-triazole,,2026-06-26T13:39:09.306143+00:00
FIXED_chembl26.sdf,3411,Cn1nc(S(N)(=O)=O)s/c1=N\C(=O)C(F)(F)F,6.6,experimental,,,amidine,,2026-06-26T13:39:12.843883+00:00
FIXED_chembl26.sdf,3412,N=C(N)N/N=C/c1ccc(Cl)c(Cl)c1,8.4,experimental,,,guanidine,,2026-06-26T13:39:17.944012+00:00
FIXED_chembl26.sdf,3416,Cc1ccc(-c2cc3c(NCP(=O)(O)O)ncnc3s2)cc1,6.8,experimental,,,pyrimidine,,2026-06-26T13:39:21.681074+00:00
FIXED_chembl26.sdf,3417,Cc1ccc(-c2cc3c(CCP(=O)(O)O)ncnc3s2)cc1,7.7,experimental,,,pyrimidine,,2026-06-26T13:39:23.307373+00:00
FIXED_chembl26.sdf,3418,O=C([O-])c1ccc(-c2ccc(Cl)c(O[C@H]3O[C@H](CO)[C@@H](O)[C@H](O)[C@@H]3O)c2)cc1.[Na+],3.41,experimental,,,carboxylate,,2026-06-26T13:39:25.974710+00:00
FIXED_chembl26.sdf,3419,O=C([O-])c1ccc(-c2cccc(O[C@H]3O[C@H](CO)[C@@H](O)[C@H](O)[C@@H]3O)c2)cc1.[Na+],3.6,experimental,,,carboxylate,,2026-06-26T13:39:27.441778+00:00
FIXED_chembl26.sdf,3420,O=C([O-])c1ccc(-c2ccc(O[C@H]3O[C@H](CO)[C@@H](O)[C@H](O)[C@@H]3O)cc2)cc1.[Na+],3.88,experimental,,,carboxylate,,2026-06-26T13:39:28.473298+00:00
FIXED_chembl26.sdf,3421,O=C([O-])c1ccc(-c2ccc(O[C@H]3O[C@H](CO)[C@@H](O)[C@H](O)[C@@H]3O)cc2Cl)cc1.[Na+],3.95,experimental,,,carboxylate,,2026-06-26T13:39:29.803332+00:00
FIXED_chembl26.sdf,3422,O=C([O-])c1ccc(-c2ccc(O[C@H]3O[C@H](CO)[C@@H](O)[C@H](O)[C@@H]3O)c(Cl)c2)cc1.[Na+],3.98,experimental,,,carboxylate,,2026-06-26T13:39:30.839496+00:00
FIXED_chembl26.sdf,3423,CN(C)[C@@H]1CCC[C@H]1Nc1nc(Nc2ccc3c(c2)CS(=O)(=O)N3)ncc1C(F)(F)F,9.26,experimental,,,tertiary_amine,,2026-06-26T13:39:34.951324+00:00
FIXED_chembl26.sdf,3424,CN(C)[C@@H]1CCC[C@H]1Nc1nc(Nc2ccc3c(c2)CC(=O)N3)ncc1C(F)(F)F,13.67,experimental,,,tertiary_amine,,2026-06-26T13:39:44.488285+00:00
FIXED_chembl26.sdf,3425,CS(=O)(=O)Nn1c(=O)[nH]c2cc(Cl)ccc2c1=O,6.9,experimental,,,pyrimidine,,2026-06-26T13:39:48.706695+00:00
FIXED_chembl26.sdf,3426,CC(C)NCC(O)COc1ccc(CC(N)=O)cc1,9.6,experimental,,,amide_primary,,2026-06-26T13:39:52.477776+00:00
FIXED_chembl26.sdf,3436,CC1(C)S[C@@H]2[C@H](NC(=O)[C@H](N)c3ccc(O)cc3)C(=O)N2[C@H]1C(=O)O,9.61,experimental,,,phenol,,2026-06-26T13:40:12.875727+00:00
FIXED_chembl26.sdf,3475,CCOc1cc(NC(=O)C2(NC(=O)c3ccc4c(C5CCCC5)c(-c5ncc(Cl)cn5)n(C)c4c3)CCC2)ccc1/C=C/C(=O)OCCN(C)C,7.7,experimental,,,tertiary_amine,,2026-06-26T13:41:45.051158+00:00
FIXED_chembl26.sdf,3477,CCOc1cc(NC(=O)C2(NC(=O)c3ccc4c(C5CCCC5)c(-c5ncc(Cl)cn5)n(C)c4c3)CCC2)ccc1/C=C/C(=O)OCCN1CCCC1,7.7,experimental,,,tertiary_amine,,2026-06-26T13:41:50.739087+00:00
FIXED_chembl26.sdf,3478,CCOc1cc(NC(=O)C2(NC(=O)c3ccc4c(C5CCCC5)c(-c5ncc(Cl)cn5)n(C)c4c3)CCC2)ccc1/C=C/C(=O)OCCN1CCN(C)CC1,7.7,experimental,,,tertiary_amine,,2026-06-26T13:41:52.344874+00:00
FIXED_chembl26.sdf,3480,Cc1oc2ccccc2c(=O)c1C(=O)c1cc(I)c(O)c(I)c1,4.89,experimental,,,phenol,,2026-06-26T13:41:59.691133+00:00
FIXED_chembl26.sdf,3481,CCc1oc2ccccc2c(=O)c1C(=O)c1ccc(O)cc1,7.74,experimental,,,phenol,,2026-06-26T13:42:01.622750+00:00
FIXED_chembl26.sdf,3482,Cc1oc2ccccc2c(=O)c1C(=O)c1ccc(O)cc1,7.74,experimental,,,phenol,,2026-06-26T13:42:03.057673+00:00
FIXED_chembl26.sdf,3483,CCc1oc2ccccc2c(=O)c1C(=O)c1cc(Br)c(O)c(Br)c1,4.72,experimental,,,phenol,,2026-06-26T13:42:04.044592+00:00
FIXED_chembl26.sdf,3484,CCCc1oc2ccccc2c(=O)c1C(=O)c1cc(I)c(O)c(I)c1,4.89,experimental,,,phenol,,2026-06-26T13:42:05.230103+00:00
FIXED_chembl26.sdf,3485,CCc1oc2ccccc2c(=O)c1C(=O)c1cc(I)c(O)c(I)c1,4.89,experimental,,,phenol,,2026-06-26T13:42:06.317038+00:00
FIXED_chembl26.sdf,3486,CCCc1oc2ccccc2c(=O)c1C(=O)c1ccc(O)cc1,7.74,experimental,,,phenol,,2026-06-26T13:42:07.381878+00:00
FIXED_chembl26.sdf,3487,C=C(C)[C@@H]1CC[C@]2(CNCCN3CCOCC3)CC[C@]3(C)[C@H](CC[C@@H]4[C@@]5(C)CC=C(c6ccc(C(=O)O)cc6)C(C)(C)[C@@H]5CC[C@]43C)[C@@H]12,8.2,experimental,,,tertiary_amine,,2026-06-26T13:42:10.330995+00:00
FIXED_chembl26.sdf,3488,C=C(C)[C@@H]1CC[C@]2(CNCCCN3CCOCC3)CC[C@]3(C)[C@H](CC[C@@H]4[C@@]5(C)CC=C(c6ccc(C(=O)O)cc6)C(C)(C)[C@@H]5CC[C@]43C)[C@@H]12,8.2,experimental,,,tertiary_amine,,2026-06-26T13:42:11.680677+00:00
FIXED_chembl26.sdf,3489,C=C(C)[C@@H]1CC[C@]2(CNCCN3CCC(F)(F)CC3)CC[C@]3(C)[C@H](CC[C@@H]4[C@@]5(C)CC=C(c6ccc(C(=O)O)cc6)C(C)(C)[C@@H]5CC[C@]43C)[C@@H]12,8.6,experimental,,,tertiary_amine,,2026-06-26T13:42:16.373343+00:00
FIXED_chembl26.sdf,3490,O=C(O)c1ccc(Nc2c3ccccc3nc3ccccc23)cc1,7.17,experimental,,,aniline,,2026-06-26T13:42:21.166189+00:00
FIXED_chembl26.sdf,3491,O=C(O)c1ccc(Nc2c3ccccc3nc3ccccc23)cc1,4.2,experimental,,,carboxylic_acid,,2026-06-26T13:42:23.698562+00:00
FIXED_chembl26.sdf,3492,COc1cc(C(=O)O)ccc1Nc1c2ccccc2nc2ccccc12.Cl,7.41,experimental,,,aniline,,2026-06-26T13:42:28.219506+00:00
FIXED_chembl26.sdf,3493,Cl.Nc1ccc2c(Nc3ccc(C(=O)O)cc3)c3ccccc3nc2c1,8.9,experimental,,,aniline,,2026-06-26T13:42:31.716168+00:00
FIXED_chembl26.sdf,3494,CS(=O)(=O)Nc1ccc(Nc2cc(N=[N+]=[N-])nc3ccccc23)cc1,7.0,experimental,,,aniline,,2026-06-26T13:42:35.596882+00:00
FIXED_chembl26.sdf,3495,CC(=O)Nc1ccc2c(Nc3ccc(C(=O)O)cc3)c3ccccc3nc2c1.Cl,7.42,experimental,,,aniline,,2026-06-26T13:42:39.596318+00:00
FIXED_chembl26.sdf,3496,CS(=O)(=O)Nc1ccc(Nc2c3ccccc3nc3c(C(N)=O)cccc23)cc1.Cl,6.12,experimental,,,aniline,,2026-06-26T13:42:42.672647+00:00
FIXED_chembl26.sdf,3497,O=C(O)c1cccc(Nc2c3ccccc3nc3ccccc23)c1,7.62,experimental,,,aniline,,2026-06-26T13:42:47.143556+00:00
FIXED_chembl26.sdf,3498,CS(=O)(=O)Nc1cccc(Nc2c3ccccc3nc3ccccc23)c1,6.85,experimental,,,aniline,,2026-06-26T13:42:53.003828+00:00
FIXED_chembl26.sdf,3500,Cl.O=C(O)c1ccccc1Nc1c2ccccc2nc2ccccc12,7.28,experimental,,,aniline,,2026-06-26T13:42:55.877522+00:00
FIXED_chembl26.sdf,3501,O=C(O)Cc1ccc(Nc2c3ccccc3nc3ccccc23)cc1,7.92,experimental,,,aniline,,2026-06-26T13:42:58.947641+00:00
FIXED_chembl26.sdf,3502,Cl.O=C(O)Cc1cccc(Nc2c3ccccc3nc3ccccc23)c1,7.82,experimental,,,aniline,,2026-06-26T13:43:00.673331+00:00
FIXED_chembl26.sdf,3503,Cl.O=C(O)Cc1ccccc1Nc1c2ccccc2nc2ccccc12,8.12,experimental,,,aniline,,2026-06-26T13:43:01.840626+00:00
FIXED_chembl26.sdf,3504,O=C(O)/C=C/c1ccc(Nc2c3ccccc3nc3ccccc23)cc1,7.17,experimental,,,aniline,,2026-06-26T13:43:03.140587+00:00
FIXED_chembl26.sdf,3505,O=C(O)COc1ccc(Nc2c3ccccc3nc3ccccc23)cc1,8.19,experimental,,,aniline,,2026-06-26T13:43:06.556877+00:00
FIXED_chembl26.sdf,3506,CS(=O)(=O)O.NC(=O)Cc1ccc(Nc2c3ccccc3nc3ccccc23)cc1,7.43,experimental,,,aniline,,2026-06-26T13:43:10.207415+00:00
FIXED_chembl26.sdf,3508,O=S(=O)(O)c1ccc(Nc2c3ccccc3nc3ccccc23)cc1,6.87,experimental,,,aniline,,2026-06-26T13:43:12.514569+00:00
FIXED_chembl26.sdf,3509,O=S(=O)(O)Cc1ccc(Nc2c3ccccc3nc3ccccc23)cc1,7.64,experimental,,,aniline,,2026-06-26T13:43:14.114083+00:00
FIXED_chembl26.sdf,3510,Cl.NS(=O)(=O)Cc1ccc(Nc2c3ccccc3nc3ccccc23)cc1,7.05,experimental,,,aniline,,2026-06-26T13:43:16.289492+00:00
FIXED_chembl26.sdf,3511,Cl.NS(=O)(=O)CCc1ccc(Nc2c3ccccc3nc3ccccc23)cc1,7.43,experimental,,,aniline,,2026-06-26T13:43:17.777275+00:00
FIXED_chembl26.sdf,3512,O=[N+]([O-])c1ccc(Nc2c3ccccc3nc3ccccc23)cc1,5.58,experimental,,,aniline,,2026-06-26T13:43:20.083650+00:00
FIXED_chembl26.sdf,3514,Cl.N#Cc1ccc(Cc2c3ccccc3nc3ccccc23)cc1,5.93,experimental,,,quinoline,,2026-06-26T13:43:22.509280+00:00
FIXED_chembl26.sdf,3515,CC(=O)c1ccc(Cc2c3ccccc3nc3ccccc23)cc1.Cl,6.12,experimental,,,quinoline,,2026-06-26T13:43:23.623013+00:00
FIXED_chembl26.sdf,3518,O=S(=O)(Nc1ccc(Cc2c3ccccc3nc3ccccc23)cc1)c1ccccc1,7.09,experimental,,,aniline,,2026-06-26T13:43:26.890782+00:00
FIXED_chembl26.sdf,3520,CC(=O)Nc1ccc(Cc2c3ccccc3nc3ccccc23)cc1,7.51,experimental,,,quinoline,,2026-06-26T13:43:29.714483+00:00
FIXED_chembl26.sdf,3521,COC(=O)Nc1ccc(Cc2c3ccccc3nc3ccccc23)cc1,7.64,experimental,,,quinoline,,2026-06-26T13:43:30.824365+00:00
FIXED_chembl26.sdf,3523,CNC(=O)Nc1ccc(Cc2c3ccccc3nc3ccccc23)cc1,7.77,experimental,,,quinoline,,2026-06-26T13:43:31.611531+00:00
FIXED_chembl26.sdf,3524,COc1ccc(Cc2c3ccccc3nc3ccccc23)cc1,7.94,experimental,,,quinoline,,2026-06-26T13:43:32.334487+00:00
FIXED_chembl26.sdf,3525,Nc1ccc(Cc2c3ccccc3nc3ccccc23)cc1,8.36,experimental,,,quinoline,,2026-06-26T13:43:33.023780+00:00
FIXED_chembl26.sdf,3526,COc1cc(NS(C)(=O)=O)ccc1Cc1c2ccccc2nc2cc([N+](=O)[O-])ccc12,5.72,experimental,,,quinoline,,2026-06-26T13:43:34.924642+00:00
FIXED_chembl26.sdf,3527,COc1cc(NS(C)(=O)=O)ccc1Cc1c2ccc([N+](=O)[O-])cc2nc2cc([N+](=O)[O-])ccc12,3.82,experimental,,,quinoline,,2026-06-26T13:43:35.962607+00:00
FIXED_chembl26.sdf,3528,COc1cc(NS(C)(=O)=O)ccc1Cc1c2c(nc3ccccc13)CC(=N)C=C2,5.53,experimental,,,quinoline,,2026-06-26T13:43:41.620830+00:00
FIXED_chembl26.sdf,3529,COc1cc(NS(C)(=O)=O)ccc1Cc1c2c(nc3ccccc13)C(=N)CC=C2,6.09,experimental,,,aniline,,2026-06-26T13:43:45.700424+00:00
FIXED_chembl26.sdf,3530,CN1CC[C@H]2CCC[C@@H](NC(=O)c3ccccc3)[C@H]2C1,9.18,experimental,,,tertiary_amine,,2026-06-26T13:43:48.547207+00:00
FIXED_chembl26.sdf,3531,CN1CC[C@H]2CCC[C@@H](NC(=O)c3ccccc3)[C@@H]2C1,8.99,experimental,,,tertiary_amine,,2026-06-26T13:43:49.705389+00:00
FIXED_chembl26.sdf,3532,COc1ccccc1C(=O)N[C@@H]1CCC[C@@H]2CCN(C)C[C@@H]21,9.11,experimental,,,tertiary_amine,,2026-06-26T13:43:51.882470+00:00
FIXED_chembl26.sdf,3533,COc1ccccc1C(=O)N[C@@H]1CCC[C@@H]2CCN(C)C[C@H]21,8.81,experimental,,,tertiary_amine,,2026-06-26T13:43:53.084398+00:00
FIXED_chembl26.sdf,3534,COc1ccc(C(=O)N[C@@H]2CCC[C@@H]3CCN(C)C[C@@H]32)cc1,9.19,experimental,,,tertiary_amine,,2026-06-26T13:43:54.117160+00:00
FIXED_chembl26.sdf,3535,COc1ccc(C(=O)N[C@@H]2CCC[C@@H]3CCN(C)C[C@H]32)cc1OC,8.89,experimental,,,tertiary_amine,,2026-06-26T13:43:56.207083+00:00
FIXED_chembl26.sdf,3536,COc1cc(C(=O)N[C@@H]2CCC[C@@H]3CCN(C)C[C@@H]32)cc(OC)c1OC,9.02,experimental,,,tertiary_amine,,2026-06-26T13:43:58.599021+00:00
FIXED_chembl26.sdf,3537,COc1cc(C(=O)N[C@@H]2CCC[C@@H]3CCN(C)C[C@H]32)cc(OC)c1OC,8.75,experimental,,,tertiary_amine,,2026-06-26T13:43:59.854834+00:00
FIXED_chembl26.sdf,3538,CN1CC[C@H]2CCC[C@@H](NC(=O)c3ccc(Cl)cc3)[C@@H]2C1,8.83,experimental,,,tertiary_amine,,2026-06-26T13:44:01.855253+00:00
FIXED_chembl26.sdf,3539,CN1CC[C@H]2CCC[C@@H](NC(=O)c3ccc(Cl)c(Cl)c3)[C@H]2C1,9.05,experimental,,,tertiary_amine,,2026-06-26T13:44:02.971579+00:00
FIXED_chembl26.sdf,3540,COc1cc(C(=O)O[C@@H]2CCC[C@@H]3CCN(C)C[C@@H]32)cc(OC)c1OC,8.91,experimental,,,tertiary_amine,,2026-06-26T13:44:05.162817+00:00
FIXED_chembl26.sdf,3541,COc1cc(C(=O)O[C@@H]2CCC[C@@H]3CCN(C)C[C@H]32)cc(OC)c1OC,8.82,experimental,,,tertiary_amine,,2026-06-26T13:44:06.197210+00:00
FIXED_chembl26.sdf,3542,CN1CC[C@H]2CCC[C@@H](OC(=O)c3ccc(Cl)cc3)[C@H]2C1,8.9,experimental,,,tertiary_amine,,2026-06-26T13:44:07.591015+00:00
FIXED_chembl26.sdf,3543,CN1CC[C@H]2CCC[C@@H](OC(=O)c3ccc(Cl)cc3)[C@@H]2C1,8.75,experimental,,,tertiary_amine,,2026-06-26T13:44:08.660984+00:00
FIXED_chembl26.sdf,3544,CN1CC[C@H]2CCC[C@@H](OC(=O)c3ccccc3)[C@H]2C1,9.05,experimental,,,tertiary_amine,,2026-06-26T13:44:09.940609+00:00
FIXED_chembl26.sdf,3545,CN1CC[C@H]2CCC[C@@H](NS(=O)(=O)c3ccccc3)[C@H]2C1,9.17,experimental,,,tertiary_amine,,2026-06-26T13:44:10.982766+00:00
FIXED_chembl26.sdf,3546,CN1CC[C@H]2CCC[C@@H](NS(=O)(=O)c3ccccc3)[C@@H]2C1,8.87,experimental,,,tertiary_amine,,2026-06-26T13:44:11.929864+00:00
FIXED_chembl26.sdf,3547,NC(=S)N/N=C/c1ccco1,0.5,experimental,,,hydrazone,,2026-06-26T13:44:14.286710+00:00
FIXED_chembl26.sdf,3548,NC(=S)N/N=C/c1ccc[nH]1,0.5,experimental,,,hydrazone,,2026-06-26T13:44:15.527278+00:00
FIXED_chembl26.sdf,3549,N/C(S)=N/N=C/c1ccccn1,5.0,experimental,,,pyridine,,2026-06-26T13:44:20.312636+00:00
FIXED_chembl26.sdf,3550,Nc1ccc(C(=O)O)cn1,6.2,experimental,,,pyridine,,2026-06-26T13:44:22.929446+00:00
FIXED_chembl26.sdf,3552,NC1=NCC(C(=O)O)CC1,12.4,experimental,,,amidine,,2026-06-26T13:44:26.076598+00:00
FIXED_chembl26.sdf,3554,O=C(O)c1cncnc1,1.4,experimental,,,carboxylic_acid,,2026-06-26T13:44:27.761150+00:00
FIXED_chembl26.sdf,3556,O=C(O)C1CN=CNC1,12.2,experimental,,,amidine,,2026-06-26T13:44:30.033399+00:00
FIXED_chembl26.sdf,3558,Nc1ncc(C(=O)O)cn1,1.9,experimental,,,carboxylic_acid,,2026-06-26T13:44:31.859565+00:00
FIXED_chembl26.sdf,3560,NC1=NCC(C(=O)O)CN1,12.7,experimental,,,guanidine,,2026-06-26T13:44:34.416274+00:00
FIXED_chembl26.sdf,3562,CC(C)NC1=NS(=O)(=O)c2cc(F)ccc2N1,9.63,experimental,,,guanidine,,2026-06-26T13:44:37.377656+00:00
FIXED_chembl26.sdf,3563,CC1=NS(=O)(=O)c2cc(Cl)ccc2N1,8.62,experimental,,,amidine,,2026-06-26T13:44:39.880545+00:00
FIXED_chembl26.sdf,3564,CC1=NS(=O)(=O)c2cc(Cl)ccc2N1,8.5,experimental,,,amidine,,2026-06-26T13:44:41.306509+00:00
FIXED_chembl26.sdf,3566,CC(C)NC1=NS(=O)(=O)c2cc(Br)ccc2N1,9.41,experimental,,,guanidine,,2026-06-26T13:44:42.697142+00:00
FIXED_chembl26.sdf,3567,CC(C)NC1=NS(=O)(=O)c2cc(I)ccc2N1,9.28,experimental,,,guanidine,,2026-06-26T13:44:43.630065+00:00
FIXED_chembl26.sdf,3568,CC(C)NC1=NS(=O)(=O)c2cc(Cl)ccc2N1,9.51,experimental,,,guanidine,,2026-06-26T13:44:44.593478+00:00
FIXED_chembl26.sdf,3571,O=C(Cc1nc(N2CCOCC2)cc(=O)[nH]1)N1CCc2c(-c3ccncc3)cccc21,4.5,experimental,,,pyridine,,2026-06-26T13:44:48.332783+00:00
FIXED_chembl26.sdf,3572,O=C(Cc1nc(N2CCOCC2)cc(=O)[nH]1)N1CCc2c(-c3cccnc3)cccc21,4.5,experimental,,,pyridine,,2026-06-26T13:44:49.844884+00:00
FIXED_chembl26.sdf,3573,CNC(=O)O[C@H]1CCc2ccc(N3CCN(C4COC4)CC3)cc2[C@@H]1NC(=O)c1ccc(F)cc1,5.0,experimental,,,aniline,,2026-06-26T13:44:53.954948+00:00
FIXED_chembl26.sdf,3574,CNC(=O)O[C@H]1COc2ccc(N3CCN(C4COC4)CC3)cc2[C@@H]1NC(=O)c1ccc(F)cc1,5.11,experimental,,,aniline,,2026-06-26T13:44:57.333819+00:00
FIXED_chembl26.sdf,3575,Nc1ncnc2c1ncn2[C@@H]1O[C@H](CO)[C@@H](O)[C@H]1O,3.6,experimental,,,aniline,,2026-06-26T13:44:59.742732+00:00
FIXED_chembl26.sdf,3578,Cc1cc(F)ccc1-c1c(Oc2ccc(/C=C/C(=O)O)cc2)c2ccccc2oc1=O,5.3,experimental,,,carboxylic_acid,,2026-06-26T13:45:09.668602+00:00
FIXED_chembl26.sdf,3584,COC(=O)Cc1csc(=N)n1C.I,9.77,experimental,,,amidine,,2026-06-26T13:45:22.636358+00:00
FIXED_chembl26.sdf,3591,N#Cc1ccc(-c2n[nH]c3c2Cc2ccc(OCCCC4CCNCC4)cc2-3)cn1,11.0,experimental,,,secondary_amine,,2026-06-26T13:45:42.507674+00:00
FIXED_chembl26.sdf,3592,N#Cc1ccc(-c2n[nH]c3c2Cc2ccc(OCCCN4CCCCC4)cc2-3)cn1,9.1,experimental,,,tertiary_amine,,2026-06-26T13:45:45.153839+00:00
FIXED_chembl26.sdf,3593,N#Cc1ccc(-c2n[nH]c3c2Cc2ccc(OCCCN4CCCOCC4)cc2-3)cn1,9.1,experimental,,,tertiary_amine,,2026-06-26T13:45:47.116905+00:00
FIXED_chembl26.sdf,3594,CN1CCN(CCCOc2ccc3c(c2)-c2[nH]nc(-c4ccc(C#N)nc4)c2C3)CC1,9.1,experimental,,,tertiary_amine,,2026-06-26T13:45:49.837794+00:00
FIXED_chembl26.sdf,3595,N#Cc1ccc(-c2n[nH]c3c2Cc2ccc(OCCCn4ccnc4)cc2-3)cn1,7.2,experimental,,,imidazole,,2026-06-26T13:45:52.231023+00:00
FIXED_chembl26.sdf,3596,Nc1ccc(C#Cc2c3ccccc3c(C#Cc3cn([C@H]4C[C@H](O)[C@@H](CO)O4)c(=O)[nH]c3=O)c3ccccc23)cc1,3.9,experimental,,,pyrimidine,,2026-06-26T13:45:55.701528+00:00
FIXED_chembl26.sdf,3597,CNc1ccc(C#Cc2c3ccccc3c(C#Cc3cn([C@H]4C[C@H](O)[C@@H](CO)O4)c(=O)[nH]c3=O)c3ccccc23)cc1,3.7,experimental,,,pyrimidine,,2026-06-26T13:45:57.283424+00:00
FIXED_chembl26.sdf,3598,CCC(CC)Nc1ccc(C#Cc2c3ccccc3c(C#Cc3cn([C@H]4C[C@H](O)[C@@H](CO)O4)c(=O)[nH]c3=O)c3ccccc23)cc1,3.7,experimental,,,pyrimidine,,2026-06-26T13:45:58.486142+00:00
FIXED_chembl26.sdf,3599,O=c1[nH]c(=O)n([C@H]2C[C@H](O)[C@@H](CO)O2)cc1C#Cc1c2ccccc2c(C#Cc2ccc(NC3CCCCC3)cc2)c2ccccc12,3.9,experimental,,,pyrimidine,,2026-06-26T13:45:59.739389+00:00
FIXED_chembl26.sdf,3600,CCCCNc1ccc(C#Cc2c3ccccc3c(C#Cc3cn([C@H]4C[C@H](O)[C@@H](CO)O4)c(=O)[nH]c3=O)c3ccccc23)cc1,3.5,experimental,,,pyrimidine,,2026-06-26T13:46:01.404634+00:00
FIXED_chembl26.sdf,3601,CN(C)c1ccc(C#Cc2c3ccccc3c(C#Cc3cn([C@H]4C[C@H](O)[C@@H](CO)O4)c(=O)[nH]c3=O)c3ccccc23)cc1,3.0,experimental,,,pyrimidine,,2026-06-26T13:46:02.642976+00:00
FIXED_chembl26.sdf,3602,CC[C@@H](C)Nc1ncnc2c1ncn2[C@@H]1O[C@H](CO)[C@@H](O)[C@H]1O,3.7,experimental,,,aniline,,2026-06-26T13:46:05.467772+00:00
FIXED_chembl26.sdf,3603,CN(CCc1ccccc1)c1ncnc2c1ncn2C1O[C@H](CO)[C@@H](O)[C@H]1O,3.0,experimental,,,aniline,,2026-06-26T13:46:06.505414+00:00
FIXED_chembl26.sdf,3604,CCC(CC)Nc1ncnc2c1ncn2C1O[C@H](CO)[C@@H](O)[C@H]1O,3.3,experimental,,,aniline,,2026-06-26T13:46:07.860555+00:00
FIXED_chembl26.sdf,3605,C[C@H](Cc1ccccc1)Nc1ncnc2c1ncn2[C@@H]1O[C@H](CO)[C@@H](O)[C@H]1O,3.4,experimental,,,aniline,,2026-06-26T13:46:08.772908+00:00
FIXED_chembl26.sdf,3606,OC[C@H]1O[C@@H](n2cnc3c(NCCc4ccccc4)ncnc32)[C@H](O)[C@@H]1O,3.6,experimental,,,aniline,,2026-06-26T13:46:09.969354+00:00
FIXED_chembl26.sdf,3607,C[C@@H](Nc1ncnc2c1ncn2[C@@H]1O[C@H](CO)[C@@H](O)[C@H]1O)c1ccccc1,3.3,experimental,,,aniline,,2026-06-26T13:46:10.905936+00:00
FIXED_chembl26.sdf,3608,C[C@@H](c1ccccc1)N(C)c1ncnc2c1ncn2[C@@H]1O[C@H](CO)[C@@H](O)[C@H]1O,3.2,experimental,,,aniline,,2026-06-26T13:46:11.903868+00:00
FIXED_chembl26.sdf,3609,CCCCCCCCC1CCC(=O)N1CCCCCCC(=O)O,5.6,experimental,,,carboxylic_acid,,2026-06-26T13:46:14.350982+00:00
FIXED_chembl26.sdf,3610,CCCCCCCCc1c[nH]c(=O)n1CCCCCCC(=O)O,6.1,experimental,,,carboxylic_acid,,2026-06-26T13:46:16.969397+00:00
FIXED_chembl26.sdf,3611,CCCCCCCCC1C(=O)NC(=O)N1CCCCCCC(=O)O,5.6,experimental,,,carboxylic_acid,,2026-06-26T13:46:18.661259+00:00
FIXED_chembl26.sdf,3612,CCCCCC(O)CCC1CCC(=O)N1CCCCCCC(=O)O,5.25,experimental,,,carboxylic_acid,,2026-06-26T13:46:22.973573+00:00
FIXED_chembl26.sdf,3613,CS(=O)(=O)c1ccc(-c2cnc(Br)n2-c2ccc(F)c(F)c2)cc1,4.05,experimental,,,imidazole,,2026-06-26T13:46:25.500463+00:00
FIXED_chembl26.sdf,3614,CS(=O)(=O)c1ccc(-c2c(Cl)nc(Cl)n2-c2ccc(F)cc2F)cc1,1.07,experimental,,,imidazole,,2026-06-26T13:46:27.604805+00:00
FIXED_chembl26.sdf,3615,COC(=O)c1nc(-c2ccncc2)[nH]c1C(=O)OC,7.15,experimental,,,imidazole,,2026-06-26T13:46:29.910066+00:00
FIXED_chembl26.sdf,3616,COC(=O)c1nc(-c2ccncc2)[nH]c1C(=O)OC,3.98,experimental,,,imidazole,,2026-06-26T13:46:32.694019+00:00
FIXED_chembl26.sdf,3617,FC(F)(F)c1cnc(-c2ccncc2)[nH]1,9.73,experimental,,,imidazole_acidity,Reassigned from pyridine: high dissociation pKa is the neutral imidazole N-H to imidazolate transition,2026-09-16T00:00:00+00:00
FIXED_chembl26.sdf,3618,FC(F)(F)c1cnc(-c2ccncc2)[nH]1,3.76,experimental,,,imidazole,,2026-06-26T13:46:41.518535+00:00
FIXED_chembl26.sdf,3619,FC(F)(F)c1cnc(-c2cccnc2)[nH]1,10.21,experimental,,,imidazole_acidity,Reassigned from pyridine: high dissociation pKa is the neutral imidazole N-H to imidazolate transition,2026-09-16T00:00:00+00:00
FIXED_chembl26.sdf,3620,FC(F)(F)c1cnc(-c2cccnc2)[nH]1,3.5,experimental,,,imidazole,,2026-06-26T13:47:06.005394+00:00
FIXED_chembl26.sdf,3621,c1ccc2[nH]c(-c3ccncc3)nc2c1,10.95,experimental,,,pyridine,,2026-06-26T13:47:10.052050+00:00
FIXED_chembl26.sdf,3622,c1ccc2[nH]c(-c3ccncc3)nc2c1,3.85,experimental,,,benzimidazole,,2026-06-26T13:47:11.554276+00:00
FIXED_chembl26.sdf,3623,Clc1ccc2[nH]c(-c3ccncc3)nc2c1,10.0,experimental,,,pyridine,,2026-06-26T13:47:13.110992+00:00
FIXED_chembl26.sdf,3624,Clc1ccc2[nH]c(-c3ccncc3)nc2c1,3.5,experimental,,,benzimidazole,,2026-06-26T13:47:14.620273+00:00
FIXED_chembl26.sdf,3625,Clc1cc2nc(-c3ccncc3)[nH]c2cc1Cl,9.33,experimental,,,pyridine,,2026-06-26T13:47:16.228623+00:00
FIXED_chembl26.sdf,3626,Clc1cc2nc(-c3ccncc3)[nH]c2cc1Cl,3.0,experimental,,,benzimidazole,,2026-06-26T13:47:17.727796+00:00
FIXED_chembl26.sdf,3627,O=[N+]([O-])c1c[nH]cn1,9.0,experimental,,,imidazole,,2026-06-26T13:47:20.379497+00:00
FIXED_chembl26.sdf,3628,O=[N+]([O-])c1c[nH]cn1,9.2,experimental,,,imidazole,,2026-06-26T13:47:22.659696+00:00
FIXED_chembl26.sdf,3629,Cc1ccc(C[S+]([O-])c2nc3cscc3[nH]2)nc1,3.26,experimental,,,imidazole,,2026-06-26T13:47:27.575156+00:00
FIXED_chembl26.sdf,3630,COc1ccnc(C[S+]([O-])c2nc3cscc3[nH]2)c1Cl,3.55,experimental,,,imidazole,,2026-06-26T13:47:29.080354+00:00
FIXED_chembl26.sdf,3631,COc1cc(C[S+]([O-])c2nc3cscc3[nH]2)ncc1Cl,3.44,experimental,,,imidazole,,2026-06-26T13:47:30.302073+00:00
FIXED_chembl26.sdf,3632,[O-][S+](Cc1cc(OCc2ccc(C(F)(F)F)cc2)ccn1)c1nc2cscc2[nH]1,3.74,experimental,,,sulfoxide,,2026-06-26T13:47:33.849189+00:00
FIXED_chembl26.sdf,3633,COc1ccnc(C[S+]([O-])c2nc3cscc3[nH]2)c1Br,3.52,experimental,,,sulfoxide,,2026-06-26T13:47:35.228564+00:00
FIXED_chembl26.sdf,3634,COc1c(OCC(F)(F)F)ccnc1C[S+]([O-])c1nc2cscc2[nH]1,3.52,experimental,,,ether,,2026-06-26T13:47:36.306826+00:00
FIXED_chembl26.sdf,3635,[O-][S+](Cc1cc(OCC(F)(F)F)ccn1)c1nc2cscc2[nH]1,3.83,experimental,,,sulfoxide,,2026-06-26T13:47:40.135362+00:00
FIXED_chembl26.sdf,3636,COc1ccnc(C[S+]([O-])c2nc3cscc3[nH]2)c1,4.16,experimental,,,sulfoxide,,2026-06-26T13:47:41.479323+00:00
FIXED_chembl26.sdf,3637,[O-][S+](Cc1ccccn1)c1nc2cscc2[nH]1,3.05,experimental,,,sulfoxide,,2026-06-26T13:47:43.517186+00:00
FIXED_chembl26.sdf,3638,[O-][S+](Cc1cc(OCC(F)(F)C(F)(F)C(F)(F)F)ccn1)c1nc2cscc2[nH]1,3.73,experimental,,,sulfoxide,,2026-06-26T13:47:44.856016+00:00
FIXED_chembl26.sdf,3639,CCOc1ccnc(C[S+]([O-])c2nc3cscc3[nH]2)c1,3.92,experimental,,,sulfoxide,,2026-06-26T13:47:46.207762+00:00
FIXED_chembl26.sdf,3640,[O-][S+](Cc1cc(OC(C(F)(F)F)C(F)(F)F)ccn1)c1nc2cscc2[nH]1,3.5,experimental,,,sulfoxide,,2026-06-26T13:47:47.297837+00:00
FIXED_chembl26.sdf,3641,Nc1ncnc2c1c(Sc1cccc(Cl)c1)nn2CC1CCNCC1(F)F,7.1,experimental,,,secondary_amine,,2026-06-26T13:47:51.786461+00:00
FIXED_chembl26.sdf,3642,Nc1ncnc2c1c(Oc1cccc(Cl)c1)nn2CC1CCNCC1(F)F,7.1,experimental,,,secondary_amine,,2026-06-26T13:47:54.371765+00:00
FIXED_chembl26.sdf,3643,Nc1ncnc2c1c(Sc1cccc(Cl)c1)nn2CC1CCNCC1,10.4,experimental,,,secondary_amine,,2026-06-26T13:47:56.335455+00:00
FIXED_chembl26.sdf,3644,Nc1ncnc2c1c(Oc1cccc(Cl)c1)nn2CC1CCNCC1,10.4,experimental,,,secondary_amine,,2026-06-26T13:47:58.174395+00:00
FIXED_chembl26.sdf,3645,O=C(O)CN(Cc1ccccc1)S(=O)(=O)c1ccc(OC(F)F)cc1,3.4,experimental,,,carboxylic_acid,,2026-06-26T13:48:00.494209+00:00
FIXED_chembl26.sdf,3646,CC1(C)CCc2cc(S(=O)(=O)N(CC(=O)O)Cc3cccc(-c4ccccc4)c3)ccc2O1,3.4,experimental,,,carboxylic_acid,,2026-06-26T13:48:01.718568+00:00
FIXED_chembl26.sdf,3647,CC1(C)CCc2cc(S(=O)(=O)N(CC(=O)O)Cc3cccc4cccnc34)ccc2O1,2.0,experimental,,,carboxylic_acid,,2026-06-26T13:48:03.573329+00:00
FIXED_chembl26.sdf,3648,C[C@H](c1ccccc1)N(CC(=O)O)S(=O)(=O)c1ccc(OC(F)F)cc1,3.4,experimental,,,carboxylic_acid,,2026-06-26T13:48:05.008400+00:00
FIXED_chembl26.sdf,3649,C[C@H](C1=C(CCN(C)C)Cc2ccccc21)c1cnccn1,9.1,experimental,,,tertiary_amine,,2026-06-26T13:48:06.752818+00:00
FIXED_chembl26.sdf,3650,C[C@@H](c1ccccn1)c1c(CCN(C)C)sc2ccccc12,8.5,experimental,,,tertiary_amine,,2026-06-26T13:48:08.617546+00:00
FIXED_chembl26.sdf,3651,CNc1ncnc(-c2cccnc2Oc2ccc(F)c(C(=O)Nc3cc(C(F)(F)F)ccc3N(C)CCCN(C)C)c2)n1,9.5,experimental,,,tertiary_amine,,2026-06-26T13:48:11.391002+00:00
FIXED_chembl26.sdf,3672,Oc1cc(O)n2nccc2n1,3.7,experimental,,,pyrazolidine,,2026-06-26T13:48:47.662466+00:00
FIXED_chembl26.sdf,3673,Oc1cc(O)n2ncc(-c3ccccc3)c2n1,3.8,experimental,,,pyrazolidine,,2026-06-26T13:48:49.195929+00:00
FIXED_chembl26.sdf,3674,Oc1cc(O)n2ncc(-c3ccc(Br)cc3)c2n1,3.8,experimental,,,pyrazolidine,,2026-06-26T13:48:50.529489+00:00
FIXED_chembl26.sdf,3676,O=C(O)CN[C@H](CC1CCCCC1)C(=O)N(CC(=O)ONCCC1CCNCC1)C1CCCC1,11.1,experimental,,,secondary_amine,,2026-06-26T13:48:56.715534+00:00
FIXED_chembl26.sdf,3677,N=C(N)NC(=O)c1ccc(NOC(=O)CN(C(=O)[C@@H](CC2CCCCC2)NCC(=O)O)C2CCCC2)cc1,6.6,experimental,,,carboxylic_acid,,2026-06-26T13:49:01.425745+00:00
FIXED_chembl26.sdf,3678,N=C(N)NC(=O)CCNOC(=O)CN(C(=O)[C@@H](CC1CCCCC1)NCC(=O)O)C1CCCC1,7.6,experimental,,,secondary_amine,,2026-06-26T13:49:04.844545+00:00
FIXED_chembl26.sdf,3679,N=C(N)NCCCNOC(=O)CN(C(=O)[C@@H](CC1CCCCC1)NCC(=O)O)C1CCCC1,12.5,experimental,,,secondary_amine,,2026-06-26T13:49:08.457664+00:00
FIXED_chembl26.sdf,3680,NCCCCCNOC(=O)CN(C(=O)[C@@H](CC1CCCCC1)NCC(=O)O)C1CCCC1,10.6,experimental,,,primary_amine,,2026-06-26T13:49:10.331146+00:00
FIXED_chembl26.sdf,3681,Nc1n[nH]c(CCCNOC(=O)CN(C(=O)[C@@H](CC2CCCCC2)NCC(=O)O)C2CCCC2)n1,7.5,experimental,,,secondary_amine,,2026-06-26T13:49:15.444998+00:00
FIXED_chembl26.sdf,3682,O=C(O)CN[C@H](CC1CCCCC1)C(=O)N(CC(=O)ONCC1CCNCC1)C1CCCC1,11.1,experimental,,,secondary_amine,,2026-06-26T13:49:17.394704+00:00
FIXED_chembl26.sdf,3683,Nc1n[nH]c(CCNOC(=O)CN(C(=O)[C@@H](CC2CCCCC2)NCC(=O)O)C2CCCC2)n1,7.5,experimental,,,secondary_amine,,2026-06-26T13:49:19.851468+00:00
FIXED_chembl26.sdf,3684,COc1cc(OC)c(/C=C/S(=O)(=O)Cc2cnc(OC)c(N)c2)c(OC)c1,2.39,experimental,,,sulfone,,2026-06-26T13:49:24.525454+00:00
FIXED_chembl26.sdf,3685,COc1cc(OC)c(/C=C/S(=O)(=O)Cc2ccc(OC)c(N)n2)c(OC)c1,4.67,experimental,,,sulfone,,2026-06-26T13:49:26.990472+00:00
FIXED_chembl26.sdf,3686,COc1cc(OC)c(/C=C/S(=O)(=O)Cc2ccc(OC)c(NS(C)(=O)=O)n2)c(OC)c1,7.28,experimental,,,pyridine,,2026-06-26T13:49:30.289840+00:00
FIXED_chembl26.sdf,3687,COc1cc(OC)c(/C=C/S(=O)(=O)Cc2cnc(OC)c(NS(C)(=O)=O)c2)c(OC)c1,7.66,experimental,,,pyridine,,2026-06-26T13:49:31.770371+00:00
FIXED_chembl26.sdf,3688,NC1=NCc2cc(O)c(O)cc2N1,12.0,experimental,,,guanidine,,2026-06-26T13:49:34.330005+00:00
FIXED_chembl26.sdf,3689,NC1CCc2cc(O)c(O)cc2C1,9.84,experimental,,,primary_amine,,2026-06-26T13:49:37.118473+00:00
FIXED_chembl26.sdf,3690,NCCc1ccc(O)c(O)c1,9.84,experimental,,,primary_amine,,2026-06-26T13:49:38.610480+00:00
FIXED_chembl26.sdf,3691,NCCc1ccc(O)c(O)c1,8.9,experimental,,,primary_amine,,2026-06-26T13:49:39.747903+00:00
FIXED_chembl26.sdf,3692,NCCc1ccc(O)c(O)c1,10.0,experimental,,,primary_amine,,2026-06-26T13:49:40.539667+00:00
FIXED_chembl26.sdf,3693,COc1cc2c(cc1OC)NC(N)=NC2,11.1,experimental,,,guanidine,,2026-06-26T13:49:42.821713+00:00
FIXED_chembl26.sdf,3694,NC1CCc2c(ccc(O)c2O)C1,9.84,experimental,,,primary_amine,,2026-06-26T13:49:45.177833+00:00
FIXED_chembl26.sdf,3695,Clc1ccc(-n2cc(NCCN3CCOCC3)nn2)cc1Cl,6.6,experimental,,,aniline,,2026-06-26T13:49:48.962105+00:00
FIXED_chembl26.sdf,3696,Clc1ccc(Cn2cc(NCCN3CCOCC3)nn2)cc1Cl,6.7,experimental,,,aniline,,2026-06-26T13:49:51.256149+00:00
FIXED_chembl26.sdf,3697,NS(=O)(=O)c1nn2cc(-c3ccccc3)nc2s1,7.12,experimental,,,imidazole,,2026-06-26T13:49:54.649996+00:00
FIXED_chembl26.sdf,3698,CC(C)C(NC(=O)Cn1c(-c2ccccc2)cc2c(=O)n(CCN3CCOCC3)c(=O)[nH]c2c1=O)C(=O)C(F)(F)F,7.04,experimental,,,tertiary_amine,,2026-06-26T13:50:07.203002+00:00
FIXED_chembl26.sdf,3699,O=C(Nc1cc(Cl)ccc1O)OCC(Cl)Cl,10.4,experimental,,,phenol,,2026-06-26T13:50:10.286169+00:00
FIXED_chembl26.sdf,3700,CC(=O)Nc1ccc(OC(=O)Nc2cc(C(=O)c3ccccc3)ccc2O)cc1,9.49,experimental,,,phenol,,2026-06-26T13:50:13.005171+00:00
FIXED_chembl26.sdf,3701,O=C(Nc1cc(Cl)ccc1O)OCCCl,14.31,experimental,,,phenol,,2026-06-26T13:50:14.226877+00:00
FIXED_chembl26.sdf,3702,CC#CCOC(=O)Nc1cc(Cl)ccc1O,14.16,experimental,,,phenol,,2026-06-26T13:50:15.419175+00:00
FIXED_chembl26.sdf,3703,Cl.Nc1ccc(OC(=O)Nc2cc(Cl)ccc2O)cc1,10.4,experimental,,,phenol,,2026-06-26T13:50:18.029218+00:00
FIXED_chembl26.sdf,3704,O=C(Nc1cc(Cl)ccc1O)Oc1cccc(Cl)c1,9.02,experimental,,,phenol,,2026-06-26T13:50:19.523257+00:00
FIXED_chembl26.sdf,3705,COC(=O)Nc1cc(Cl)ccc1O,15.54,experimental,,,phenol,,2026-06-26T13:50:20.665927+00:00
FIXED_chembl26.sdf,3706,C#CCOC(=O)Nc1cc(Cl)ccc1O,13.55,experimental,,,phenol,,2026-06-26T13:50:21.597361+00:00
FIXED_chembl26.sdf,3707,O=C(Nc1cc(Cl)ccc1O)Oc1cccc(C(F)(F)F)c1,8.97,experimental,,,phenol,,2026-06-26T13:50:22.677443+00:00
FIXED_chembl26.sdf,3708,CC(C)(C)OC(=O)Nc1ccc(OC(=O)Nc2cc(Cl)ccc2O)cc1,9.8,experimental,,,phenol,,2026-06-26T13:50:24.257879+00:00
FIXED_chembl26.sdf,3709,COc1ccc(OC(=O)Nc2cc(Cl)ccc2O)cc1,10.21,experimental,,,phenol,,2026-06-26T13:50:25.460847+00:00
FIXED_chembl26.sdf,3710,O=C(Nc1cc(Cl)ccc1O)OCC(F)(F)F,12.4,experimental,,,phenol,,2026-06-26T13:50:27.432637+00:00
FIXED_chembl26.sdf,3711,O=C(Nc1cc(Cl)ccc1O)Oc1ccccc1,10.0,experimental,,,phenol,,2026-06-26T13:50:28.526001+00:00
FIXED_chembl26.sdf,3712,CC(=O)Nc1ccc(OC(=O)Nc2ccc(C(=O)c3ccccc3)cc2O)cc1,9.49,experimental,,,phenol,,2026-06-26T13:50:30.413111+00:00
FIXED_chembl26.sdf,3713,CCOC(=O)Nc1cc(Cl)ccc1O,16.0,experimental,,,phenol,,2026-06-26T13:50:31.609158+00:00
FIXED_chembl26.sdf,3714,CC(=O)Nc1cccc(OC(=O)Nc2cc(Cl)ccc2O)c1,9.38,experimental,,,phenol,,2026-06-26T13:50:34.565262+00:00
FIXED_chembl26.sdf,3715,O=C(Nc1cc(Cl)ccc1O)OCC(Cl)(Cl)Cl,12.65,experimental,,,phenol,,2026-06-26T13:50:35.890029+00:00
FIXED_chembl26.sdf,3716,CC(=O)Nc1ccc(OC(=O)Nc2cc(Cl)ccc2O)cc1,9.49,experimental,,,phenol,,2026-06-26T13:50:38.004447+00:00
FIXED_chembl26.sdf,3717,Nc1ccc(C(=O)O)cc1,4.67,experimental,,,carboxylic_acid,,2026-06-26T13:50:40.581965+00:00
FIXED_chembl26.sdf,3718,COc1cccc(C2(O)CCCCC2CN(C)C)c1,9.7,experimental,,,tertiary_amine,,2026-06-26T13:50:43.176745+00:00
FIXED_chembl26.sdf,3719,COc1cccc(C2(O)CCCCC2CN(C)C)c1,9.4,experimental,,,tertiary_amine,,2026-06-26T13:50:44.493691+00:00
FIXED_chembl26.sdf,3720,COc1cccc(C2(O)CCCCC2CN(C)C)c1,10.0,experimental,,,tertiary_amine,,2026-06-26T13:50:45.735007+00:00
FIXED_chembl26.sdf,3721,COc1cccc(C2(O)CCCCC2CN(C)C)c1,9.37,experimental,,,tertiary_amine,,2026-06-26T13:50:46.832680+00:00
FIXED_chembl26.sdf,3722,COc1cccc(C2(O)CCCCC2CN(C)C)c1,8.3,experimental,,,tertiary_amine,,2026-06-26T13:50:48.322513+00:00
FIXED_chembl26.sdf,3723,CSc1ccc2c(c1)N(CCC1CCCCN1C)c1ccccc1S2,8.9,experimental,,,aniline,,2026-06-26T13:50:49.504147+00:00
FIXED_chembl26.sdf,3724,CSc1ccc2c(c1)N(CCC1CCCCN1C)c1ccccc1S2,9.5,experimental,,,tertiary_amine,,2026-06-26T13:50:55.042763+00:00
FIXED_chembl26.sdf,3728,Nc1c2c(nc3ccccc13)CCCC2,10.0,experimental,,,aniline,,2026-06-26T13:50:57.370548+00:00
FIXED_chembl26.sdf,3729,Nc1c2c(nc3ccccc13)CCCC2,9.8,experimental,,,aniline,,2026-06-26T13:50:58.545030+00:00
FIXED_chembl26.sdf,3730,Nc1c2c(nc3ccccc13)CCCC2,9.95,experimental,,,aniline,,2026-06-26T13:50:59.607132+00:00
FIXED_chembl26.sdf,3733,CC(C)(C)NC(=O)[C@@H]1C[C@@H]2CCCC[C@@H]2CN1C[C@@H](O)[C@H](Cc1ccccc1)NC(=O)[C@H](CC(N)=O)NC(=O)c1ccc2ccccc2n1,6.8,experimental,,,quinoline,,2026-06-26T13:51:05.567146+00:00
FIXED_chembl26.sdf,3734,CO[C@H]1/C=C\O[C@@]2(C)Oc3c(C)c(O)c4c(O)c(c(/C=N/N5CCN(C)CC5)c(O)c4c3C2=O)NC(=O)/C(C)=C\C=C/[C@H](C)[C@H](O)[C@@H](C)[C@@H](O)[C@@H](C)[C@H](OC(C)=O)[C@@H]1C,7.6,experimental,,,tertiary_amine,,2026-06-26T13:51:10.745968+00:00
FIXED_chembl26.sdf,3735,CO[C@H]1/C=C\O[C@@]2(C)Oc3c(C)c(O)c4c(O)c(c(/C=N/N5CCN(C)CC5)c(O)c4c3C2=O)NC(=O)/C(C)=C\C=C/[C@H](C)[C@H](O)[C@@H](C)[C@@H](O)[C@@H](C)[C@H](OC(C)=O)[C@@H]1C,2.2,experimental,,,hydrazone,,2026-06-26T13:51:16.766404+00:00
FIXED_chembl26.sdf,3736,CC(C)NCC(O)COc1cccc2[nH]ccc12,9.7,experimental,,,secondary_amine,,2026-06-26T13:51:23.438887+00:00
FIXED_chembl26.sdf,3737,CC(C)NCC(O)COc1cccc2[nH]ccc12,8.8,experimental,,,secondary_amine,,2026-06-26T13:51:25.247828+00:00
FIXED_chembl26.sdf,3738,CC(C)NCC(O)COc1cccc2[nH]ccc12,2.24,experimental,,,isoquinoline,,2026-06-26T13:51:28.761763+00:00
FIXED_chembl26.sdf,3739,CC(C)NCC(O)COc1cccc2[nH]ccc12,9.54,experimental,,,secondary_amine,,2026-06-26T13:51:30.889231+00:00
FIXED_chembl26.sdf,3741,CN1CC[C@]23c4c5ccc(O)c4O[C@H]2C(=O)CC[C@@]3(O)[C@H]1C5,8.7,experimental,,,tertiary_amine,,2026-06-26T13:51:33.410663+00:00
FIXED_chembl26.sdf,3742,COc1ccc2c3c1O[C@H]1C(=O)CC[C@@]4(O)[C@@H](C2)N(C)CC[C@]314,9.1,experimental,,,tertiary_amine,,2026-06-26T13:51:35.027905+00:00
FIXED_chembl26.sdf,3743,COc1ccc2c3c1O[C@H]1C(=O)CC[C@@]4(O)[C@@H](C2)N(C)CC[C@]314,8.53,experimental,,,tertiary_amine,,2026-06-26T13:51:36.073731+00:00
FIXED_chembl26.sdf,3744,C=CCOc1ccccc1OCC(O)CNC(C)C,9.7,experimental,,,secondary_amine,,2026-06-26T13:51:38.436130+00:00
FIXED_chembl26.sdf,3745,C=CCOc1ccccc1OCC(O)CNC(C)C,9.3,experimental,,,secondary_amine,,2026-06-26T13:51:40.111913+00:00
FIXED_chembl26.sdf,3746,C=CCOc1ccccc1OCC(O)CNC(C)C,2.3,experimental,,,secondary_amine,,2026-06-26T13:52:04.862094+00:00
FIXED_chembl26.sdf,3747,C=CCOc1ccccc1OCC(O)CNC(C)C,9.57,experimental,,,secondary_amine,,2026-06-26T13:52:08.067398+00:00
FIXED_chembl26.sdf,3749,Cc1c(O)cccc1C(=O)N[C@@H](CSc1ccccc1)[C@H](O)CN1C[C@H]2CCCC[C@H]2C[C@H]1C(=O)NC(C)(C)C,6.3,experimental,,,tertiary_amine,,2026-06-26T13:52:12.609441+00:00
FIXED_chembl26.sdf,3750,Cc1c(O)cccc1C(=O)N[C@@H](CSc1ccccc1)[C@H](O)CN1C[C@H]2CCCC[C@H]2C[C@H]1C(=O)NC(C)(C)C,8.57,experimental,,,tertiary_amine,,2026-06-26T13:52:14.061567+00:00
FIXED_chembl26.sdf,3751,CC(C)(C)NCC(O)COc1cccc2c1C[C@H](O)[C@H](O)C2,9.9,experimental,,,secondary_amine,,2026-06-26T13:52:16.998352+00:00
FIXED_chembl26.sdf,3752,CC(C)(C)NCC(O)COc1cccc2c1C[C@H](O)[C@H](O)C2,9.7,experimental,,,secondary_amine,,2026-06-26T13:52:18.879774+00:00
FIXED_chembl26.sdf,3753,CC(C)(C)NCC(O)COc1cccc2c1C[C@H](O)[C@H](O)C2,2.37,experimental,,,secondary_amine,,2026-06-26T13:52:21.013686+00:00
FIXED_chembl26.sdf,3754,CC(C)(C)NCC(O)COc1cccc2c1C[C@H](O)[C@H](O)C2,9.67,experimental,,,secondary_amine,,2026-06-26T13:52:22.363685+00:00
FIXED_chembl26.sdf,3756,Cc1ncc2n1-c1ccc(Cl)cc1C(c1ccccc1F)=NC2,5.4,experimental,,,imidazole,,2026-06-26T13:52:25.492428+00:00
FIXED_chembl26.sdf,3757,Cc1ncc2n1-c1ccc(Cl)cc1C(c1ccccc1F)=NC2,6.1,experimental,,,imidazole,,2026-06-26T13:52:26.855930+00:00
FIXED_chembl26.sdf,3758,Cc1ncc2n1-c1ccc(Cl)cc1C(c1ccccc1F)=NC2,5.44,experimental,,,imidazole,,2026-06-26T13:52:27.922124+00:00
FIXED_chembl26.sdf,3759,Cc1ncc2n1-c1ccc(Cl)cc1C(c1ccccc1F)=NC2,13.59,experimental,,,imidazole,,2026-06-26T13:52:30.835602+00:00
FIXED_chembl26.sdf,3760,Cc1ncc2n1-c1ccc(Cl)cc1C(c1ccccc1F)=NC2,9.0,experimental,,,imidazole,,2026-06-26T13:52:32.460607+00:00
FIXED_chembl26.sdf,3762,CN(C)C(=O)C(CCN1CCC(O)(c2ccc(Cl)cc2)CC1)(c1ccccc1)c1ccccc1,9.0,experimental,,,tertiary_amine,,2026-06-26T13:52:37.510964+00:00
FIXED_chembl26.sdf,3763,CN(C)C(=O)C(CCN1CCC(O)(c2ccc(Cl)cc2)CC1)(c1ccccc1)c1ccccc1,8.71,experimental,,,tertiary_amine,,2026-06-26T13:52:38.910888+00:00
FIXED_chembl26.sdf,3768,NCC1(CC(=O)O)CCCCC1,10.5,experimental,,,primary_amine,,2026-06-26T13:52:48.069784+00:00
FIXED_chembl26.sdf,3769,NCC1(CC(=O)O)CCCCC1,3.9,experimental,,,carboxylic_acid,,2026-06-26T13:52:50.264804+00:00
FIXED_chembl26.sdf,3775,CC(C)Nc1cccnc1N1CCN(C(=O)c2cc3cc(NS(C)(=O)=O)ccc3[nH]2)CC1,4.5,experimental,,,sulfamide,,2026-06-26T13:53:12.615128+00:00
FIXED_chembl26.sdf,3776,COc1ccc2c3c1O[C@H]1[C@@H](O)C=C[C@H]4[C@@H](C2)N(C)CC[C@@]341,8.4,experimental,,,tertiary_amine,,2026-06-26T13:53:16.308213+00:00
FIXED_chembl26.sdf,3777,COc1ccc2c3c1O[C@H]1[C@@H](O)C=C[C@H]4[C@@H](C2)N(C)CC[C@@]341,7.9,experimental,,,tertiary_amine,,2026-06-26T13:53:18.182484+00:00
FIXED_chembl26.sdf,3778,COc1ccc2c3c1O[C@H]1[C@@H](O)C=C[C@H]4[C@@H](C2)N(C)CC[C@@]341,9.48,experimental,,,tertiary_amine,,2026-06-26T13:53:20.251862+00:00
FIXED_chembl26.sdf,3779,COc1ccc2c3c1O[C@H]1[C@@H](O)C=C[C@H]4[C@@H](C2)N(C)CC[C@@]341,8.2,experimental,,,tertiary_amine,,2026-06-26T13:53:21.715909+00:00
FIXED_chembl26.sdf,3781,COc1ccc2c3c1O[C@H]1[C@@H](O)C=C[C@H]4[C@@H](C2)N(C)CC[C@@]341,8.22,experimental,,,tertiary_amine,,2026-06-26T13:53:22.923252+00:00
FIXED_chembl26.sdf,3782,CC(NC(C)(C)C)C(=O)c1cccc(Cl)c1,8.6,experimental,,,secondary_amine,,2026-06-26T13:53:25.119811+00:00
FIXED_chembl26.sdf,3783,CC(NC(C)(C)C)C(=O)c1cccc(Cl)c1,15.43,experimental,,,secondary_amine,,2026-06-26T13:53:26.358150+00:00
FIXED_chembl26.sdf,3784,NCC(CC(=O)O)c1ccc(Cl)cc1,9.7,experimental,,,primary_amine,,2026-06-26T13:53:27.811769+00:00
FIXED_chembl26.sdf,3785,NCC(CC(=O)O)c1ccc(Cl)cc1,3.7,experimental,,,primary_amine,,2026-06-26T13:53:28.761013+00:00
FIXED_chembl26.sdf,3798,O=c1cc(I)n([C@@H]2O[C@H](CO)[C@@H](O)[C@H]2O)c(=O)[nH]1,8.42,experimental,,,pyrimidine,,2026-06-26T13:54:09.905287+00:00
FIXED_chembl26.sdf,3799,CNC(=O)Oc1ccc2c(c1)[C@]1(C)CCN(C)[C@@H]1N2C,7.9,experimental,,,tertiary_amine,,2026-06-26T13:54:14.048448+00:00
FIXED_chembl26.sdf,3800,O=C(NCc1ccc(CNCc2ncc[nH]2)cc1)c1csc2nc[nH]c(=O)c12,6.5,experimental,,,pyrimidine,,2026-06-26T13:54:18.139226+00:00
FIXED_chembl26.sdf,3801,NCc1ccc(CNC(=O)c2csc3nc[nH]c(=O)c23)cc1,14.4,experimental,,,primary_amine,,2026-06-26T13:54:21.614496+00:00
FIXED_chembl26.sdf,3804,COCCNC(=O)c1nc(N2CC[C@@H](NC(=O)c3[nH]c(C)c(Cl)c3Cl)[C@@H](OC)C2)sc1C(=O)O,4.4,experimental,,,carboxylic_acid,,2026-06-26T13:54:32.728511+00:00
FIXED_chembl26.sdf,3805,COC[C@H](C)NC(=O)c1nc(N2CC[C@@H](NC(=O)c3[nH]c(C)c(Cl)c3Cl)[C@@H](OC)C2)sc1C(=O)O,4.2,experimental,,,carboxylic_acid,,2026-06-26T13:54:35.149383+00:00
FIXED_chembl26.sdf,3806,COCC(COC)NC(=O)c1nc(N2CC[C@@H](NC(=O)c3[nH]c(C)c(Cl)c3Cl)[C@@H](OC)C2)sc1C(=O)O,4.5,experimental,,,carboxylic_acid,,2026-06-26T13:54:36.974554+00:00
FIXED_chembl26.sdf,3807,CO[C@H]1CN(c2nc(-c3cnccn3)c(C(=O)O)s2)CC[C@H]1NC(=O)c1[nH]c(C)c(Cl)c1Cl,5.4,experimental,,,carboxylic_acid,,2026-06-26T13:54:38.731653+00:00
FIXED_chembl26.sdf,3808,CO[C@H]1CN(c2nc(-c3ncnn3C)c(C(=O)O)s2)CC[C@H]1NC(=O)c1[nH]c(C)c(Cl)c1Cl,4.5,experimental,,,carboxylic_acid,,2026-06-26T13:54:40.728795+00:00
FIXED_chembl26.sdf,3809,CO[C@H]1CN(c2nc(-c3ncccn3)c(C(=O)O)s2)CC[C@H]1NC(=O)c1[nH]c(C)c(Cl)c1Cl,5.2,experimental,,,carboxylic_acid,,2026-06-26T13:54:42.061716+00:00
FIXED_chembl26.sdf,3813,CCCCCCCCCCCCCCCC(=O)OCC1CCP(O)(=S)O1,6.48,experimental,,,sulfide,,2026-06-26T13:54:45.344394+00:00
FIXED_chembl26.sdf,3814,CCCCCCCCCCCCCCCCCC(=O)OCC1CCP(O)(=S)O1,6.76,experimental,,,sulfide,,2026-06-26T13:54:46.870739+00:00
FIXED_chembl26.sdf,3815,O=C(Cn1cc(Nc2nncc3cc(OCCCN4CCC[C@@H]4CO)ccc23)cn1)Nc1cccc(F)c1F,5.4,experimental,,,aniline,,2026-06-26T13:54:53.597285+00:00
FIXED_chembl26.sdf,3816,CCC(CC)Nc1cc(C)nc(Oc2c(C)cc(C)cc2C)c1C,6.9,experimental,,,pyridine,,2026-06-26T13:54:55.828531+00:00
FIXED_chembl26.sdf,3817,CCC(CC)Nc1cc(C)nc(Nc2c(C)cc(C)cc2C)c1C,9.3,experimental,,,pyridine,,2026-06-26T13:55:00.877591+00:00
FIXED_chembl26.sdf,3818,CCC(CC)Oc1cc(C)nc(Oc2c(C)cc(C)cc2C)c1C.CS(=O)(=O)O,3.6,experimental,,,sulfone,,2026-06-26T13:55:03.962263+00:00
FIXED_chembl26.sdf,3819,O=C(NC[C@@H](Cc1ccccc1)N1CCC(O)(C(F)(F)F)CC1)C1(c2ccc(Cl)cc2)CCCC1,5.9,experimental,,,tertiary_amine,,2026-06-26T13:55:08.859873+00:00
FIXED_chembl26.sdf,3820,O=C(O)CNC(=O)c1ncc(-c2cn(CCCc3ccc(Cl)cc3)nn2)cc1O,3.21,experimental,,,carboxylic_acid,,2026-06-26T13:55:12.363443+00:00
FIXED_chembl26.sdf,3821,Cc1nc(C(=O)NCC(=O)O)c(O)c2ccc(Oc3ccccc3)cc12,3.15,experimental,,,carboxylic_acid,,2026-06-26T13:55:14.093894+00:00
FIXED_chembl26.sdf,3822,O=C(O)c1cc(/N=N/c2ccc(S(=O)(=O)Nc3ccccn3)cc2)ccc1O,2.0,experimental,,,carboxylic_acid,,2026-06-26T13:55:15.841392+00:00
FIXED_chembl26.sdf,3824,O=C(O)c1ccccc1-c1c2ccc(=O)cc-2oc2cc(O)ccc12,5.2,experimental,,,carboxylic_acid,,2026-06-26T13:55:21.031355+00:00
FIXED_chembl26.sdf,3825,CC(C)c1cccc(CN[C@H]2COC[C@@H](Cc3ccc(O)c(Br)c3)[C@@H]2O)c1,7.1,experimental,,,secondary_amine,,2026-06-26T13:55:25.325688+00:00
FIXED_chembl26.sdf,3826,O=S1(=O)C[C@@H](Cc2ccc(O)c(Br)c2)[C@H](O)[C@@H](NCc2cccc(C3CC3)c2)C1,5.7,experimental,,,secondary_amine,,2026-06-26T13:55:27.800503+00:00
FIXED_chembl26.sdf,3828,Cc1nc2c3c(c(C(=O)N(C)C)cn2c1CO)CCC(c1ccccc1)C3,6.32,experimental,,,n-indole,,2026-06-26T13:55:32.126052+00:00
FIXED_chembl26.sdf,3829,Cc1nc2c3c(c(C(=O)N(C)C)cn2c1Br)CCC(c1ccccc1)C3,5.11,experimental,,,n-indole,,2026-06-26T13:55:35.042909+00:00
FIXED_chembl26.sdf,3830,Cc1cn2cc(C(=O)N(C)C)c3c(c2n1)CC(c1ccccc1)CC3,6.67,experimental,,,n-indole,,2026-06-26T13:55:37.330162+00:00
FIXED_chembl26.sdf,3831,COCc1cn2c(C)c(C)nc2c2c1CCC(c1ccccc1)C2,7.79,experimental,,,n-indole,,2026-06-26T13:55:38.497287+00:00
FIXED_chembl26.sdf,3832,Cc1nc2c3c(c(C(=O)N4CCOCC4)cn2c1C)CCC(c1ccccc1)C3,7.05,experimental,,,n-indole,,2026-06-26T13:55:40.422384+00:00
FIXED_chembl26.sdf,3833,Cc1nc2c3c(c(C(=O)N4CCCC4)cn2c1C)CCC(c1ccccc1)C3,7.2,experimental,,,n-indole,,2026-06-26T13:55:41.839698+00:00
FIXED_chembl26.sdf,3834,COCCNC(=O)c1cn2c(C)c(C)nc2c2c1CCC(c1ccccc1)C2,7.22,experimental,,,n-indole,,2026-06-26T13:55:43.276496+00:00
FIXED_chembl26.sdf,3835,Cc1nc2c3c(c(C(=O)NCCO)cn2c1C)CCC(c1ccccc1)C3,7.22,experimental,,,n-indole,,2026-06-26T13:55:45.064707+00:00
FIXED_chembl26.sdf,3836,Cc1nc2c3c(c(C(=O)N(C)C)cn2c1C)CCC(c1ccccc1)C3,7.16,experimental,,,n-indole,,2026-06-26T13:55:46.335724+00:00
FIXED_chembl26.sdf,3837,Cc1nc2c3c(c(C(N)=O)cn2c1C)CCC(c1ccccc1)C3,7.26,experimental,,,n-indole,,2026-06-26T13:55:47.396159+00:00
FIXED_chembl26.sdf,3839,Cc1nc2c3c(ccn2c1CC#N)CCC(c1ccccc1)O3,6.0,experimental,,,n-indole,,2026-06-26T13:55:48.711191+00:00
FIXED_chembl26.sdf,3842,O=C1NCC(c2ccccc2)C12CCN(C1CCCCC1(O)c1ccc(F)cc1)CC2,8.54,experimental,,,tertiary_amine,,2026-06-26T13:55:52.368255+00:00
FIXED_chembl26.sdf,3843,O=C1NCC(c2ccc(F)cc2)C12CCN(C1CCCCC1(O)c1ccccc1)CC2,6.89,experimental,,,tertiary_amine,,2026-06-26T13:55:54.214078+00:00
FIXED_chembl26.sdf,3844,O=C1NC[C@@H](c2ccccc2)C12CCN(C1CCCCC1c1ccccc1)CC2,8.85,experimental,,,tertiary_amine,,2026-06-26T13:55:56.861974+00:00
FIXED_chembl26.sdf,3845,NC(CCCCCP(=O)(O)O)C(=O)O,9.84,experimental,,,primary_amine,,2026-06-26T13:55:59.323801+00:00
FIXED_chembl26.sdf,3846,NC(CCCCCP(=O)(O)O)C(=O)O,7.72,experimental,,,primary_amine,,2026-06-26T13:56:01.087668+00:00
FIXED_chembl26.sdf,3847,NC(CCCCCP(=O)(O)O)C(=O)O,2.64,experimental,,,carboxylic_acid,,2026-06-26T13:56:03.016673+00:00
FIXED_chembl26.sdf,3848,COc1cc(Cl)ccc1OC(c1ccccc1)C1CNCCO1,7.7,experimental,,,secondary_amine,,2026-06-26T13:56:05.961440+00:00
FIXED_chembl26.sdf,3851,Oc1ccc2c(c1)C1c3cccc[n+]3C2CC1(c1ccoc1)c1ccoc1.[Cl-],8.8,experimental,,,pyridine,,2026-06-26T13:56:07.392178+00:00
FIXED_chembl26.sdf,3852,Oc1cccc2c1C1c3cccc[n+]3C2CC1(c1ccoc1)c1ccoc1.[Cl-],8.6,experimental,,,pyridine,,2026-06-26T13:56:09.035050+00:00
FIXED_chembl26.sdf,3854,Oc1ccc[n+]2c1C1c3ccccc3C2CC1(c1ccoc1)c1ccoc1.[Cl-],4.88,experimental,,,pyridine,,2026-06-26T13:56:10.766953+00:00
FIXED_chembl26.sdf,3855,CCOC1(OCC)C2c3ccccc3C([n+]3ccccc32)C1(C)C,12.2,experimental,,,pyridine,,2026-06-26T13:56:12.926165+00:00
FIXED_chembl26.sdf,3860,COC(=O)c1cccnc1,3.84,experimental,,,pyridine,,2026-06-26T13:56:14.805299+00:00
FIXED_chembl26.sdf,3890,COc1cccc(-c2cccc(C3(C)CSCC(N)=N3)c2)c1,10.5,experimental,,,amidine,,2026-06-26T13:56:54.536486+00:00
FIXED_chembl26.sdf,3891,COc1cccc(-c2cccc(C3(C)N=C(N)CN3C(C)=O)c2)c1,6.5,experimental,,,amidine,,2026-06-26T13:56:59.120846+00:00
FIXED_chembl26.sdf,3892,COc1cccc(-c2cccc(C3(C)COCC(N)=N3)c2)c1,9.8,experimental,,,amidine,,2026-06-26T13:57:00.705306+00:00
FIXED_chembl26.sdf,3893,COc1cccc(-c2cccc(C3(C)N=C(N)CCS3)c2)c1,9.3,experimental,,,amidine,,2026-06-26T13:57:02.879846+00:00
FIXED_chembl26.sdf,3894,CC1(c2cccc(-c3cccc(Cl)c3)c2)N=C(N)CCO1,9.3,experimental,,,amidine,,2026-06-26T13:57:03.899733+00:00
FIXED_chembl26.sdf,3895,COc1cccc(-c2cccc(C3(C)N=C(N)CCO3)c2)c1,9.3,experimental,,,amidine,,2026-06-26T13:57:05.725814+00:00
FIXED_chembl26.sdf,3896,CC1(c2cccc(-c3cncnc3)c2)N=C(N)CCS1,9.1,experimental,,,amidine,,2026-06-26T13:57:07.177320+00:00
FIXED_chembl26.sdf,3897,COc1ccc(C2(c3cccc(-c4cncnc4)c3)CCC(N)=N2)cc1,10.0,experimental,,,amidine,,2026-06-26T13:57:08.464018+00:00
FIXED_chembl26.sdf,3898,CCC1(c2cccc(-c3cncnc3)c2)N=C(N)c2ccccc2O1,8.4,experimental,,,amidine,,2026-06-26T13:57:09.427840+00:00
FIXED_chembl26.sdf,3899,CC1(c2cccc(-c3cncnc3)c2)N=C(N)c2ccccc2S1,8.3,experimental,,,amidine,,2026-06-26T13:57:10.467746+00:00
FIXED_chembl26.sdf,3900,CC1(c2cccc(-c3cccnc3)c2)N=C(N)c2ccccc2O1,8.2,experimental,,,amidine,,2026-06-26T13:57:11.541890+00:00
FIXED_chembl26.sdf,3901,CC1(c2cccc(-c3cncnc3)c2)N=C(N)c2ccccc2O1,8.1,experimental,,,amidine,,2026-06-26T13:57:12.286015+00:00
FIXED_chembl26.sdf,3902,COc1cccc(-c2cccc(C3(C)CCSC(N)=N3)c2)c1,7.0,experimental,,,amidine,,2026-06-26T13:57:13.280283+00:00
FIXED_chembl26.sdf,3903,CC1(c2cccc(-c3cccnc3)c2)N=C(N)c2c(F)cccc2O1,7.0,experimental,,,amidine,,2026-06-26T13:57:14.608091+00:00
FIXED_chembl26.sdf,3904,C[C@]1(c2cccc(-c3cncc(F)c3)c2)N=C(N)[C@H]2CCCCN21,9.2,experimental,,,tertiary_amine,,2026-06-26T13:57:17.533570+00:00
FIXED_chembl26.sdf,3905,CC1(c2cccc(-c3cncnc3)c2)N=C(N)c2c(F)cccc2O1,6.9,experimental,,,amidine,,2026-06-26T13:57:18.801521+00:00
FIXED_chembl26.sdf,3906,COc1cccc(-c2cccc(C3(c4ccncc4)N=C(N)CS3)c2)c1,5.4,experimental,,,amidine,,2026-06-26T13:57:19.868528+00:00
FIXED_chembl26.sdf,3907,COc1cccc(-c2cccc(C3(C)N=C(N)CS3)c2)c1,6.9,experimental,,,amidine,,2026-06-26T13:57:20.971927+00:00
FIXED_chembl26.sdf,3908,COc1ccc(C2(c3cccc(-c4cccnc4)c3)N=C(N)CS2)cc1,6.2,experimental,,,pyridine,,2026-06-26T13:57:23.884707+00:00
FIXED_chembl26.sdf,3909,COc1ccc(C2(c3cccc(-c4cncnc4)c3)N=C(N)c3nc(C)sc32)cc1,8.0,experimental,,,amidine,,2026-06-26T13:57:26.424421+00:00
FIXED_chembl26.sdf,3910,COc1ccc(CCN(C)CCC[C@](C#N)(c2ccc(OC)c(OC)c2)C(C)C)cc1OC.Cl,8.66,experimental,,,tertiary_amine,,2026-06-26T13:57:29.343923+00:00
FIXED_chembl26.sdf,3911,O=C(O)Cc1cccc2oc(-c3ccccc3)nc12,6.3,experimental,,,carboxylic_acid,,2026-06-26T13:57:31.562074+00:00
FIXED_chembl26.sdf,3912,O=C(O)Cc1cccc2oc(-c3ccc(Cl)cc3)nc12,6.1,experimental,,,carboxylic_acid,,2026-06-26T13:57:33.537038+00:00
FIXED_chembl26.sdf,3913,CC(C(=O)O)c1cccc2nc(-c3ccccc3)oc12,6.2,experimental,,,carboxylic_acid,,2026-06-26T13:57:34.659043+00:00
FIXED_chembl26.sdf,3914,CC(C(=O)O)c1cccc2nc(-c3ccc(Cl)cc3)oc12,6.25,experimental,,,carboxylic_acid,,2026-06-26T13:57:35.591296+00:00
FIXED_chembl26.sdf,3915,Cc1ccc(-c2nc3cccc(C(C)C(=O)O)c3o2)cc1,6.2,experimental,,,carboxylic_acid,,2026-06-26T13:57:36.670064+00:00
FIXED_chembl26.sdf,3916,CC(C)[C@H]1CC[C@H](C(=O)N[C@H](Cc2ccccc2)C(=O)O)CC1,3.1,experimental,,,carboxylic_acid,,2026-06-26T13:57:37.911845+00:00
FIXED_chembl26.sdf,3917,CS(=O)(=O)c1nc2c(O)c3ccccc3nc2s1,5.2,experimental,,,quinoline,,2026-06-26T13:57:44.565215+00:00
FIXED_chembl26.sdf,3918,CSc1nc2c(N(C)CCCN(C)C)c3ccccc3nc2s1,6.5,experimental,,,quinoline,,2026-06-26T13:57:45.839340+00:00
FIXED_chembl26.sdf,3919,Cc1ccc2nc3sc(Cl)nc3c(O)c2c1.Cl,5.0,experimental,,,quinoline,,2026-06-26T13:57:47.646608+00:00
FIXED_chembl26.sdf,3920,CSc1nc2c(O)c3cc(C)ccc3nc2s1,4.6,experimental,,,quinoline,,2026-06-26T13:57:49.155972+00:00
FIXED_chembl26.sdf,3921,Cl.Oc1c2ccccc2nc2sc(Cl)nc12,5.9,experimental,,,quinoline,,2026-06-26T13:57:50.438461+00:00
FIXED_chembl26.sdf,3922,CCN(CC)CCNc1nc2c(O)c3cc(C)ccc3nc2s1,8.4,experimental,,,tertiary_amine,,2026-06-26T13:57:53.728390+00:00
FIXED_chembl26.sdf,3923,CCN(CC)CCNc1nc2c(O)c3cc(F)ccc3nc2s1,8.3,experimental,,,tertiary_amine,,2026-06-26T13:57:54.987547+00:00
FIXED_chembl26.sdf,3924,Cc1ccc2nc3sc(N4CCN(C)CC4)nc3c(O)c2c1,10.0,experimental,,,tertiary_amine,,2026-06-26T13:57:55.991691+00:00
FIXED_chembl26.sdf,3925,Cl.Oc1c2cc(F)ccc2nc2sc(Cl)nc12,4.9,experimental,,,quinoline,,2026-06-26T13:57:59.292114+00:00
FIXED_chembl26.sdf,3926,CN1CCN(c2nc3c(O)c4cc(F)ccc4nc3s2)CC1,8.0,experimental,,,tertiary_amine,,2026-06-26T13:58:02.229978+00:00
FIXED_chembl26.sdf,3927,CCN(CC)CCNc1nc2c(O)c3ccccc3nc2s1,9.3,experimental,,,tertiary_amine,,2026-06-26T13:58:03.371656+00:00
FIXED_chembl26.sdf,3928,CSc1nc2c(O)c3cc(F)ccc3nc2s1,5.7,experimental,,,quinoline,,2026-06-26T13:58:05.397483+00:00
FIXED_chembl26.sdf,3929,CCN(CC)CCCNc1c2cc(C)ccc2nc2sc(SC)nc12,7.9,experimental,,,tertiary_amine,,2026-06-26T13:58:08.569128+00:00
FIXED_chembl26.sdf,3930,Cc1ccc2nc3sc(S(C)(=O)=O)nc3c(O)c2c1,4.0,experimental,,,sulfone,,2026-06-26T13:58:12.254275+00:00
FIXED_chembl26.sdf,3931,CSc1nc2c(O)c3ccccc3nc2s1,5.9,experimental,,,quinoline,,2026-06-26T13:58:14.269045+00:00
FIXED_chembl26.sdf,3932,CN1CCN(c2nc3c(O)c4ccccc4nc3s2)CC1,8.6,experimental,,,tertiary_amine,,2026-06-26T13:58:17.906566+00:00
FIXED_chembl26.sdf,3933,CCN(CC)CCCNc1c2ccccc2nc2sc(SC)nc12,7.5,experimental,,,tertiary_amine,,2026-06-26T13:58:19.582820+00:00
FIXED_chembl26.sdf,3934,CS(=O)(=O)c1nc2c(O)c3cc(F)ccc3nc2s1,5.5,experimental,,,quinoline,,2026-06-26T13:58:22.175866+00:00
FIXED_chembl26.sdf,3935,COc1cccc(S(=O)(=O)NN2CCC(C)=C(CC(=O)NCc3ccc(C(=N)N)cc3)C2=O)c1,8.8,experimental,,,amidine,,2026-06-26T13:58:24.831991+00:00
FIXED_chembl26.sdf,3936,CC1=C(CC(=O)NCc2ccc(C(=N)N)cc2)C(=O)N(NS(=O)(=O)c2cc(C)ccc2C)CC1,8.7,experimental,,,amidine,,2026-06-26T13:58:27.014791+00:00
FIXED_chembl26.sdf,3937,Cc1ccn(NS(=O)(=O)c2ccccc2)c(=O)c1CC(=O)NCc1ccc(C(=N)N)cc1,5.9,experimental,,,pyridine,,2026-06-26T13:58:30.754011+00:00
FIXED_chembl26.sdf,3938,COc1cc(C)ccc1S(=O)(=O)Nn1ccc(C)c(CC(=O)NCc2ccc(C(=N)N)cc2)c1=O,6.7,experimental,,,pyridine,,2026-06-26T13:58:32.770272+00:00
FIXED_chembl26.sdf,3939,CCNC(=O)Nc1ccc(-c2nc3c(c(N4CCOC[C@@H]4C)n2)CCN(C2COC2)C3)cc1,5.0,experimental,,,pyrimidine,,2026-06-26T13:58:35.919643+00:00
FIXED_chembl26.sdf,3940,CCNC(=O)Nc1ccc(-c2nc3c(c(N4CCOC[C@@H]4C)n2)CCN(C(C)C)C3)cc1,7.6,experimental,,,pyrimidine,,2026-06-26T13:58:37.251488+00:00
FIXED_chembl26.sdf,3941,C=CC(=O)OCCN(C)C,8.6,experimental,,,tertiary_amine,,2026-06-26T13:58:41.114496+00:00
FIXED_chembl26.sdf,3942,CC(=O)N[C@H]1[C@H]([C@H](O)[C@H](O)CO)O[C@](O)(C(=O)O)C[C@@H]1O,3.2,experimental,,,carboxylic_acid,,2026-06-26T13:58:44.955477+00:00
FIXED_chembl26.sdf,3943,CC(=O)N[C@H]1[C@H]([C@H](O)[C@H](O)COP(=O)(O)O)O[C@](O)(C(=O)O)C[C@@H]1O,3.6,experimental,,,carboxylic_acid,,2026-06-26T13:58:47.281443+00:00
FIXED_chembl26.sdf,3944,CC(=O)N[C@H]1[C@H]([C@H](O)[C@H](O)CCP(=O)(O)O)O[C@](O)(C(=O)O)C[C@@H]1O,3.5,experimental,,,carboxylic_acid,,2026-06-26T13:58:48.387137+00:00
FIXED_chembl26.sdf,3945,Nc1c([N+](=O)[O-])ncn1[C@@H]1O[C@H](COP(=O)(O)O)[C@@H](O)[C@H]1O,0.3,experimental,,,nitro,,2026-06-26T13:58:53.254839+00:00
FIXED_chembl26.sdf,3946,CC(C)N(c1ccc(Oc2ccccc2C(F)(F)F)cc1C(=O)O)C(=O)[C@H]1CC[C@H](C)CC1,5.5,experimental,,,carboxylic_acid,,2026-06-26T13:58:56.237671+00:00
FIXED_chembl26.sdf,3947,CCNC(=O)c1cc(OC)nc(N(C)C)n1,2.4,experimental,,,pyrimidine,,2026-06-26T13:59:01.967623+00:00
FIXED_chembl26.sdf,3948,CCNC(=O)c1cc(N(C)C)nc(OC)n1,3.8,experimental,,,pyrimidine,,2026-06-26T13:59:03.832214+00:00
FIXED_chembl26.sdf,3949,CCNC(=O)c1nc(OC)cc(N(C)C)n1,2.9,experimental,,,pyrimidine,,2026-06-26T13:59:05.513196+00:00
FIXED_chembl26.sdf,3950,Nc1cc(/C=C/c2c[nH]c3ccccc23)nc2ccccc12,9.5,experimental,,,aniline,,2026-06-26T13:59:08.444667+00:00
FIXED_chembl26.sdf,3951,CCCN(CCC)CC(=O)N[C@H]1C[C@H](O[C@H]2C[C@](O)(C(C)=O)Cc3c(O)c4c(c(O)c32)C(=O)c2c(OC)cccc2C4=O)O[C@@H](C)[C@H]1O.Cl,7.2,experimental,,,tertiary_amine,,2026-06-26T13:59:13.115113+00:00
FIXED_chembl26.sdf,3952,O=C(N[C@H](Cc1cc2ccc(F)cc2[nH]1)C(=O)O)c1ccc2ccccc2c1,3.92,experimental,,,carboxylic_acid,,2026-06-26T13:59:14.665663+00:00
FIXED_chembl26.sdf,3953,O=C(Cc1cccc2ccccc12)N[C@H](Cc1cc2ccc(F)cc2[nH]1)C(=O)O,3.91,experimental,,,carboxylic_acid,,2026-06-26T13:59:15.706079+00:00
FIXED_chembl26.sdf,3954,O=C(CCc1c(Cl)cccc1Cl)N[C@H](Cc1cc2ccc(F)cc2[nH]1)C(=O)O,3.9,experimental,,,carboxylic_acid,,2026-06-26T13:59:16.648680+00:00
FIXED_chembl26.sdf,3955,O=C(CC1c2ccccc2-c2ccccc21)N[C@H](Cc1cc2ccc(F)cc2[nH]1)C(=O)O,3.9,experimental,,,carboxylic_acid,,2026-06-26T13:59:17.524331+00:00
FIXED_chembl26.sdf,3956,CC1CCN(C(=O)[C@H](CCCNc2ccccn2)NS(=O)(=O)c2ccc3ccccc3c2)CC1,6.9,experimental,,,pyridine,,2026-06-26T13:59:21.700982+00:00
FIXED_chembl26.sdf,3957,CC1CCN(C(=O)[C@H](CCCN=C(N)N)NS(=O)(=O)c2ccc3ccccc3c2)CC1,14.0,experimental,,,guanidine,,2026-06-26T13:59:23.480664+00:00
FIXED_chembl26.sdf,3958,COc1ccc2ccc(S(=O)(=O)N[C@@H](CCCNc3cccnn3)C(=O)N3CCC(C)CC3)cc2c1,5.2,experimental,,,aniline,,2026-06-26T13:59:25.988849+00:00
FIXED_chembl26.sdf,3959,CC1CCN(C(=O)[C@H](CCCNc2ncccn2)NS(=O)(=O)c2ccc3ccccc3c2)CC1,3.5,experimental,,,pyrimidine,,2026-06-26T13:59:28.894700+00:00
FIXED_chembl26.sdf,3960,CC1CCN(C(=O)[C@H](CCCNc2cnccn2)NS(=O)(=O)c2ccc3ccccc3c2)CC1,3.1,experimental,,,pyrazine,,2026-06-26T13:59:32.169039+00:00
FIXED_chembl26.sdf,3961,CC1CCN(C(=O)[C@H](CCCNc2cccnn2)NS(=O)(=O)c2ccc3ccccc3c2)CC1,5.2,experimental,,,aniline,,2026-06-26T13:59:34.218687+00:00
FIXED_chembl26.sdf,3962,COc1ccc2ccc(S(=O)(=O)N[C@@H](CCCNc3ccccn3)C(=O)N3CCC(C)CC3)cc2c1,6.9,experimental,,,pyridine,,2026-06-26T13:59:36.994958+00:00
FIXED_chembl26.sdf,3963,CC1CNc2c(cccc2S(=O)(=O)N[C@@H](CCCNC(=N)N)C(=O)N2CC[C@@H](C)C[C@@H]2C(=O)O)C1,14.0,experimental,,,guanidine,,2026-06-26T13:59:42.030016+00:00
FIXED_chembl26.sdf,3964,COc1cccc(C(=O)NCCN2CCN(c3ccc(Cl)cc3)CC2)c1,6.19,experimental,,,aniline,,2026-06-26T13:59:46.795168+00:00
FIXED_chembl26.sdf,3965,COc1cccc(C(=O)NCCN2CCN(c3ccc(C)cc3)CC2)c1,6.46,experimental,,,aniline,,2026-06-26T13:59:49.367116+00:00
FIXED_chembl26.sdf,3966,COc1cccc(C(=O)NCCN2CCN(c3noc4ccccc34)CC2)c1,6.24,experimental,,,aniline,,2026-06-26T13:59:50.871535+00:00
FIXED_chembl26.sdf,3967,COc1cccc(C(=O)NCCN2CCN(c3ccc(C#N)cc3)CC2)c1,6.41,experimental,,,aniline,,2026-06-26T13:59:55.375284+00:00
FIXED_chembl26.sdf,3968,COc1cccc(C(=O)NCCN2CCN(c3ncccc3C#N)CC2)c1,6.71,experimental,,,pyridine,,2026-06-26T13:59:59.867560+00:00
FIXED_chembl26.sdf,3969,COc1cccc(C(=O)NCCN2CCN(c3ccc(Cl)cn3)CC2)c1,6.45,experimental,,,pyridine,,2026-06-26T14:00:03.120765+00:00
FIXED_chembl26.sdf,3970,O=C(NCCN1CCN(c2ccc(Cl)cc2)CC1)c1ccc(F)cc1,6.46,experimental,,,aniline,,2026-06-26T14:00:05.874591+00:00
FIXED_chembl26.sdf,3971,Cc1ccc(N2CCN(CCNC(=O)c3ccc(F)cc3)CC2)cc1,6.31,experimental,,,aniline,,2026-06-26T14:00:08.169967+00:00
FIXED_chembl26.sdf,3972,O=C(NCCN1CCN(c2noc3ccccc23)CC1)c1ccc(F)cc1,6.43,experimental,,,amide_secondary,,2026-06-26T14:00:09.810730+00:00
FIXED_chembl26.sdf,3973,N#Cc1ccc(N2CCN(CCNC(=O)c3ccc(F)cc3)CC2)cc1,6.43,experimental,,,aniline,,2026-06-26T14:01:06.064486+00:00
FIXED_chembl26.sdf,3974,N#Cc1cccnc1N1CCN(CCNC(=O)c2ccc(F)cc2)CC1,6.4,experimental,,,pyridine,,2026-06-26T14:01:09.292430+00:00
FIXED_chembl26.sdf,3975,O=C(NCCN1CCN(c2ccc(Cl)cn2)CC1)c1ccc(F)cc1,6.58,experimental,,,pyridine,,2026-06-26T14:01:12.523597+00:00
FIXED_chembl26.sdf,3976,Cc1ccc(NS(=O)(=O)Cc2ccccc2)c(=O)n1CC(=O)NCC1CCc2ncncc2C1,2.4,experimental,,,sulfamide,,2026-06-26T14:01:19.134251+00:00
FIXED_chembl26.sdf,3977,Cc1ccc(NS(=O)(=O)Cc2ccccc2)c(=O)n1CC(=O)NCC1CCc2nc(N)sc2C1,6.5,experimental,,,pyridine,,2026-06-26T14:01:22.566362+00:00
FIXED_chembl26.sdf,3978,Cc1ccc(NS(=O)(=O)Cc2ccccc2)c(=O)n1CC(=O)NC1CCc2nc(N)sc2C1,6.1,experimental,,,pyridine,,2026-06-26T14:01:25.401707+00:00
FIXED_chembl26.sdf,3979,Cc1ccc(NS(=O)(=O)Cc2ccccc2)c(=O)n1CC(=O)NCC1CCc2n[nH]cc2C1,4.0,experimental,,,sulfamide,,2026-06-26T14:01:30.318075+00:00
FIXED_chembl26.sdf,3980,Cc1ccc(NS(=O)(=O)Cc2ccccc2)c(=O)n1CC(=O)NC1CCc2n[nH]cc2C1,3.7,experimental,,,sulfamide,,2026-06-26T14:01:34.094528+00:00
FIXED_chembl26.sdf,3981,Cc1ccc(NS(=O)(=O)Cc2ccccc2)c(=O)n1CC(=O)NC1CCc2nn(C)cc2C1,3.2,experimental,,,sulfamide,,2026-06-26T14:02:07.353815+00:00
FIXED_chembl26.sdf,3982,Cc1ccc(NS(=O)(=O)Cc2ccccc2)c(=O)n1CC(=O)NCC1CCc2nn(C)cc2C1,3.6,experimental,,,sulfamide,,2026-06-26T14:02:09.103961+00:00
FIXED_chembl26.sdf,3983,Cc1ccc(NS(=O)(=O)Cc2ccccc2)c(=O)n1CC(=O)NCC1CCc2nc(N)ncc2C1,4.7,experimental,,,pyrimidine,,2026-06-26T14:02:10.263979+00:00
FIXED_chembl26.sdf,3984,CCc1cc(C)cc(CC)c1C1C(=O)N2CCOCCN2C1=O,3.82,experimental,,,peramine,,2026-06-26T14:02:14.967413+00:00
FIXED_chembl26.sdf,3985,O=C(O)Cc1nn(Cc2nc3cc(C(F)(F)F)ccc3s2)c(=O)c2ccccc12,3.0,experimental,,,carboxylic_acid,,2026-06-26T14:02:16.864646+00:00
FIXED_chembl26.sdf,3986,O=S(=O)(c1ccccc1)c1ccc(O)nn1,7.1,experimental,,,thiophenol,,2026-06-26T14:02:19.418086+00:00
FIXED_chembl26.sdf,3987,C[n+]1c2ccccc2c(NC2CCNCC2)c2[nH]c3ccccc3c21.[Cl-],11.77,experimental,,,secondary_amine,,2026-06-26T14:02:23.104637+00:00
FIXED_chembl26.sdf,3988,CCN(CC)CCCCNc1c2ccccc2[n+](C)c2c1[nH]c1ccccc12.[Cl-],11.6,experimental,,,tertiary_amine,,2026-06-26T14:02:25.163486+00:00
FIXED_chembl26.sdf,3990,CN(C)CCNc1c2ccccc2[n+](C)c2c1[nH]c1ccccc12.[Cl-],11.61,experimental,,,tertiary_amine,,2026-06-26T14:02:35.393384+00:00
FIXED_chembl26.sdf,3991,CCN(CC)CCNc1c2ccccc2[n+](C)c2c1[nH]c1ccccc12.[Cl-],11.6,experimental,,,tertiary_amine,,2026-06-26T14:02:36.884736+00:00
FIXED_chembl26.sdf,3992,CC(CN(C)C)Nc1c2ccccc2[n+](C)c2c1[nH]c1ccccc12.[Cl-],11.6,experimental,,,tertiary_amine,,2026-06-26T14:02:38.341560+00:00
FIXED_chembl26.sdf,3993,CN(C)CCCNc1c2ccccc2[n+](C)c2c1[nH]c1ccccc12.[Cl-],11.9,experimental,,,tertiary_amine,,2026-06-26T14:02:40.291349+00:00
FIXED_chembl26.sdf,3994,CCN(CC)CCCNc1c2ccccc2[n+](C)c2c1[nH]c1ccccc12.[Cl-],11.6,experimental,,,tertiary_amine,,2026-06-26T14:02:41.306524+00:00
FIXED_chembl26.sdf,3995,CN(C)CC(C)(C)CNc1c2ccccc2[n+](C)c2c1[nH]c1ccccc12.[Cl-],11.7,experimental,,,tertiary_amine,,2026-06-26T14:02:42.431216+00:00
FIXED_chembl26.sdf,3996,CC(C)NCCCNc1c2ccccc2[n+](C)c2c1[nH]c1ccccc12.[Cl-],11.49,experimental,,,aniline,,2026-06-26T14:02:43.507548+00:00
FIXED_chembl26.sdf,3997,C[n+]1c2ccccc2c(NCCCN2CCCCC2)c2[nH]c3ccccc3c21.[Cl-],11.7,experimental,,,tertiary_amine,,2026-06-26T14:02:44.562935+00:00
FIXED_chembl26.sdf,3998,CCN(CC)CCCC(C)Nc1c2ccccc2[n+](C)c2c1[nH]c1ccccc12.[Cl-],11.45,experimental,,,tertiary_amine,,2026-06-26T14:02:45.945452+00:00
FIXED_chembl26.sdf,3999,CC(C)CN1CCC(Nc2c3ccccc3[n+](C)c3c2[nH]c2ccccc23)CC1.[Cl-],11.6,experimental,,,tertiary_amine,,2026-06-26T14:02:47.030127+00:00
FIXED_chembl26.sdf,4000,C[n+]1c2ccccc2c(NC2CCN(Cc3ccccc3)CC2)c2[nH]c3ccccc3c21.[Cl-],11.5,experimental,,,tertiary_amine,,2026-06-26T14:02:49.214873+00:00
FIXED_chembl26.sdf,4001,C[n+]1c2ccccc2c(NC2CCN(Cc3ccccc3O)CC2)c2[nH]c3ccccc3c21.[Cl-],11.6,experimental,,,aniline,,2026-06-26T14:02:50.128273+00:00
FIXED_chembl26.sdf,4002,C[n+]1c2ccccc2c(Nc2ccccc2)c2[nH]c3ccccc3c21.[Cl-],10.6,experimental,,,aniline,,2026-06-26T14:02:54.566944+00:00
FIXED_chembl26.sdf,4003,CCN(CC)Cc1ccc(Nc2c3ccccc3[n+](C)c3c2[nH]c2ccccc23)cc1O.[Cl-],10.8,experimental,,,tertiary_amine,,2026-06-26T14:02:59.203668+00:00
FIXED_chembl26.sdf,4004,C[n+]1c2ccccc2c(Nc2cccnc2)c2[nH]c3ccccc3c21.[Cl-],10.3,experimental,,,aniline,,2026-06-26T14:03:04.242608+00:00
FIXED_chembl26.sdf,4005,CCN(CC)CCCNc1c2ccc(Cl)cc2[n+](C)c2c1[nH]c1ccccc12.[Cl-],11.2,experimental,,,tertiary_amine,,2026-06-26T14:03:08.208369+00:00
FIXED_chembl26.sdf,4006,C[n+]1c2cc(Cl)ccc2c(NC2CCNCC2)c2[nH]c3ccccc3c21.[Cl-],11.1,experimental,,,secondary_amine,,2026-06-26T14:03:11.798984+00:00
FIXED_chembl26.sdf,4007,C[n+]1c2cc(Cl)ccc2c(NC2CCNCC2)c2[nH]c3cc(Cl)ccc3c21.[Cl-],10.3,experimental,,,secondary_amine,,2026-06-26T14:03:13.380283+00:00
FIXED_chembl26.sdf,4008,CCCc1nn(C)c2c(=O)[nH]c(-c3cc(S(=O)(=O)NCCCCCCO)ccc3OCC)nc12,5.22,experimental,,,pyrimidine,,2026-06-26T14:03:19.863401+00:00
FIXED_chembl26.sdf,4009,CCOC(=O)c1cnc2c(c(C)nn2C)c1Nc1ccccc1,8.23,experimental,,,pyridine,,2026-06-26T14:03:25.697575+00:00
FIXED_chembl26.sdf,4010,CCOC(=O)c1cnc2c(c(C)nn2C)c1Nc1ccc([N+](=O)[O-])cc1,8.8,experimental,,,pyridine,,2026-06-26T14:03:28.702487+00:00
FIXED_chembl26.sdf,4011,CCOC(=O)c1cnc2c(c(C)nn2C)c1Nc1ccc(O)cc1,9.98,experimental,,,aniline,,2026-06-26T14:03:36.564189+00:00
FIXED_chembl26.sdf,4012,CCOC(=O)c1cnc2c(c(C)nn2C)c1Nc1ccc(Br)cc1,8.39,experimental,,,aniline,,2026-06-26T14:03:40.197535+00:00
FIXED_chembl26.sdf,4013,CCOC(=O)c1cnc2c(c(C)nn2C)c1Nc1ccc(F)cc1,8.14,experimental,,,aniline,,2026-06-26T14:03:41.934055+00:00
FIXED_chembl26.sdf,4014,CCOC(=O)c1cnc2c(c(C)nn2C)c1Nc1ccc(OC)cc1,8.07,experimental,,,aniline,,2026-06-26T14:03:44.000360+00:00
FIXED_chembl26.sdf,4015,CCOC(=O)c1cnc2c(c(C)nn2C)c1Nc1ccc(C)cc1,8.61,experimental,,,aniline,,2026-06-26T14:03:46.046686+00:00
FIXED_chembl26.sdf,4016,CCOC(=O)c1cnc2c(c(C)nn2C)c1Nc1ccc(C(C)=O)cc1,9.05,experimental,,,aniline,,2026-06-26T14:03:48.615014+00:00
FIXED_chembl26.sdf,4017,CCOC(=O)c1cnc2c(c(C)nn2C)c1Nc1ccc(Cl)cc1,9.73,experimental,,,aniline,,2026-06-26T14:03:50.525977+00:00
FIXED_chembl26.sdf,4019,CCOC(=O)c1cnc2c(c(C)nn2C)c1Nc1cccc(OC)c1,8.38,experimental,,,aniline,,2026-06-26T14:03:58.040238+00:00
FIXED_chembl26.sdf,4025,COc1cc2c(Nc3c(Cl)ccc4c3OCO4)ncnc2cc1OCCCN1CCCCC1,9.7,experimental,,,aniline,,2026-06-26T14:04:17.247773+00:00
FIXED_chembl26.sdf,4026,COc1cc2c(Nc3c(Cl)ccc4c3OCO4)ncnc2cc1OCC1CCN(C)CC1,9.4,experimental,,,tertiary_amine,Reassigned from aniline to the tertiary amine pKaH transition,2026-09-16T00:00:00+00:00,
FIXED_chembl26.sdf,4027,CCOc1cc(C(Nc2ccc3c(N)nccc3c2)C(=O)NS(=O)(=O)c2ccccc2)ccc1OC(C)C,8.9,experimental,,,aniline,,2026-06-26T14:04:21.864078+00:00
FIXED_chembl26.sdf,4031,O=C(NS(=O)(=O)c1ccc(N[C@H](CCN2CCOCC2)CSc2ccccc2)c(S(=O)(=O)C(F)(F)F)c1)c1cnc(N2CCN(Cc3ccccc3-c3ccc(Cl)cc3)CC2)nc1,3.5,experimental,,,sulfone,,2026-06-26T14:04:35.279572+00:00
FIXED_chembl26.sdf,4032,O=C(NS(=O)(=O)c1ccc(N[C@H](CCN2CCOCC2)CSc2ccccc2)c(S(=O)(=O)C(F)(F)F)c1)c1csc(N2CCN(Cc3ccccc3-c3ccc(Cl)cc3)CC2)n1,2.6,experimental,,,sulfone,,2026-06-26T14:04:37.003150+00:00
FIXED_chembl26.sdf,4033,CC1=CC(C)=[N+]2C1=C(c1ccc(N(C)C)cc1)c1c(C)cc(C)n1[B-]2(F)F,3.2,experimental,,,iminium,,2026-06-26T14:04:43.449236+00:00
FIXED_chembl26.sdf,4034,CCN(CC)c1ccc(C2=C3C(C)=CC(C)=[N+]3[B-](F)(F)n3c(C)cc(C)c32)cc1,5.2,experimental,,,iminium,,2026-06-26T14:04:44.907182+00:00
FIXED_chembl26.sdf,4035,CCN(CCCC(=O)OC)c1ccc(C2=C3C(C)=CC(C)=[N+]3[B-](F)(F)n3c(C)cc(C)c32)cc1,3.2,experimental,,,iminium,,2026-06-26T14:04:46.834851+00:00
FIXED_chembl26.sdf,4036,CCN(CC)c1ccc(C2=C3C=CC(CCC(=O)OC)=[N+]3[B-](F)(F)n3c(CCC(=O)OC)ccc32)cc1,3.2,experimental,,,iminium,,2026-06-26T14:04:48.235039+00:00
FIXED_chembl26.sdf,4037,CCOC(=O)[C@H](CCc1ccccc1)N[C@@H](C)C(=O)N1N=C(C(C)(C)C)S[C@H]1C(=O)O,5.4,experimental,,,carboxylic_acid,,2026-06-26T14:04:53.970880+00:00
FIXED_chembl26.sdf,4038,CCOC(=O)[C@H](CCc1ccccc1)N[C@@H](C)C(=O)N1CC2(C[C@H]1C(=O)O)SCCS2,5.5,experimental,,,carboxylic_acid,,2026-06-26T14:04:55.948631+00:00
FIXED_chembl26.sdf,4039,C[C@H](N[C@@H](CCc1ccccc1)C(=O)O)C(=O)N1N=C(C(C)(C)C)S[C@H]1C(=O)O,8.0,experimental,,,secondary_amine,,2026-06-26T14:04:58.974649+00:00
FIXED_chembl26.sdf,4040,CNC[C@H](O)c1ccc(O)c(O)c1,8.59,experimental,,,secondary_amine,,2026-06-26T14:05:01.852373+00:00
FIXED_chembl26.sdf,4041,CNC[C@H](O)c1ccc(O)c(O)c1,9.9,experimental,,,secondary_amine,,2026-06-26T14:05:03.605458+00:00
FIXED_chembl26.sdf,4042,CNC[C@H](O)c1ccc(O)c(O)c1,9.5,experimental,,,secondary_amine,,2026-06-26T14:05:04.795269+00:00
FIXED_chembl26.sdf,4043,N=C(N)Nc1ccc(Cc2ccc(NC(=N)N)cc2)cc1,10.5,experimental,,,guanidine,,2026-06-26T14:05:08.805809+00:00
FIXED_chembl26.sdf,4044,N=C(N)Nc1ccc(C(=O)c2ccc(NC(=N)N)cc2)cc1,9.4,experimental,,,guanidine,,2026-06-26T14:05:12.319852+00:00
FIXED_chembl26.sdf,4045,N=C(N)Nc1ccc(Nc2ccc(NC(=N)N)cc2)cc1,10.8,experimental,,,guanidine,,2026-06-26T14:05:14.762743+00:00
FIXED_chembl26.sdf,4046,c1cc(NC2=NCCN2)ccc1Cc1ccc(NC2=NCCN2)cc1,9.8,experimental,,,guanidine,,2026-06-26T14:05:16.802408+00:00
FIXED_chembl26.sdf,4047,O=C(c1ccc(NC2=NCCN2)cc1)c1ccc(NC2=NCCN2)cc1,8.6,experimental,,,guanidine,,2026-06-26T14:05:19.108901+00:00
FIXED_chembl26.sdf,4048,c1cc(Nc2ccc(NC3=NCCN3)cc2)ccc1NC1=NCCN1,9.9,experimental,,,guanidine,,2026-06-26T14:05:21.239807+00:00
FIXED_chembl26.sdf,4056,NS(=O)(=O)c1cc(C(=O)NCCO)c(NC2CCCCC2)cc1Cl,9.7,experimental,,,aniline,,2026-06-26T14:05:50.275063+00:00
FIXED_chembl26.sdf,4057,NS(=O)(=O)c1cc(C(=O)NCCO)c(NCc2ccccc2)cc1Cl,10.2,experimental,,,aniline,,2026-06-26T14:05:52.460651+00:00
FIXED_chembl26.sdf,4059,NS(=O)(=O)c1cc(C(=O)NCCCO)c(NC2CCCCC2)cc1Cl,9.8,experimental,,,aniline,,2026-06-26T14:05:57.601464+00:00
FIXED_chembl26.sdf,4060,NS(=O)(=O)c1cc(C(=O)NCCCO)c(NCc2ccccc2)cc1Cl,9.7,experimental,,,aniline,,2026-06-26T14:05:59.730175+00:00
FIXED_chembl26.sdf,4069,CN1CCC=C(c2nc(N(C)C)no2)C1,7.24,experimental,,,aniline,,2026-06-26T14:06:25.045267+00:00
FIXED_chembl26.sdf,4070,C=Cc1noc(C2=CCCNC2)n1,8.23,experimental,,,secondary_amine,,2026-06-26T14:06:27.599721+00:00
FIXED_chembl26.sdf,4071,Cc1noc(C2=CCCN(C)C2)n1,7.16,experimental,,,tertiary_amine,,2026-06-26T14:06:28.973820+00:00
FIXED_chembl26.sdf,4072,Cc1noc(C2=CCC(C)N(C)C2)n1,7.35,experimental,,,tertiary_amine,,2026-06-26T14:06:30.245936+00:00
FIXED_chembl26.sdf,4073,Cc1noc(C2=CCCNC2)n1,8.24,experimental,,,secondary_amine,,2026-06-26T14:06:32.292088+00:00
FIXED_chembl26.sdf,4074,CN(C)c1noc(C2=CCCNC2)n1,8.58,experimental,,,secondary_amine,,2026-06-26T14:06:37.332155+00:00
FIXED_chembl26.sdf,4075,FCCc1noc(C2=CCCNC2)n1,8.29,experimental,,,secondary_amine,,2026-06-26T14:06:39.429972+00:00
FIXED_chembl26.sdf,4076,Cc1noc(C2=CC(C)CN(C)C2)n1,7.34,experimental,,,tertiary_amine,,2026-06-26T14:06:40.626793+00:00
FIXED_chembl26.sdf,4077,Cc1noc(C2=CCC(C)NC2)n1,8.2,experimental,,,secondary_amine,,2026-06-26T14:06:41.976402+00:00
FIXED_chembl26.sdf,4078,Cc1noc(C2=CC(C)CNC2)n1,8.17,experimental,,,secondary_amine,,2026-06-26T14:06:43.002154+00:00
FIXED_chembl26.sdf,4079,Nc1noc(C2=CCCNC2)n1,8.25,experimental,,,secondary_amine,,2026-06-26T14:06:45.922699+00:00
FIXED_chembl26.sdf,4080,NCCCCCOC[C@H]1O[C@@H](OCCc2c[nH]c3ccccc23)[C@H](OCc2ccccc2)[C@@H](OCc2ccccc2)[C@@H]1OCc1ccc(Cl)nc1,0.5,experimental,,,isoquinoline,,2026-06-26T14:06:51.233656+00:00
FIXED_chembl26.sdf,4081,NCCCCCOC[C@H]1O[C@@H](OCCc2c[nH]c3ccccc23)[C@H](OCc2ccccc2)[C@@H](OCc2ccccc2)[C@@H]1OCc1ccccn1,5.2,experimental,,,pyridine,,2026-06-26T14:06:54.503310+00:00
FIXED_chembl26.sdf,4082,NCCCCCOC[C@H]1O[C@@H](OCCc2c[nH]c3ccccc23)[C@H](OCc2ccccc2)[C@@H](OCc2ccccc2)[C@@H]1OCc1cnccn1,0.7,experimental,,,isoquinoline,,2026-06-26T14:06:56.910148+00:00
FIXED_chembl26.sdf,4083,NCCCCCOC[C@H]1O[C@@H](OCCc2c[nH]c3ccccc23)[C@H](OCc2ccccc2)[C@@H](OCc2ccccc2)[C@@H]1OCc1ccc(F)nc1,-0.4,experimental,,,isoquinoline,,2026-06-26T14:06:58.880453+00:00
FIXED_chembl26.sdf,4084,NCCCCCOC[C@H]1O[C@@H](OCCc2c[nH]c3ccccc23)[C@H](OCc2ccccc2)[C@@H](OCc2ccccc2)[C@@H]1OCc1ccncc1,5.2,experimental,,,pyridine,,2026-06-26T14:07:00.954423+00:00
FIXED_chembl26.sdf,4085,NCCCCCOC[C@H]1O[C@@H](OCCc2c[nH]c3ccccc23)[C@H](OCc2ccccc2)[C@@H](OCc2ccccc2)[C@@H]1OCc1c[nH]cn1,7.2,experimental,,,primary_amine,,2026-06-26T14:07:04.856353+00:00
FIXED_chembl26.sdf,4086,NCCCCCOC[C@H]1O[C@@H](OCCc2c[nH]c3ccccc23)[C@H](OCc2ccccc2)[C@@H](OCc2ccccc2)[C@@H]1OCc1cccnc1,5.2,experimental,,,pyridine,,2026-06-26T14:07:07.192431+00:00
FIXED_chembl26.sdf,4087,Cc1ccc(CO[C@H]2[C@H](OCc3ccccc3)[C@@H](OCc3ccccc3)[C@H](OCCc3c[nH]c4ccccc34)O[C@@H]2COCCCCCN)cn1,6.1,experimental,,,pyridine,,2026-06-26T14:07:10.053955+00:00
FIXED_chembl26.sdf,4088,CCCCCCCCCCCC(=O)NCCCC[C@H](N)C(=O)OC.Cl,8.2,experimental,,,19,manual,2026-06-26T14:07:30.634069+00:00
FIXED_chembl26.sdf,4089,CCCCCCCCCCCC(=O)NCCCC[C@H](N)C(=O)OC.Cl,10.0,experimental,,,19,manual,2026-06-26T14:07:49.520484+00:00
FIXED_chembl26.sdf,4090,CCCCCCCCCCCCCC(=O)NCCCC[C@H](N)C(=O)OC.Cl,7.8,experimental,,,19,manual,2026-06-26T14:08:05.573557+00:00
FIXED_chembl26.sdf,4091,COc1ccc(CN(CC(=O)NC(C)C)C(=O)CCCCC[n+]2ccc(/C=N/O)cc2)cc1.[Br-],8.5,experimental,,,pyridine,,2026-06-26T14:08:25.820781+00:00
FIXED_chembl26.sdf,4092,C[n+]1ccc(/C=N/O)cc1.[I-],8.6,experimental,,,pyridine,,2026-06-26T14:08:30.795067+00:00
FIXED_chembl26.sdf,4093,C=CCc1cc(Cn2c(CC)nc3c(C)cc(C)nc32)cc([N+](=O)[O-])c1O,7.8,experimental,,,pyridine,,2026-06-26T14:08:33.672593+00:00
FIXED_chembl26.sdf,4094,CCc1nc2c(C)cc(C)nc2n1Cc1cc(Br)c(O)c(Br)c1,7.2,experimental,,,pyridine,,2026-06-26T14:08:36.239941+00:00
FIXED_chembl26.sdf,4111,O=C(O)CCCCc1cc(=O)oc2c(CN3CCOCC3)c(O)ccc12,7.8,experimental,,,tertiary_amine,,2026-06-26T14:09:15.216219+00:00
FIXED_chembl26.sdf,4112,Cc1cc(=O)oc2cc(O)ccc12,7.8,experimental,,,phenol,,2026-06-26T14:09:35.808442+00:00
FIXED_chembl26.sdf,4114,O=C(O)CCCCc1cc(=O)oc2c(CN3CCCC3)c(O)ccc12,6.7,experimental,,,carboxylic_acid,,2026-06-26T14:09:40.147980+00:00
FIXED_chembl26.sdf,4115,CCN(CC)Cc1c(O)ccc2c(CCCCC(=O)O)cc(=O)oc12,6.6,experimental,,,carboxylic_acid,,2026-06-26T14:09:41.540171+00:00
FIXED_chembl26.sdf,4116,O=C(O)CCCCc1cc(=O)oc2c(CN3CCCCC3)c(O)ccc12,6.6,experimental,,,carboxylic_acid,,2026-06-26T14:09:42.847106+00:00
FIXED_chembl26.sdf,4117,O=C(O)CCCCc1cc(=O)oc2cc(O)ccc12,7.8,experimental,,,carboxylic_acid,,2026-06-26T14:09:44.356183+00:00
FIXED_chembl26.sdf,4135,c1cncc(-c2cnn[nH]2)c1,8.14,experimental,,,pyridine,,2026-06-26T14:09:47.909413+00:00
FIXED_chembl26.sdf,4172,CCC1OC(=O)C(C)C(OC2CC(C)(OC)C(O)C(C)O2)C(C)C(OC2OC(C)CC(N(C)C)C2O)C(C)(O)CC(C)C(N)C(C)C(OC(=O)O)C1(C)OC(=O)O,9.21,experimental,,,tertiary_amine,,2026-06-26T14:10:58.605456+00:00
FIXED_chembl26.sdf,4173,CCC1OC(=O)C(C)C(OC2CC(C)(OC)C(O)C(C)O2)C(C)C(OC2OC(C)CC(N(C)C)C2O)C(C)(O)CC(C)C(N)C(C)C(OC(=O)O)C1(C)OC(=O)O,8.31,experimental,,,tertiary_amine,,2026-06-26T14:11:00.931102+00:00
FIXED_chembl26.sdf,4187,CC[C@H]1OC(=O)[C@H](C)[C@@H](O[C@H]2C[C@@](C)(OC)[C@@H](O)[C@H](C)O2)[C@H](C)[C@@H](O[C@@H]2O[C@H](C)C[C@H](N(C)C)[C@H]2O)[C@](C)(O)C[C@@H](C)[C@H](N)[C@H](C)[C@@H](O)[C@]1(C)O,9.95,experimental,,,tertiary_amine,,2026-06-26T14:11:21.704816+00:00
FIXED_chembl26.sdf,4188,CC[C@H]1OC(=O)[C@H](C)[C@@H](O[C@H]2C[C@@](C)(OC)[C@@H](O)[C@H](C)O2)[C@H](C)[C@@H](O[C@@H]2O[C@H](C)C[C@H](N(C)C)[C@H]2O)[C@](C)(O)C[C@@H](C)[C@H](N)[C@H](C)[C@@H](O)[C@]1(C)O,8.96,experimental,,,tertiary_amine,,2026-06-26T14:11:23.956823+00:00
FIXED_chembl26.sdf,4191,CC[C@H]1OC(=O)CC(O)[C@H](C)[C@@H](O[C@@H]2O[C@H](C)C[C@H](N(C)C)[C@H]2O)[C@@H](CCNC2C(O)CCCC2O)C[C@@H](C)C(=O)/C=C\C(C)=C/[C@@H]1C,9.31,experimental,,,tertiary_amine,,2026-06-26T14:11:29.877766+00:00
FIXED_chembl26.sdf,4192,CC[C@H]1OC(=O)CC(O)[C@H](C)[C@@H](O[C@@H]2O[C@H](C)C[C@H](N(C)C)[C@H]2O)[C@@H](CCNC2C(O)CCCC2O)C[C@@H](C)C(=O)/C=C\C(C)=C/[C@@H]1C,8.56,experimental,,,tertiary_amine,,2026-06-26T14:11:31.196624+00:00
FIXED_chembl26.sdf,4201,CC[C@H]1OC(=O)CC(O)[C@H](C)[C@@H](O[C@@H]2O[C@H](C)C[C@H](N(C)C)[C@H]2O)[C@@H](CCNCCO)C[C@@H](C)C(=O)/C=C\C(C)=C/[C@@H]1C,9.62,experimental,,,tertiary_amine,,2026-06-26T14:11:44.311170+00:00
FIXED_chembl26.sdf,4202,CC[C@H]1OC(=O)CC(O)[C@H](C)[C@@H](O[C@@H]2O[C@H](C)C[C@H](N(C)C)[C@H]2O)[C@@H](CCNCCO)C[C@@H](C)C(=O)/C=C\C(C)=C/[C@@H]1C,8.59,experimental,,,tertiary_amine,,2026-06-26T14:11:45.886409+00:00
FIXED_chembl26.sdf,4260,CC(C)(C)[C@H]1CC[C@H](CC2=C(O)C(=O)c3ccccc3C2=O)CC1,5.7,experimental,,,11,manual,2026-06-26T14:13:31.791603+00:00
FIXED_chembl26.sdf,4261,CC(C)(C)C1CCC(CC2=C(OCOP(=O)(O)O)C(=O)c3ccccc3C2=O)CC1,2.28,experimental,,,14,manual,2026-06-26T14:13:43.581116+00:00
FIXED_chembl26.sdf,4262,CC(C)(C)C1CCC(CC2=C(OP(=O)(O)O)C(=O)c3ccccc3C2=O)CC1,2.68,experimental,,,12,manual,2026-06-26T14:13:54.223545+00:00
FIXED_chembl26.sdf,4264,Cn1cnc2ccc([N+](=O)[O-])cc21,3.35,experimental,,,aniline,,2026-06-26T14:14:07.649503+00:00
FIXED_chembl26.sdf,4267,Cn1cnc2cc([N+](=O)[O-])ccc21,3.28,experimental,,,aniline,,2026-06-26T14:15:26.978980+00:00
FIXED_chembl26.sdf,4269,Cn1cnc2cc([N+](=O)[O-])c([N+](=O)[O-])cc21,1.6,experimental,,,aniline,,2026-06-26T14:15:38.424791+00:00
FIXED_chembl26.sdf,4270,O=C(O)Cc1ccc(S)cc1,6.6,experimental,,,carboxylic_acid,,2026-06-26T14:15:56.871473+00:00
FIXED_chembl26.sdf,4273,O=S(=O)(O)c1ccc(S)cc1,5.7,experimental,,,thiophenol,,2026-06-26T14:16:03.690493+00:00
FIXED_chembl26.sdf,4274,O=C(O)c1ccc(S)cc1,5.95,experimental,,,carboxylic_acid,,2026-06-26T14:16:05.657322+00:00
FIXED_chembl26.sdf,4276,N[C@@H](CCC(=O)N[C@@H](CS)C(=O)NCC(=O)O)C(=O)O,8.7,experimental,,,primary_amine,,2026-06-26T14:16:10.335921+00:00
FIXED_chembl26.sdf,4279,N[C@@H](CCC(=O)N[C@@H](CS)C(=O)NCC(=O)O)C(=O)O,8.75,experimental,,,primary_amine,,2026-06-26T14:16:13.090551+00:00
FIXED_chembl26.sdf,4294,CC1Cc2ccccc2N1NC(=O)c1ccc(Cl)c(S(N)(=O)=O)c1,8.8,experimental,,,peramine,,2026-06-26T14:16:43.275306+00:00
FIXED_chembl26.sdf,4295,NS(=O)(=O)c1cc(C(=O)Nn2cnc3ccccc32)c(SC2CCCCC2)cc1Cl,8.8,experimental,,,benzimidazole,,2026-06-26T14:17:02.929191+00:00
FIXED_chembl26.sdf,4296,NS(=O)(=O)c1cc(C(=O)Nn2cnc3ccccc32)c(Sc2ccccc2)cc1Cl,8.8,experimental,,,benzimidazole,,2026-06-26T14:17:27.560270+00:00
FIXED_chembl26.sdf,4297,Cc1cc2ncn(CC(=O)c3cc(S(N)(=O)=O)c(Cl)cc3Sc3ccccc3)c2cc1C,8.8,experimental,,,benzimidazole,,2026-06-26T14:17:28.965773+00:00
FIXED_chembl26.sdf,4298,NS(=O)(=O)c1cc(C(=O)Cn2cnc3ccccc32)c(SCCc2ccccc2)cc1Cl,8.8,experimental,,,benzimidazole,,2026-06-26T14:17:30.511032+00:00
FIXED_chembl26.sdf,4299,NS(=O)(=O)c1cc(C(=O)Nn2cnc3ccccc32)c(Cl)cc1Cl,8.3,experimental,,,benzimidazole,,2026-06-26T14:17:31.355490+00:00
FIXED_chembl26.sdf,4300,NS(=O)(=O)c1cc(C(=O)Cn2ccnc2)c(Cl)cc1Cl,8.3,experimental,,,imidazole,,2026-06-26T14:17:33.619713+00:00
FIXED_chembl26.sdf,4301,Cc1cc2ncn(CC(=O)c3cc(S(N)(=O)=O)c(Cl)cc3Cl)c2cc1C,8.3,experimental,,,benzimidazole,,2026-06-26T14:17:34.766159+00:00
FIXED_chembl26.sdf,4302,NS(=O)(=O)c1cc(C(=O)Cn2cnc3ccccc32)c(Cl)cc1Cl,8.3,experimental,,,benzimidazole,,2026-06-26T14:17:35.764479+00:00
FIXED_chembl26.sdf,4303,CCc1nc2ccccc2n1CC(=O)c1ccc(Cl)c(S(N)(=O)=O)c1,8.8,experimental,,,benzimidazole,,2026-06-26T14:17:36.614160+00:00
FIXED_chembl26.sdf,4304,Cc1nc2ccccc2n1CC(=O)c1ccc(Cl)c(S(N)(=O)=O)c1,8.8,experimental,,,benzimidazole,,2026-06-26T14:17:37.437317+00:00
FIXED_chembl26.sdf,4305,NS(=O)(=O)c1cc(C(=O)CN2CCCc3ccccc32)ccc1Cl,8.8,experimental,,,aniline,,2026-06-26T14:17:39.703685+00:00
FIXED_chembl26.sdf,4306,NS(=O)(=O)c1cc(C(=O)CN2CCc3ccccc32)ccc1Cl,8.8,experimental,,,aniline,,2026-06-26T14:17:40.759870+00:00
FIXED_chembl26.sdf,4307,NS(=O)(=O)c1cc(C(=O)Cn2cnc(-c3ccccc3)c2-c2ccccc2)ccc1Cl,8.8,experimental,,,imidazole,,2026-06-26T14:17:42.041183+00:00
FIXED_chembl26.sdf,4308,NS(=O)(=O)c1cc(C(=O)Cn2ccnc2-c2ccccc2)ccc1Cl,8.8,experimental,,,imidazole,,2026-06-26T14:17:43.158051+00:00
FIXED_chembl26.sdf,4309,CCc1nccn1CC(=O)c1ccc(Cl)c(S(N)(=O)=O)c1,8.8,experimental,,,imidazole,,2026-06-26T14:17:44.051131+00:00
FIXED_chembl26.sdf,4310,NS(=O)(=O)c1cc(C(=O)Cn2ccnc2)ccc1Cl,8.8,experimental,,,imidazole,,2026-06-26T14:17:44.799969+00:00
FIXED_chembl26.sdf,4311,Cc1cc2ncn(CC(=O)c3ccc(Cl)c(S(N)(=O)=O)c3)c2cc1C,8.8,experimental,,,benzimidazole,,2026-06-26T14:17:45.572432+00:00
FIXED_chembl26.sdf,4312,NS(=O)(=O)c1cc(C(=O)Cn2cnc3ccccc32)ccc1Cl,8.8,experimental,,,benzimidazole,,2026-06-26T14:17:46.504853+00:00
FIXED_chembl26.sdf,4313,COc1ccc(C([N+](=O)[O-])[N+](=O)[O-])cc1,3.9,experimental,,,nitro,,2026-06-26T14:17:50.167721+00:00
FIXED_chembl26.sdf,4314,O=[N+]([O-])C(c1ccccc1)[N+](=O)[O-],3.77,experimental,,,nitro,,2026-06-26T14:17:52.155957+00:00
FIXED_chembl26.sdf,4317,O=C(Nc1ccc(C(F)(F)F)nc1)C1=C(O)CC(Cc2ccccc2)NC1=O,6.5,experimental,,,pyridine,,2026-06-26T14:17:55.218988+00:00
FIXED_chembl26.sdf,4322,O=C(Nc1ccc(Oc2ccccc2)cc1)C1=C(O)CC(Cc2ccccc2)NC1=O,6.5,experimental,,,amide_secondary,,2026-06-26T14:18:26.074326+00:00
FIXED_chembl26.sdf,4328,CCCCCCOc1ccc(NC(=O)C2=C(O)C(Cc3ccccc3)NC2=O)cc1,3.0,experimental,,,amide_secondary,,2026-06-26T14:18:28.185355+00:00
FIXED_chembl26.sdf,4332,O=C(Nc1ccc(N2CCCCC2)cc1)C1=C(O)C(CCc2ccccc2)NC1=O,3.0,experimental,,,amide_secondary,,2026-06-26T14:18:29.386954+00:00
FIXED_chembl26.sdf,4334,COCC1NC(=O)C(C(=O)Nc2ccc(C3CCCCC3)cc2)=C1O,3.0,experimental,,,aniline,,2026-06-26T14:18:33.807792+00:00
FIXED_chembl26.sdf,4342,CO[C@H]1C(=O)N2C(C(=O)c3ccccc3)=C(CSc3nnnn3C)C(Sc3nnnn3C)S(=O)(=O)[C@H]12,3.5,experimental,,,sulfone,,2026-06-26T14:19:44.695741+00:00
FIXED_chembl26.sdf,4345,CO[C@H]1C(=O)N2C(C(=O)C(C)(C)C)=C(CSc3nnnn3C)CS(=O)(=O)[C@H]12,11.6,experimental,,,enamine,,2026-06-26T14:19:59.570430+00:00
FIXED_chembl26.sdf,4346,CO[C@H]1C(=O)N2C(C(=O)C(C)(C)C)=C(CSc3nnc(C)s3)CS(=O)(=O)[C@H]12,11.9,experimental,,,enamine,,2026-06-26T14:20:01.340483+00:00
FIXED_chembl26.sdf,4347,CO[C@H]1C(=O)N2C(C(=O)C(C)(C)C)=C(C)C(Sc3nnc(C)s3)S(=O)(=O)[C@H]12,7.5,experimental,,,124-s4-triazole,,2026-06-26T14:20:05.740659+00:00
FIXED_chembl26.sdf,4348,CO[C@H]1C(=O)N2C(C(=O)C(C)(C)C)=C(C)C(Sc3nc(=O)c(=O)[nH]n3C)S(=O)(=O)[C@H]12,8.9,experimental,,,124triazine,,2026-06-26T14:20:11.671046+00:00
FIXED_chembl26.sdf,4349,CO[C@H]1C(=O)N2C(C(=O)C(C)(C)C)=C(CSc3nnc(C)s3)C(Sc3nnc(C)s3)S(=O)(=O)[C@H]12,5.8,experimental,,,sulfone,,2026-06-26T14:20:17.845380+00:00
FIXED_chembl26.sdf,4350,CO[C@H]1C(=O)N2C(C(=O)c3ccccc3)=C(CSc3nnnn3C)CS(=O)(=O)[C@H]12,8.4,experimental,,,tetrazole,,2026-06-26T14:20:24.779742+00:00
FIXED_chembl26.sdf,4351,CO[C@H]1C(=O)N2C(C(=O)c3ccccc3)=C(C)C(Sc3nc(=O)c(=O)[nH]n3C)S(=O)(=O)[C@H]12,5.7,experimental,,,enamine,,2026-06-26T14:20:32.585882+00:00
FIXED_chembl26.sdf,4352,CO[C@H]1C(=O)N2C(C(=O)C(C)(C)C)=C(C)C(Sc3nnnn3C)S(=O)(=O)[C@H]12,7.9,experimental,,,enamine,,2026-06-26T14:20:37.419309+00:00
FIXED_chembl26.sdf,4353,N[C@@H](CS)C(=O)O,8.3,experimental,,,primary_amine,,2026-06-26T14:20:40.783246+00:00
FIXED_chembl26.sdf,4354,N[C@@H](CS)C(=O)O,8.7,experimental,,,primary_amine,,2026-06-26T14:20:42.610519+00:00
FIXED_chembl26.sdf,4357,Cc1nc(N)sc1-c1ccnc(Nc2ccc(N3CCOCC3)cc2)n1,4.4,experimental,,,pyrimidine,,2026-06-26T14:20:48.003415+00:00
FIXED_chembl26.sdf,4358,Cc1nc(C)c(-c2ccnc(Nc3ccc(N(C)C)cc3)n2)s1,5.5,experimental,,,pyrimidine,,2026-06-26T14:20:50.565457+00:00
FIXED_chembl26.sdf,4359,c1cc([C@H]2CC[C@]3(CC2)OO[C@]2(O3)C3CC4CC(C3)CC2C4)ccc1OCCN1CCOCC1,6.81,experimental,,,tertiary_amine,,2026-06-26T14:20:57.967158+00:00
FIXED_chembl26.sdf,4360,c1cc(C2CCC3(CC2)CCC2(OO3)C3CC4CC(C3)CC2C4)ccc1OCCN1CCOCC1,6.81,experimental,,,tertiary_amine,,2026-06-26T14:21:01.135448+00:00
FIXED_chembl26.sdf,4361,c1cc([C@H]2CC[C@@]3(CC2)C[C@@]2(OO3)C3CC4CC(C3)CC2C4)ccc1OCCN1CCOCC1,6.82,experimental,,,tertiary_amine,,2026-06-26T14:21:04.232876+00:00
FIXED_chembl26.sdf,4362,c1cc(C2CCC3(CC2)CCC2(OC3)C3CC4CC(C3)CC2C4)ccc1OCCN1CCOCC1,6.82,experimental,,,tertiary_amine,,2026-06-26T14:21:06.015740+00:00
FIXED_chembl26.sdf,4363,CC(C)(N)CNC(=O)C[C@H]1CC[C@]2(CC1)OO[C@]1(O2)C2CC3CC(C2)CC1C3,9.05,experimental,,,primary_amine,,2026-06-26T14:21:08.966116+00:00
FIXED_chembl26.sdf,4364,CC(C)(N)CNC(=O)C[C@H]1CC[C@@]2(CC1)C[C@@]1(OO2)C2CC3CC(C2)CC1C3,9.05,experimental,,,primary_amine,,2026-06-26T14:21:11.170942+00:00
FIXED_chembl26.sdf,4365,CC(C)(N)CNC(=O)CC1CCC2(CC1)COC1(OO2)C2CC3CC(C2)CC1C3,9.05,experimental,,,primary_amine,,2026-06-26T14:21:13.313924+00:00
FIXED_chembl26.sdf,4366,CC(C)(N)CNC(=O)CC1CCC2(CC1)OOC1(OO2)C2CC3CC(C2)CC1C3,9.05,experimental,,,primary_amine,,2026-06-26T14:21:14.883720+00:00
FIXED_chembl26.sdf,4367,Oc1n[nH]c(SCc2ccccc2)n1,6.03,experimental,,,124triazole,,2026-06-26T14:21:19.427668+00:00
FIXED_chembl26.sdf,4368,Oc1n[nH]c(SCc2ccccc2)n1,7.85,experimental,,,124triazole,,2026-06-26T14:21:21.181015+00:00
FIXED_chembl26.sdf,4369,CCCN(CCC)C(=O)c1cccc(C(=O)N[C@@H](Cc2ccccc2)[C@H](O)CNC2CC2)c1.Cl,8.4,experimental,,,secondary_amine,,2026-06-26T14:21:25.318144+00:00
FIXED_chembl26.sdf,4370,CC[C@H](C)Nc1cc(C(=O)N[C@@H](Cc2ccccc2)[C@H](O)[C@H]2CCCN2)cc(S(C)(=O)=O)n1.Cl,9.4,experimental,,,secondary_amine,,2026-06-26T14:21:28.940485+00:00
FIXED_chembl26.sdf,4371,CCCN(CCC)C(=O)c1cccc(C(=O)N[C@@H](Cc2ccccc2)[C@H](O)[C@H]2CCCN2)c1.Cl,9.6,experimental,,,secondary_amine,,2026-06-26T14:21:30.719666+00:00
FIXED_chembl26.sdf,4372,CC(=O)N[C@@H](Cc1cc(F)cc(F)c1)[C@H](O)[C@H]1C[C@@H](OCC2CCCCC2)CN1.Cl,8.2,experimental,,,secondary_amine,,2026-06-26T14:21:33.761636+00:00
FIXED_chembl26.sdf,4373,CC(=O)N[C@@H](Cc1cc(F)cc(F)c1)[C@H](O)[C@H]1CC[C@@H](OCC2CCCCC2)CN1.Cl,8.6,experimental,,,secondary_amine,,2026-06-26T14:21:36.349509+00:00
FIXED_chembl26.sdf,4374,CC(=O)N[C@@H](Cc1cc(F)cc(F)c1)[C@H](O)[C@H]1CO[C@@H](OCC2CCCCC2)CN1.O=C(O)C(F)(F)F,6.7,experimental,,,carboxylic_acid,,2026-06-26T14:21:41.151891+00:00
FIXED_chembl26.sdf,4375,CC(=O)N[C@@H](Cc1cc(F)cc(F)c1)[C@H](O)[C@H]1CO[C@@H](OCC2CCCCC2)[C@H](C)N1.Cl,6.7,experimental,,,secondary_amine,,2026-06-26T14:21:44.242896+00:00
FIXED_chembl26.sdf,4376,CC(=O)N[C@@H](Cc1cc(F)cc(F)c1)[C@H](O)[C@H]1CO[C@@H](OCC(C)(C)C)[C@H](C)N1.Cl,6.9,experimental,,,secondary_amine,,2026-06-26T14:21:46.365793+00:00
FIXED_chembl26.sdf,4377,CN(C)CC(Oc1ccccc1)Oc1ccccc1,9.2,experimental,,,tertiary_amine,,2026-06-26T14:21:48.523649+00:00
FIXED_chembl26.sdf,4378,O=c1[nH]c2ccccc2n1C1CCN(CCCC(c2ccc(F)cc2)c2ccc(F)cc2)CC1,7.3,experimental,,,tertiary_amine,,2026-06-26T14:21:50.517782+00:00
FIXED_chembl26.sdf,4379,O=c1[nH]c2ccccc2n1C1CCN(CCCC(c2ccc(F)cc2)c2ccc(F)cc2)CC1,8.63,experimental,,,tertiary_amine,,2026-06-26T14:21:52.121950+00:00
FIXED_chembl26.sdf,4380,CC(=O)CC(c1ccccc1)c1c(O)c2ccccc2oc1=O,5.1,experimental,,,phenol,,2026-06-26T14:22:08.064567+00:00
FIXED_chembl26.sdf,4381,CC(=O)CC(c1ccccc1)c1c(O)c2ccccc2oc1=O,4.85,experimental,,,phenol,,2026-06-26T14:22:15.528810+00:00
FIXED_chembl26.sdf,4382,CC(=O)CC(c1ccccc1)c1c(O)c2ccccc2oc1=O,4.9,experimental,,,phenol,,2026-06-26T14:22:18.617301+00:00
FIXED_chembl26.sdf,4384,Cc1onc(-c2ccccc2)c1C(=O)N[C@@H]1C(=O)N2[C@@H]1SC(C)(C)[C@@H]2C(=O)O,2.8,experimental,,,carboxylic_acid,,2026-06-26T14:22:20.846814+00:00
FIXED_chembl26.sdf,4387,Oc1ccc(C(O)C2CCCCN2)cc1O,9.9,experimental,,,secondary_amine,,2026-06-26T14:22:23.420458+00:00
FIXED_chembl26.sdf,4388,CN(CCCN1c2ccccc2CCc2ccccc21)CC(=O)c1ccc(Cl)cc1,6.7,experimental,,,aniline,,2026-06-26T14:22:27.453307+00:00
FIXED_chembl26.sdf,4389,Oc1ccc2c3c1O[C@H]1[C@@H](O)CC[C@@]4(O)[C@@H](C2)N(CC2CCC2)CC[C@]314,8.7,experimental,,,tertiary_amine,,2026-06-26T14:22:30.287978+00:00
FIXED_chembl26.sdf,4403,N=C(N)NC(=O)c1nc(Cl)c(N)nc1N,8.7,experimental,,,guanidine,,2026-06-26T14:22:48.903035+00:00
FIXED_chembl26.sdf,4404,N=C(N)NC(=O)c1nc(Cl)c(N)nc1N,8.6,experimental,,,guanidine,,2026-06-26T14:22:50.516667+00:00
FIXED_chembl26.sdf,4405,N=C(N)NC(=O)c1nc(Cl)c(N)nc1N,8.65,experimental,,,guanidine,,2026-06-26T14:22:51.606864+00:00
FIXED_chembl26.sdf,4406,CCOC(=O)Nc1ccc2c(c1)N(C(=O)CCN1CCOCC1)c1ccccc1S2,6.4,experimental,,,tertiary_amine,,2026-06-26T14:22:56.453054+00:00
FIXED_chembl26.sdf,4412,CC(C)COCC(CN(Cc1ccccc1)c1ccccc1)N1CCCC1,9.3,experimental,,,tertiary_amine,,2026-06-26T14:23:08.827230+00:00
FIXED_chembl26.sdf,4413,CC(C)(C)NCC(O)COc1cccc2c1CCC(=O)N2,9.2,experimental,,,secondary_amine,,2026-06-26T14:23:11.493437+00:00
FIXED_chembl26.sdf,4414,COCC(=O)O[C@]1(CCN(C)CCCc2nc3ccccc3[nH]2)CCc2cc(F)ccc2[C@@H]1C(C)C,9.3,experimental,,,tertiary_amine,,2026-06-26T14:23:13.017827+00:00
FIXED_chembl26.sdf,4415,OCCN1CCN(CCCN2c3ccccc3Sc3ccc(Cl)cc32)CC1,7.8,experimental,,,tertiary_amine,,2026-06-26T14:23:16.722790+00:00
FIXED_chembl26.sdf,4418,OCCN1CCN(CCCN2c3ccccc3Sc3ccc(Cl)cc32)CC1,8.11,experimental,,,tertiary_amine,,2026-06-26T14:23:28.253737+00:00
FIXED_chembl26.sdf,4419,OCCN1CCN(CCCN2c3ccccc3Sc3ccc(Cl)cc32)CC1,8.04,experimental,,,tertiary_amine,,2026-06-26T14:23:29.880810+00:00
FIXED_chembl26.sdf,4423,CCC(=O)C(CC(C)N(C)C)(c1ccccc1)c1ccccc1,9.3,experimental,,,tertiary_amine,,2026-06-26T14:23:37.572177+00:00
FIXED_chembl26.sdf,4424,CCC(=O)C(CC(C)N(C)C)(c1ccccc1)c1ccccc1,8.25,experimental,,,tertiary_amine,,2026-06-26T14:23:38.968096+00:00
FIXED_chembl26.sdf,4425,Clc1ccc2nsnc2c1NC1=NCCN1,8.0,experimental,,,aniline,,2026-06-26T14:23:40.158264+00:00
FIXED_chembl26.sdf,4426,C1COC(NC(C2CC2)C2CC2)=N1,9.3,experimental,,,amidine,,2026-06-26T14:23:42.529679+00:00
FIXED_chembl26.sdf,4427,C1COC(NC(C2CC2)C2CC2)=N1,9.22,experimental,,,amidine,,2026-06-26T14:23:43.590100+00:00
FIXED_chembl26.sdf,4429,COc1ccccc1OCCNCC(O)COc1cccc2[nH]c3ccccc3c12,9.3,experimental,,,secondary_amine,,2026-06-26T14:23:46.918568+00:00
FIXED_chembl26.sdf,4430,COc1ccccc1OCCNCC(O)COc1cccc2[nH]c3ccccc3c12,7.97,experimental,,,secondary_amine,,2026-06-26T14:23:51.539879+00:00
FIXED_chembl26.sdf,4431,Nc1nc2ccc(OC(F)(F)F)cc2s1,6.5,experimental,,,aniline,,2026-06-26T14:23:54.126404+00:00
FIXED_chembl26.sdf,4447,CC1CCCC(C)N1CCCC(O)(c1ccccc1)c1ccccn1,10.2,experimental,,,tertiary_amine,,2026-06-26T14:24:22.091350+00:00
FIXED_chembl26.sdf,4448,C[C@H](CS)C(=O)N1C[C@@H](Sc2ccccc2)C[C@H]1C(=O)O,3.7,experimental,,,carboxylic_acid,,2026-06-26T14:24:24.686129+00:00
FIXED_chembl26.sdf,4449,CC(C)NCC(O)COc1ccc(COCCOC(C)C)cc1,9.2,experimental,,,secondary_amine,,2026-06-26T14:24:26.863165+00:00
FIXED_chembl26.sdf,4450,CC(C)NCC(O)COc1ccc(COCCOC(C)C)cc1,9.57,experimental,,,secondary_amine,,2026-06-26T14:24:28.420803+00:00
FIXED_chembl26.sdf,4461,NS(=O)(=O)c1cc2c(cc1Cl)N=CNS2(=O)=O,6.7,experimental,,,amidine,,2026-06-26T14:24:55.127150+00:00
FIXED_chembl26.sdf,4481,COc1ccc2c(c1)N(C[C@H](C)CN(C)C)c1ccccc1S2,9.2,experimental,,,tertiary_amine,,2026-06-26T14:25:36.443997+00:00
FIXED_chembl26.sdf,4482,COc1ccc2c(c1)N(C[C@H](C)CN(C)C)c1ccccc1S2,9.19,experimental,,,tertiary_amine,,2026-06-26T14:25:38.217839+00:00
FIXED_chembl26.sdf,4496,CC(CN1c2ccccc2Sc2ccccc21)N(C)C,8.89,experimental,,,tertiary_amine,,2026-06-26T14:25:52.542803+00:00
FIXED_chembl26.sdf,4513,O=C1C(CC[S+]([O-])c2ccccc2)C(=O)N(c2ccccc2)N1c1ccccc1,2.8,experimental,,,peramine,,2026-06-26T14:26:19.611768+00:00
FIXED_chembl26.sdf,4514,CCN(CC)C(=O)N[C@H]1C[C@@H]2c3cccc4[nH]cc(c34)C[C@H]2N(C)C1,6.8,experimental,,,isoquinoline,,2026-06-26T14:26:26.503098+00:00
FIXED_chembl26.sdf,4523,COc1cc(N)c(Cl)cc1C(=O)NC1CCN(CCCOc2ccc(F)cc2)CC1OC,7.7,experimental,,,tertiary_amine,,2026-06-26T14:26:39.284320+00:00
FIXED_chembl26.sdf,4524,COc1cc(N)c(Cl)cc1C(=O)NC1CCN(CCCOc2ccc(F)cc2)CC1OC,7.9,experimental,,,tertiary_amine,,2026-06-26T14:26:40.986856+00:00
FIXED_chembl26.sdf,4525,CN1CCN(CC(=O)N2c3ccccc3C(=O)Nc3cccnc32)CC1,8.1,experimental,,,tertiary_amine,,2026-06-26T14:26:44.885085+00:00
FIXED_chembl26.sdf,4526,CN1CCN(CC(=O)N2c3ccccc3C(=O)Nc3cccnc32)CC1,0.7,experimental,,,tertiary_amine,,2026-06-26T14:27:04.966088+00:00
FIXED_chembl26.sdf,4527,Cc1cc2c(s1)Nc1ccccc1N=C2N1CCN(C)CC1,8.0,experimental,,,tertiary_amine,,2026-06-26T14:27:17.911032+00:00
FIXED_chembl26.sdf,4528,Cc1cc2c(s1)Nc1ccccc1N=C2N1CCN(C)CC1,4.66,experimental,,,aniline,,2026-06-26T14:27:24.874874+00:00
FIXED_chembl26.sdf,4529,Cc1cc2c(s1)Nc1ccccc1N=C2N1CCN(C)CC1,8.5,experimental,,,tertiary_amine,,2026-06-26T14:27:27.396944+00:00
FIXED_chembl26.sdf,4530,CCOC(=O)c1ncn2c1CN(C)C(=O)c1cc(F)ccc1-2,6.2,experimental,,,imidazole,,2026-06-26T14:27:30.041921+00:00
FIXED_chembl26.sdf,4531,O=C(NC1CCN(CCc2c[nH]c3ccccc23)CC1)c1ccccc1,7.7,experimental,,,tertiary_amine,,2026-06-26T14:27:33.037923+00:00
FIXED_chembl26.sdf,4532,CCOC(=O)C1(c2ccccc2)CCN(C)CC1,8.7,experimental,,,tertiary_amine,,2026-06-26T14:27:34.579042+00:00
FIXED_chembl26.sdf,4533,CCOC(=O)C1(c2ccccc2)CCN(C)CC1,10.5,experimental,,,tertiary_amine,,2026-06-26T14:27:35.701814+00:00
FIXED_chembl26.sdf,4535,CCN1CCCC1CNC(=O)c1cc(S(N)(=O)=O)ccc1OC,9.0,experimental,,,tertiary_amine,,2026-06-26T14:27:39.155630+00:00
FIXED_chembl26.sdf,4536,CCN1CCCC1CNC(=O)c1cc(S(N)(=O)=O)ccc1OC,9.12,experimental,,,tertiary_amine,,2026-06-26T14:27:51.436554+00:00
FIXED_chembl26.sdf,4538,CCCN(CCC)S(=O)(=O)c1ccc(C(=O)O)cc1,3.4,experimental,,,carboxylic_acid,,2026-06-26T14:27:53.462462+00:00
FIXED_chembl26.sdf,4539,CNC[C@H](O)c1cccc(O)c1,9.8,experimental,,,secondary_amine,,2026-06-26T14:27:56.351334+00:00
FIXED_chembl26.sdf,4540,CCN1CCC[C@H]1CNC(=O)c1c(O)c(Cl)cc(Cl)c1OC,9.2,experimental,,,tertiary_amine,,2026-06-26T14:27:58.860995+00:00
FIXED_chembl26.sdf,4541,CC(C)n1c(/C=C/C(O)CC(O)CC(=O)O)c(-c2ccc(F)cc2)c2ccccc21,4.5,experimental,,,carboxylic_acid,,2026-06-26T14:28:01.456815+00:00
FIXED_chembl26.sdf,4542,CC(C)n1c(/C=C/C(O)CC(O)CC(=O)O)c(-c2ccc(F)cc2)c2ccccc21,4.31,experimental,,,carboxylic_acid,,2026-06-26T14:28:02.918079+00:00
FIXED_chembl26.sdf,4547,Cc1nccn1CC1CCc2c(c3ccccc3n2C)C1=O,7.3,experimental,,,imidazole,,2026-06-26T14:28:05.563456+00:00
FIXED_chembl26.sdf,4548,CC(NCCc1ccc(O)cc1)C(O)c1ccc(O)cc1,9.0,experimental,,,secondary_amine,,2026-06-26T14:28:08.858957+00:00
FIXED_chembl26.sdf,4550,NC(N)=Nc1nc(CSCC/C(N)=N/S(N)(=O)=O)cs1,7.1,experimental,,,guanidine,,2026-06-26T14:28:11.898815+00:00
FIXED_chembl26.sdf,4557,CC(C)(C)NC[C@@H](O)COc1cccc2c1CCCC2=O,9.3,experimental,,,secondary_amine,,2026-06-26T14:29:26.998852+00:00
FIXED_chembl26.sdf,4561,CN1CCN2c3ncccc3Cc3ccccc3C2C1,7.3,experimental,,,tertiary_amine,,2026-06-26T14:29:37.211691+00:00
FIXED_chembl26.sdf,4565,CN1CCN2c3ncccc3Cc3ccccc3C2C1,7.79,experimental,,,tertiary_amine,,2026-06-26T14:29:39.316478+00:00
FIXED_chembl26.sdf,4566,Nc1c(CC(=O)O)cccc1C(=O)c1ccc(Br)cc1,4.3,experimental,,,carboxylic_acid,,2026-06-26T14:29:41.176509+00:00
FIXED_chembl26.sdf,4567,N#Cc1ccccc1OCC(O)CNCCNC(=O)Cc1ccc(O)cc1,7.8,experimental,,,secondary_amine,,2026-06-26T14:29:46.410408+00:00
FIXED_chembl26.sdf,4568,CC(C)(C)NCC(O)c1ccc(O)c(CO)c1,9.3,experimental,,,secondary_amine,,2026-06-26T14:29:49.057947+00:00
FIXED_chembl26.sdf,4570,CCC1(c2cccc(O)c2)CCCCN(C)C1,8.7,experimental,,,tertiary_amine,,2026-06-26T14:29:50.827728+00:00
FIXED_chembl26.sdf,4571,COc1ccccc1N1CCN(CCCNc2cc(=O)n(C)c(=O)n2C)CC1,7.1,experimental,,,tertiary_amine,,2026-06-26T14:29:54.938366+00:00
FIXED_chembl26.sdf,4577,Cc1ccc(S(=O)(=O)Nc2ccccc2)cc1,9.35,experimental,,,aniline,,2026-06-26T14:30:18.235901+00:00
FIXED_chembl26.sdf,4619,CO[C@H]1/C=C\C=C(\C)C(=O)NC2=CC(=O)C(NCCN(C)C)=C(C[C@@H](C)C[C@H](OC)[C@H](N)[C@@H](C)/C=C(/C)[C@@H]1OC(N)=O)C2=O,9.2,experimental,,,tertiary_amine,,2026-06-26T14:31:01.092244+00:00
FIXED_chembl26.sdf,4620,CO[C@H]1/C=C\C=C(\C)C(=O)NC2=CC(=O)C(NCCN(C)C)=C(C[C@@H](C)C[C@H](OC)[C@H](NCCF)[C@@H](C)/C=C(/C)[C@@H]1OC(N)=O)C2=O,9.0,experimental,,,tertiary_amine,,2026-06-26T14:31:02.949825+00:00
FIXED_chembl26.sdf,4621,CO[C@H]1/C=C\C=C(\C)C(=O)NC2=CC(=O)C(NCCN(C)C)=C(C[C@@H](C)C[C@H](OC)[C@H](NCC(F)F)[C@@H](C)/C=C(/C)[C@@H]1OC(N)=O)C2=O,7.5,experimental,,,tertiary_amine,,2026-06-26T14:31:04.283981+00:00
FIXED_chembl26.sdf,4623,CO[C@H]1/C=C\C=C(\C)C(=O)NC2=CC(=O)C(NCCN(C)C)=C(C[C@@H](C)C[C@H](OC)[C@H](NCCC(F)(F)F)[C@@H](C)/C=C(/C)[C@@H]1OC(N)=O)C2=O,8.9,experimental,,,tertiary_amine,,2026-06-26T14:31:17.359387+00:00
FIXED_chembl26.sdf,4633,C=C(C)[C@H]1CN[C@H](C(=O)O)[C@H]1CC(=O)O,10.1,experimental,,,secondary_amine,,2026-06-26T14:31:36.596490+00:00
FIXED_chembl26.sdf,4636,N[C@H](C(=O)O)[C@H]1C[C@@H]1C(=O)O,9.7,experimental,,,primary_amine,,2026-06-26T14:31:42.191641+00:00
FIXED_chembl26.sdf,4639,N[C@H](C(=O)O)[C@@H]1C[C@@H]1C(=O)O,10.0,experimental,,,primary_amine,,2026-06-26T14:31:47.047993+00:00
FIXED_chembl26.sdf,4642,COC[C@@H]1[C@H](C(=O)O)[C@H]1[C@H](N)C(=O)O,9.7,experimental,,,primary_amine,,2026-06-26T14:31:53.097935+00:00
FIXED_chembl26.sdf,4645,N[C@H](C(=O)O)[C@H]1C[C@H]1C(=O)O,10.0,experimental,,,primary_amine,,2026-06-26T14:31:57.548143+00:00
FIXED_chembl26.sdf,4650,COC[C@H]1[C@H](C(=O)O)[C@H]1[C@H](N)C(=O)O,10.2,experimental,,,primary_amine,,2026-06-26T14:32:08.571924+00:00
FIXED_chembl26.sdf,4651,COC[C@H]1[C@H](C(=O)O)[C@H]1[C@H](N)C(=O)O,9.3,experimental,,,primary_amine,,2026-06-26T14:32:11.542550+00:00
FIXED_chembl26.sdf,4654,N[C@H](CC1OC(=O)NC1=O)C(=O)O,9.0,experimental,,,primary_amine,,2026-06-26T14:32:18.884757+00:00
FIXED_chembl26.sdf,4657,N[C@H](C(=O)O)[C@@H]1C[C@H]1C(=O)O,9.5,experimental,,,primary_amine,,2026-06-26T14:32:25.144857+00:00
FIXED_chembl26.sdf,4660,COC[C@H]1[C@H](C(=O)O)[C@@H]1[C@H](N)C(=O)O,9.6,experimental,,,primary_amine,,2026-06-26T14:32:30.727537+00:00
FIXED_chembl26.sdf,4663,N[C@H](C(=O)O)[C@H]1[C@H](C(=O)O)[C@@H]1C(=O)O,9.5,experimental,,,primary_amine,,2026-06-26T14:32:36.983387+00:00
FIXED_chembl26.sdf,4666,COC[C@@H]1[C@H](C(=O)O)[C@@H]1[C@H](N)C(=O)O,10.1,experimental,,,primary_amine,,2026-06-26T14:32:42.216182+00:00
FIXED_chembl26.sdf,4667,C[C@@]1(c2cccc(NC(=O)c3ccc(Br)cn3)c2)COCC(N)=N1,9.5,experimental,,,amidine,,2026-06-26T14:32:46.361722+00:00
FIXED_chembl26.sdf,4668,NC1=N[C@](CF)(c2cccc(NC(=O)c3ccc(Br)cn3)c2)COC1,8.2,experimental,,,amidine,,2026-06-26T14:32:47.815494+00:00
FIXED_chembl26.sdf,4669,NC1=N[C@@](c2cccc(NC(=O)c3ccc(Br)cn3)c2)(C(F)F)COC1,7.1,experimental,,,amidine,,2026-06-26T14:32:49.038143+00:00
FIXED_chembl26.sdf,4689,CCC(CC)[C@@H](CO)NS(=O)(=O)c1ccc(Cl)s1,9.6,experimental,,,primary_alcohol,,2026-06-26T14:33:15.877161+00:00
FIXED_chembl26.sdf,4690,O=S(=O)(N[C@H](CO)C(CC(F)(F)F)CC(F)(F)F)c1ccc(Cl)s1,8.9,experimental,,,primary_alcohol,,2026-06-26T14:33:17.433130+00:00
FIXED_chembl26.sdf,4691,O=S(=O)(N[C@H](CO)C(C(F)(F)F)C(F)(F)F)c1ccc(Cl)s1,8.3,experimental,,,primary_alcohol,,2026-06-26T14:33:19.224182+00:00
FIXED_chembl26.sdf,4699,CS(=O)(=O)NC(=O)Nc1ccc(C(F)(F)F)cc1,4.2,experimental,,,sulfamide,,2026-06-26T14:33:38.730524+00:00
FIXED_chembl26.sdf,4725,OC[C@H]1O[C@H](Oc2ccc(-c3cc(F)c(O)c(F)c3)cc2)[C@@H](O)[C@@H](O)[C@@H]1O,6.5,experimental,,,phenol,,2026-06-26T14:34:33.439511+00:00
FIXED_chembl26.sdf,4806,COc1ccc(C(=O)O)cc1-c1ccc(C#CCO)s1,4.2,experimental,,,carboxylic_acid,,2026-06-26T14:38:23.667594+00:00
FIXED_chembl26.sdf,4807,COc1cc(C)c(C(=O)O)cc1-c1ccc(C#CCO)s1,4.2,experimental,,,carboxylic_acid,,2026-06-26T14:38:25.018096+00:00
FIXED_chembl26.sdf,4808,COc1cc(C)c(-c2noc(=O)[nH]2)cc1-c1ccc(C#CCO)s1,5.5,experimental,,,hydroxy-1234riazine,,2026-06-26T14:38:29.714818+00:00
FIXED_chembl26.sdf,4810,COc1cc(C)c(C(=O)NS(C)(=O)=O)cc1-c1ccc(C#CCO)s1,4.0,experimental,,,sulfamide,,2026-06-26T14:38:39.407753+00:00
FIXED_chembl26.sdf,4816,COc1cc(C)c(S(=O)(=O)NC(=O)c2cccc3cccnc23)cc1-c1ccc(C#CCO)s1,4.4,experimental,,,aromatic_thiosulfamide,,2026-06-26T14:38:58.111466+00:00
FIXED_chembl26.sdf,4817,Oc1cc(C2CCNCC2)sn1,6.9,experimental,,,secondary_amine,,2026-06-26T14:39:03.094179+00:00
FIXED_chembl26.sdf,4818,Oc1cc(C2CCNCC2)sn1,10.7,experimental,,,secondary_amine,,2026-06-26T14:39:05.093832+00:00
FIXED_chembl26.sdf,4819,O=C(O)CCC1=CCNCC1,3.7,experimental,,,secondary_amine,,2026-06-26T14:39:07.302202+00:00
FIXED_chembl26.sdf,4820,O=C(O)CCC1=CCNCC1,10.4,experimental,,,secondary_amine,,2026-06-26T14:39:09.342723+00:00
FIXED_chembl26.sdf,4822,Oc1cc(C2CCNCC2)no1,10.6,experimental,,,secondary_amine,,2026-06-26T14:39:32.193759+00:00
FIXED_chembl26.sdf,4823,Oc1cc(C2=CCNCC2)on1,5.1,experimental,,,secondary_amine,,2026-06-26T14:39:47.270629+00:00
FIXED_chembl26.sdf,4824,Oc1cc(C2=CCNCC2)on1,9.4,experimental,,,secondary_amine,,2026-06-26T14:39:50.382292+00:00
FIXED_chembl26.sdf,4825,Oc1noc2c1CCNC2,4.4,experimental,,,phenol,,2026-06-26T14:39:54.486448+00:00
FIXED_chembl26.sdf,4826,Oc1noc2c1CCNC2,8.5,experimental,,,secondary_amine,,2026-06-26T14:39:57.837003+00:00
FIXED_chembl26.sdf,4829,O=C(O)C1=CCNCC1,3.6,experimental,,,carboxylic_acid,,2026-06-26T14:40:00.248028+00:00
FIXED_chembl26.sdf,4830,O=C(O)C1=CCNCC1,9.8,experimental,,,secondary_amine,,2026-06-26T14:40:01.976889+00:00
FIXED_chembl26.sdf,4831,O=C(O)/C=C/C1CCNCC1,4.0,experimental,,,carboxylic_acid,,2026-06-26T14:40:03.511854+00:00
FIXED_chembl26.sdf,4832,O=C(O)/C=C/C1CCNCC1,10.8,experimental,,,secondary_amine,,2026-06-26T14:40:04.447422+00:00
FIXED_chembl26.sdf,4833,O=C(O)/C=C/C1=CCNCC1,4.1,experimental,,,carboxylic_acid,,2026-06-26T14:40:05.816020+00:00
FIXED_chembl26.sdf,4834,O=C(O)/C=C/C1=CCNCC1,9.8,experimental,,,secondary_amine,,2026-06-26T14:40:07.303359+00:00
FIXED_chembl26.sdf,4835,NC(Cc1ccnn1O)C(=O)O,5.78,experimental,,,carboxylic_acid,,2026-06-26T14:40:10.869478+00:00
FIXED_chembl26.sdf,4836,NC(Cc1ccnn1O)C(=O)O,1.78,experimental,,,carboxylic_acid,,2026-06-26T14:40:12.480649+00:00
FIXED_chembl26.sdf,4837,NC(Cc1ccnn1O)C(=O)O,9.48,experimental,,,primary_amine,,2026-06-26T14:40:14.240465+00:00
FIXED_chembl26.sdf,4838,Cc1nnn(O)c1CC(N)C(=O)O,5.07,experimental,,,carboxylic_acid,,2026-06-26T14:40:15.693870+00:00
FIXED_chembl26.sdf,4839,Cc1nnn(O)c1CC(N)C(=O)O,1.48,experimental,,,carboxylic_acid,,2026-06-26T14:40:17.503876+00:00
FIXED_chembl26.sdf,4840,Cc1nnn(O)c1CC(N)C(=O)O,9.24,experimental,,,primary_amine,,2026-06-26T14:40:19.769146+00:00
FIXED_chembl26.sdf,4841,Cc1cnn(O)c1CC(N)C(=O)O,5.89,experimental,,,carboxylic_acid,,2026-06-26T14:40:21.237058+00:00
FIXED_chembl26.sdf,4842,Cc1cnn(O)c1CC(N)C(=O)O,2.05,experimental,,,carboxylic_acid,,2026-06-26T14:40:22.837130+00:00
FIXED_chembl26.sdf,4843,Cc1cnn(O)c1CC(N)C(=O)O,9.81,experimental,,,primary_amine,,2026-06-26T14:40:24.286304+00:00
FIXED_chembl26.sdf,4844,Cc1ncn(O)c1CC(N)C(=O)O,8.82,experimental,,,primary_amine,,2026-06-26T14:40:26.026736+00:00
FIXED_chembl26.sdf,4845,Cc1ncn(O)c1CC(N)C(=O)O,2.81,experimental,,,carboxylic_acid,,2026-06-26T14:40:27.640248+00:00
FIXED_chembl26.sdf,4846,Cc1ncn(O)c1CC(N)C(=O)O,10.2,experimental,,,primary_amine,,2026-06-26T14:40:28.609089+00:00
FIXED_chembl26.sdf,4847,N=C(N)c1ccc(N)cc1,11.4,experimental,,,amidine,,2026-06-26T14:40:31.592948+00:00
FIXED_chembl26.sdf,4848,Cc1cccc2sc(C(=N)N)cc12,9.1,experimental,,,amidine,,2026-06-26T14:40:34.511459+00:00
FIXED_chembl26.sdf,4849,Nc1nc2cc(O)ccc2[nH]1,7.4,experimental,,,aniline,,2026-06-26T14:40:37.531186+00:00
FIXED_chembl26.sdf,4851,Nc1c2ncn3c2nc[n+]1[C@@H]1S[C@H](COP(=O)([O-])OP(=O)(O)OC[C@H]2O[C@@H]3[C@H](O)[C@@H]2O)[C@@H](O)[C@H]1O,8.0,experimental,,,aniline,,2026-06-26T14:40:48.504430+00:00
FIXED_chembl26.sdf,4852,Nc1c2ncn3c2nc[n+]1[C@@H]1C[C@H](COP(=O)([O-])OP(=O)(O)OC[C@H]2O[C@@H]3[C@H](O)[C@@H]2O)[C@@H](O)[C@H]1O,9.0,experimental,,,aniline,,2026-06-26T14:40:49.813304+00:00
FIXED_chembl26.sdf,4853,O=C(c1ccc(F)cc1)c1ccc2n1CCC2C(=O)O,3.51,experimental,,,carboxylic_acid,,2026-06-26T14:40:51.487267+00:00
FIXED_chembl26.sdf,4854,CCOc1ccc(C(=O)c2ccc3n2CCC3C(=O)O)cc1,3.46,experimental,,,carboxylic_acid,,2026-06-26T14:40:53.343527+00:00
FIXED_chembl26.sdf,4855,CC(C)(C)C(=O)c1ccc2n1CCC2C(=O)O,3.57,experimental,,,carboxylic_acid,,2026-06-26T14:40:54.789712+00:00
FIXED_chembl26.sdf,4856,O=C(c1ccccc1Cl)c1ccc2n1CCC2C(=O)O,4.33,experimental,,,carboxylic_acid,,2026-06-26T14:40:55.877557+00:00
FIXED_chembl26.sdf,4857,CC(C)Oc1ccc(C(=O)c2ccc3n2CCC3C(=O)O)cc1,3.43,experimental,,,carboxylic_acid,,2026-06-26T14:40:57.533347+00:00
FIXED_chembl26.sdf,4858,O=C(c1ccc(Cl)cc1)c1ccc2n1CCC2C(=O)O,3.4,experimental,,,carboxylic_acid,,2026-06-26T14:40:58.855758+00:00
FIXED_chembl26.sdf,4859,CCOc1cccc(C(=O)c2ccc3n2CCC3C(=O)O)c1,3.46,experimental,,,carboxylic_acid,,2026-06-26T14:41:00.435809+00:00
FIXED_chembl26.sdf,4860,Cc1ccc(C(=O)c2ccc3n2CCC3C(=O)O)cc1,3.44,experimental,,,carboxylic_acid,,2026-06-26T14:41:01.529564+00:00
FIXED_chembl26.sdf,4861,COc1ccc(C(=O)c2ccc3n2CCC3C(=O)O)cc1,3.55,experimental,,,carboxylic_acid,,2026-06-26T14:41:04.727912+00:00
FIXED_chembl26.sdf,4862,O=C(c1cccc(Cl)c1)c1ccc2n1CCC2C(=O)O,3.44,experimental,,,carboxylic_acid,,2026-06-26T14:41:05.911343+00:00
FIXED_chembl26.sdf,4863,Cc1ccccc1C(=O)c1ccc2n1CCC2C(=O)O,3.44,experimental,,,carboxylic_acid,,2026-06-26T14:41:07.040107+00:00
FIXED_chembl26.sdf,4864,O=C(c1ccc2ccccc2c1)c1ccc2n1CCC2C(=O)O,3.44,experimental,,,carboxylic_acid,,2026-06-26T14:41:08.000241+00:00
FIXED_chembl26.sdf,4865,O=C(c1ccc2n1CCC2C(=O)O)C1CCC1,3.54,experimental,,,carboxylic_acid,,2026-06-26T14:41:09.538353+00:00
FIXED_chembl26.sdf,4866,O=C(c1cccc(F)c1)c1ccc2n1CCC2C(=O)O,3.46,experimental,,,carboxylic_acid,,2026-06-26T14:41:10.467069+00:00
FIXED_chembl26.sdf,4867,Cc1cccc(C(=O)c2ccc3n2CCC3C(=O)O)c1,3.44,experimental,,,carboxylic_acid,,2026-06-26T14:41:11.381421+00:00
FIXED_chembl26.sdf,4868,NC(=O)c1cc[n+](C/C=C/C[n+]2ccc(/C=N/O)c(Cl)c2)cc1.[Br-].[Br-],7.6,experimental,,,imine,,2026-06-26T14:41:15.319339+00:00
FIXED_chembl26.sdf,4869,NC(=O)c1cc[n+](C/C=C/C[n+]2cc(Cl)c(/C=N/O)c(Cl)c2)cc1.[Br-].[Br-],7.55,experimental,,,imine,,2026-06-26T14:41:16.498734+00:00
FIXED_chembl26.sdf,4870,CC(=O)/C=C(O)/C=C/c1ccc(O[C@@H]2O[C@H](CO)[C@@H](O)[C@H](O)[C@H]2O)cc1,9.22,experimental,,,primary_alcohol,,2026-06-26T14:41:36.605620+00:00
FIXED_chembl26.sdf,4871,CC(=O)/C=C(O)/C=C/c1ccc(O[C@@H]2O[C@H](CO)[C@@H](O)[C@H](O)[C@H]2O)cc1,9.26,experimental,,,primary_alcohol,,2026-06-26T14:41:41.982443+00:00
FIXED_chembl26.sdf,4872,COc1cc(/C=C/C(O)=C/C(C)=O)ccc1O[C@@H]1O[C@H](CO)[C@@H](O)[C@H](O)[C@H]1O,8.73,experimental,,,primary_alcohol,,2026-06-26T14:41:44.095068+00:00
FIXED_chembl26.sdf,4873,COc1cc(/C=C/C(O)=C/C(C)=O)ccc1O[C@@H]1O[C@H](CO)[C@@H](O)[C@H](O)[C@H]1O,8.75,experimental,,,primary_alcohol,,2026-06-26T14:41:46.221314+00:00
FIXED_chembl26.sdf,4874,CC(=O)/C=C(O)/C=C/c1ccc(O[C@@H]2O[C@H](CO)[C@@H](O)[C@H](O)[C@H]2O)c(O)c1,8.03,experimental,,,primary_alcohol,,2026-06-26T14:41:47.797441+00:00
FIXED_chembl26.sdf,4880,Cc1c2ccccc2nc2c(C(=O)NCCN(C)C)cccc12,4.34,experimental,,,quinoline,,2026-06-26T14:41:55.814406+00:00
FIXED_chembl26.sdf,4881,CN(C)CCNC(=O)c1cccc2cc3ccccc3nc12,3.54,experimental,,,quinoline,,2026-06-26T14:41:57.779935+00:00
FIXED_chembl26.sdf,4882,CN(C)CCNC(=O)c1cccc2cc3ccccc3nc12,4.24,experimental,,,quinoline,,2026-06-26T14:41:59.062576+00:00
FIXED_chembl26.sdf,4883,CN(C)CCNC(=O)c1cccc2nc3ccccc3nc12,0.84,experimental,,,pyrazine,,2026-06-26T14:42:01.498539+00:00
FIXED_chembl26.sdf,4884,CN(C)CCNC(=O)c1cccc2c(-c3ccccc3)c3ccccc3nc12,3.49,experimental,,,quinoline,,2026-06-26T14:42:02.593603+00:00
FIXED_chembl26.sdf,4885,CN(C)CCNC(=O)c1cccc2cccnc12,3.07,experimental,,,quinoline,,2026-06-26T14:42:03.607907+00:00
FIXED_chembl26.sdf,4886,O/N=C/c1nc(-c2cccc3ccccc23)no1,8.05,experimental,,,imine,,2026-06-26T14:42:06.413260+00:00
FIXED_chembl26.sdf,4887,O/N=C/c1nc(-c2ccccc2)no1,7.94,experimental,,,imine,,2026-06-26T14:42:07.512737+00:00
FIXED_chembl26.sdf,4888,O/N=C/c1nc(-c2ccccc2)no1,8.12,experimental,,,imine,,2026-06-26T14:42:08.447999+00:00
FIXED_chembl26.sdf,4890,CCN(CC)CCS/C(=N\O)c1nc(-c2ccccc2)no1.Cl,7.36,experimental,,,imine,,2026-06-26T14:42:11.589221+00:00
FIXED_chembl26.sdf,4891,O/N=C/c1nc(-c2cccs2)no1,8.03,experimental,,,imine,,2026-06-26T14:42:13.977349+00:00
FIXED_chembl26.sdf,4892,CCN(CC)CCS/C(=N\O)c1nc(-c2cccc3ccccc23)no1,6.5,experimental,,,imine,,2026-06-26T14:42:15.732522+00:00
FIXED_chembl26.sdf,4893,CCN(CC)CC/N=C(\NO)c1nc(-c2ccccc2)no1,9.85,experimental,,,tertiary_amine,,2026-06-26T14:42:17.985967+00:00
FIXED_chembl26.sdf,4894,CCN(CC)CCS/C(=N\O)c1nc(C)no1,6.32,experimental,,,imine,,2026-06-26T14:42:20.875991+00:00
FIXED_chembl26.sdf,4895,CCN(CC)CCS/C(=N\O)c1nc(C)no1,6.3,experimental,,,imine,,2026-06-26T14:42:22.414553+00:00
FIXED_chembl26.sdf,4896,CCCCCCCCc1noc(/C(=N/O)SCCN(CC)CC)n1,6.34,experimental,,,imine,,2026-06-26T14:42:23.557072+00:00
FIXED_chembl26.sdf,4897,Cc1noc(/C=N\O)n1,8.6,experimental,,,imine,,2026-06-26T14:42:24.767927+00:00
FIXED_chembl26.sdf,4898,Cc1noc(/C=N/O)n1,8.11,experimental,,,imine,,2026-06-26T14:42:33.862403+00:00
FIXED_chembl26.sdf,4899,Cc1noc(/C=N/O)n1,8.1,experimental,,,imine,,2026-06-26T14:42:35.407404+00:00
FIXED_chembl26.sdf,4900,O/N=C/c1nc(Cc2ccccc2)no1,7.94,experimental,,,imine,,2026-06-26T14:42:36.650361+00:00
FIXED_chembl26.sdf,4901,CCN(CC)CCS/C(=N\O)c1nc(-c2ccccc2)no1,6.32,experimental,,,imine,,2026-06-26T14:42:39.007996+00:00
FIXED_chembl26.sdf,4903,CC(C)(C)c1noc(/C=N/O)n1,7.91,experimental,,,imine,,2026-06-26T14:42:40.024071+00:00
FIXED_chembl26.sdf,4904,CCN(CC)CCS/C(=N\O)c1nc(C(C)(C)C)no1,6.61,experimental,,,imine,,2026-06-26T14:42:43.088371+00:00
FIXED_chembl26.sdf,4905,CCN(CC)CCS/C(=N\O)c1nc(Cc2ccccc2)no1,6.19,experimental,,,imine,,2026-06-26T14:42:44.601664+00:00
FIXED_chembl26.sdf,4910,N[C@@H](Cc1ccc(O)c(O)c1)C(=O)O,12.73,experimental,,,primary_amine,,2026-06-26T14:43:00.471278+00:00
FIXED_chembl26.sdf,4912,C[C@](N)(Cc1ccc(O)c(O)c1)C(=O)O,12.66,experimental,,,primary_amine,,2026-06-26T14:43:05.953350+00:00
FIXED_chembl26.sdf,4921,CC(C)S(=O)(=O)N[C@H]1Cc2ccc(-c3ccc(F)cn3)cc2C1,2.7,experimental,,,sulfamide,,2026-06-26T14:43:28.361560+00:00
FIXED_chembl26.sdf,4922,Cc1cccnc1-c1ccc2c(c1)CC(NS(=O)(=O)C(C)C)C2,4.9,experimental,,,sulfamide,,2026-06-26T14:43:29.699063+00:00
FIXED_chembl26.sdf,4923,Cc1ccc(-c2ccc3c(c2)CC(NS(=O)(=O)C(C)C)C3)nc1,4.9,experimental,,,sulfamide,,2026-06-26T14:43:30.819806+00:00
FIXED_chembl26.sdf,4924,CC(C)S(=O)(=O)NC1Cc2ccc(-c3ccc(F)cn3)cc2C1,2.7,experimental,,,sulfamide,,2026-06-26T14:43:32.038961+00:00
FIXED_chembl26.sdf,4925,Cc1ccc(-c2ccc3c(c2)C[C@@H](NS(=O)(=O)C(C)C)C3)cn1,5.8,experimental,,,sulfamide,,2026-06-26T14:43:32.995812+00:00
FIXED_chembl26.sdf,4930,CCOC(=O)c1cc(C#N)c(N2CCC(C(=O)NS(=O)(=O)Cc3ccc(C)cc3)CC2)nc1C,4.6,experimental,,,sulfamide,,2026-06-26T14:43:43.032794+00:00
FIXED_chembl26.sdf,4931,CCOC(=O)c1cc(C#N)c(N2CCC(C(=O)NS(=O)(=O)Cc3ccccc3)CC2)nc1C,4.6,experimental,,,sulfamide,,2026-06-26T14:43:45.005336+00:00
FIXED_chembl26.sdf,4932,CCOC(=O)c1cc(C#N)c(N2CC(C(=O)NS(=O)(=O)Cc3ccc(C)cc3)C2)nc1C,3.4,experimental,,,sulfamide,,2026-06-26T14:43:46.320723+00:00
FIXED_chembl26.sdf,4933,CCOC(=O)c1cc(C#N)c(N2CC(C(=O)NS(=O)(=O)Cc3ccccc3)C2)nc1C,3.6,experimental,,,sulfamide,,2026-06-26T14:43:47.044076+00:00
FIXED_chembl26.sdf,4934,O=C(O)c1cnccn1,2.9,experimental,,,carboxylic_acid,,2026-06-26T14:43:49.312715+00:00
FIXED_chembl26.sdf,4935,CCCCCCn1cc(CCCN[C@H]2[C@H](O)[C@@H](O)[C@H](O)[C@@H](O)[C@@H]2O)nn1,10.4,experimental,,,secondary_amine,,2026-06-26T14:43:52.641992+00:00
FIXED_chembl26.sdf,4936,CCCCCCCCCCn1cc(CCCN[C@H]2[C@H](O)[C@@H](O)[C@H](O)[C@@H](O)[C@@H]2O)nn1,9.9,experimental,,,secondary_amine,,2026-06-26T14:43:54.601195+00:00
FIXED_chembl26.sdf,4937,CCCCCCCCn1cc(CCCN[C@H]2[C@H](O)[C@@H](O)[C@H](O)[C@@H](O)[C@@H]2O)nn1,9.4,experimental,,,secondary_amine,,2026-06-26T14:43:56.057869+00:00
FIXED_chembl26.sdf,4938,CCCCCCCCCCCn1cc(CCN[C@H]2[C@H](O)[C@@H](O)[C@H](O)[C@@H](O)[C@@H]2O)nn1,9.1,experimental,,,secondary_amine,,2026-06-26T14:43:57.613781+00:00
FIXED_chembl26.sdf,4939,CCCCCCCCCn1cc(CCN[C@H]2[C@H](O)[C@@H](O)[C@H](O)[C@@H](O)[C@@H]2O)nn1,9.1,experimental,,,secondary_amine,,2026-06-26T14:43:58.558392+00:00
FIXED_chembl26.sdf,4940,CCCCCCCCn1cc(CCN[C@H]2[C@H](O)[C@@H](O)[C@H](O)[C@@H](O)[C@@H]2O)nn1,9.1,experimental,,,secondary_amine,,2026-06-26T14:43:59.721978+00:00
FIXED_chembl26.sdf,4941,O[C@@H]1[C@@H](O)[C@H](O)[C@@H](NCc2cn(CCc3ccccc3)nn2)[C@H](O)[C@H]1O,7.8,experimental,,,secondary_amine,,2026-06-26T14:44:00.886929+00:00
FIXED_chembl26.sdf,4942,CCCCCCCCCCCCCCn1cc(CN[C@H]2[C@H](O)[C@@H](O)[C@H](O)[C@@H](O)[C@@H]2O)nn1,7.7,experimental,,,secondary_amine,,2026-06-26T14:44:03.198817+00:00
FIXED_chembl26.sdf,4943,CCCCCCCCn1cc(CN[C@H]2[C@H](O)[C@@H](O)[C@H](O)[C@@H](O)[C@@H]2O)nn1,7.7,experimental,,,secondary_amine,,2026-06-26T14:44:04.562668+00:00
FIXED_chembl26.sdf,4944,CCCCn1cc(CN[C@H]2[C@H](O)[C@@H](O)[C@H](O)[C@@H](O)[C@@H]2O)nn1,7.2,experimental,,,secondary_amine,,2026-06-26T14:44:05.545512+00:00
FIXED_chembl26.sdf,4945,CCCOCCCCCCn1cc(CN[C@H]2[C@H](O)[C@@H](O)[C@H](O)[C@@H](O)[C@@H]2O)nn1,7.1,experimental,,,secondary_amine,,2026-06-26T14:44:09.543329+00:00
FIXED_chembl26.sdf,4946,CCCCCCCCCCCCn1cc(CN[C@H]2[C@H](O)[C@@H](O)[C@H](O)[C@@H](O)[C@@H]2O)nn1,7.1,experimental,,,secondary_amine,,2026-06-26T14:44:10.712181+00:00
FIXED_chembl26.sdf,4947,CCCCCCCCCCn1cc(CN[C@H]2[C@H](O)[C@@H](O)[C@H](O)[C@@H](O)[C@@H]2O)nn1,7.1,experimental,,,secondary_amine,,2026-06-26T14:44:12.374539+00:00
FIXED_chembl26.sdf,4948,CCCCCCCCCn1cc(CN[C@H]2[C@H](O)[C@@H](O)[C@H](O)[C@@H](O)[C@@H]2O)nn1,7.1,experimental,,,secondary_amine,,2026-06-26T14:44:13.341345+00:00
FIXED_chembl26.sdf,4949,NC1=Nc2cc(CCCNCc3cccc(Cl)c3)ccc2[C@H]2CCC[C@@H]12,9.9,experimental,,,amidine,,2026-06-26T14:44:15.272683+00:00
FIXED_chembl26.sdf,4953,NC1=Nc2cc(CCCNCc3cccc(Cl)c3)ccc2[C@H]2CCC[C@@]12F,8.0,experimental,,,amidine,,2026-06-26T14:44:16.311381+00:00
FIXED_chembl26.sdf,4958,CNCCc1ccc2c(c1)N=C(N)[C@]1(F)CCC[C@H]21,7.9,experimental,,,amidine,,2026-06-26T14:44:20.989168+00:00
FIXED_chembl26.sdf,4960,CC(C)(N)CC(=O)N[C@@H]1CCc2ccccc2N(Cc2ccc(-c3ccccc3-c3nn[nH]n3)cc2)C1=O,9.3,experimental,,,primary_amine,,2026-06-26T14:44:23.563190+00:00
FIXED_chembl26.sdf,4961,C[C@@H](O)CNC(C)(C)CC(=O)N[C@@H]1CCc2ccccc2N(Cc2ccc(-c3ccccc3-c3nn[nH]n3)cc2)C1=O,9.1,experimental,,,secondary_amine,,2026-06-26T14:44:27.937123+00:00
FIXED_chembl26.sdf,4962,CC(C)(N)C(=O)N[C@@H]1CCc2ccccc2N(Cc2ccc(-c3ccccc3-c3nn[nH]n3)cc2)C1=O,7.9,experimental,,,amide_tertiary,,2026-06-26T14:44:31.795583+00:00
FIXED_chembl26.sdf,4963,CNCCN(C)c1cc(-c2ccc3ccccc3c2)nc2ccccc12,6.2,experimental,,,quinoline,,2026-06-26T14:44:35.640885+00:00
FIXED_chembl26.sdf,4964,CN1CCN(c2cc(-c3ccc4ccccc4c3)nc3ccccc23)CC1,5.6,experimental,,,quinoline,,2026-06-26T14:44:37.559341+00:00
FIXED_chembl26.sdf,4965,CN(C)CCSc1cc(-c2ccc3ccccc3c2)nc2ccccc12,4.4,experimental,,,quinoline,,2026-06-26T14:44:39.875343+00:00
FIXED_chembl26.sdf,4967,CN(C)CCNc1ccnc2ccccc12,2.9,experimental,,,quinoline,,2026-06-26T14:44:48.608135+00:00
FIXED_chembl26.sdf,4968,CNC(=O)CN(C)[C@@H]1CC[C@H](O[C@H](C)c2cc(C(F)(F)F)cc(C(F)(F)F)c2)[C@H]1c1ccc(F)cc1,5.3,experimental,,,tertiary_amine,,2026-06-26T14:45:27.509398+00:00
FIXED_chembl26.sdf,4969,C[C@@H](O[C@H]1CC[C@@H](N(C)Cc2n[nH]c(O)n2)[C@@H]1c1ccc(F)cc1)c1cc(C(F)(F)F)cc(C(F)(F)F)c1,4.7,experimental,,,tertiary_amine,,2026-06-26T14:45:32.149499+00:00
FIXED_chembl26.sdf,4970,C[C@@H](O[C@H]1CC[C@@H](N(C)Cc2c[nH]c(O)n2)[C@@H]1c1ccc(F)cc1)c1cc(C(F)(F)F)cc(C(F)(F)F)c1,6.2,experimental,,,tertiary_amine,,2026-06-26T14:45:33.888639+00:00
FIXED_chembl26.sdf,4971,NC(=O)CNC1CCC(OCc2cc(C(F)(F)F)cc(C(F)(F)F)c2)C1c1ccccc1,6.6,experimental,,,secondary_amine,,2026-06-26T14:45:36.690178+00:00
FIXED_chembl26.sdf,4972,C[C@@H](O[C@H]1CC[C@@H](N(C)CC(N)=O)[C@@H]1c1ccc(F)cc1)c1cc(C(F)(F)F)cc(C(F)(F)F)c1,5.3,experimental,,,tertiary_amine,,2026-06-26T14:45:41.517013+00:00
FIXED_chembl26.sdf,4973,CN(CC(N)=O)C1CCC(OCc2cc(C(F)(F)F)cc(C(F)(F)F)c2)C1c1ccccc1,5.8,experimental,,,tertiary_amine,,2026-06-26T14:45:43.399073+00:00
FIXED_chembl26.sdf,4974,Cc1cc(=O)oc2cc(O)c(F)cc12,6.4,experimental,,,phenol,,2026-06-26T14:45:45.627254+00:00
FIXED_chembl26.sdf,4975,Cc1c(CC(=O)O)c(=O)oc2c(F)c(O)c(F)cc12,4.7,experimental,,,carboxylic_acid,,2026-06-26T14:45:48.844531+00:00
FIXED_chembl26.sdf,4976,O=c1cc(C(F)(F)F)c2cc(F)c(O)cc2o1,5.7,experimental,,,phenol,,2026-06-26T14:45:50.733928+00:00
FIXED_chembl26.sdf,4977,Cc1cc(=O)oc2c(F)c(O)ccc12,6.4,experimental,,,phenol,,2026-06-26T14:45:51.944581+00:00
FIXED_chembl26.sdf,4978,CCOC(=O)c1cc2cc(F)c(O)c(F)c2oc1=O,3.8,experimental,,,phenol,,2026-06-26T14:45:53.996011+00:00
FIXED_chembl26.sdf,4979,O=c1cc(C(F)(F)F)c2cc(F)c(O)c(F)c2o1,4.0,experimental,,,phenol,,2026-06-26T14:46:06.028255+00:00
FIXED_chembl26.sdf,4980,O=C(O)c1cc2ccc(O)cc2oc1=O,7.5,experimental,,,phenol,,2026-06-26T14:46:10.320207+00:00
FIXED_chembl26.sdf,4981,O=c1cc(C(F)(F)F)c2ccc(O)cc2o1,7.3,experimental,,,phenol,,2026-06-26T14:46:12.290830+00:00
FIXED_chembl26.sdf,4982,Cc1cc(=O)oc2cc(O)cc(F)c12,5.9,experimental,,,phenol,,2026-06-26T14:46:13.531076+00:00
FIXED_chembl26.sdf,4983,Cc1cc(=O)oc2c(F)c(O)c(F)c(F)c12,4.2,experimental,,,phenol,,2026-06-26T14:46:14.589061+00:00
FIXED_chembl26.sdf,4984,Cc1cc(=O)oc2c(F)c(O)c(F)cc12,4.7,experimental,,,phenol,,2026-06-26T14:46:15.636350+00:00
FIXED_chembl26.sdf,4985,O=C(O)c1cc2cc(F)c(O)c(F)c2oc1=O,3.7,experimental,,,carboxylic_acid,,2026-06-26T14:46:17.893001+00:00
FIXED_chembl26.sdf,4990,O=[N+]([O-])c1ccc(-c2nc(-c3ccccc3)c[nH]2)cc1,4.74,experimental,,,aniline,,2026-06-26T14:46:33.463359+00:00
FIXED_chembl26.sdf,4991,O=[N+]([O-])c1cccc(-c2nc(-c3ccccc3)c[nH]2)c1,4.92,experimental,,,aniline,,2026-06-26T14:46:35.071269+00:00
FIXED_chembl26.sdf,4999,O=[N+]([O-])c1cccc(-c2c[nH]c(-c3ccccc3)n2)c1,4.82,experimental,,,aniline,,2026-06-26T14:46:41.942993+00:00
FIXED_chembl26.sdf,5022,CN(C)c1ccc2c(-c3cc(C(=O)O)ccc3C(=O)O)c3ccc4c(F)c(=O)ccc4c3oc2c1,6.4,experimental,,,aniline,,2026-06-26T14:48:02.374287+00:00
FIXED_chembl26.sdf,5023,CN(C)c1ccc2c(-c3cc(C(=O)O)ccc3C(=O)O)c3cc(F)c4cc(=O)ccc4c3oc2c1,7.2,experimental,,,aniline,,2026-06-26T14:48:04.404592+00:00
FIXED_chembl26.sdf,5024,CN(C)c1ccc2c(-c3cc(C(=O)O)ccc3C(=O)O)c3ccc4cc(=O)ccc4c3oc2c1,7.5,experimental,,,aniline,,2026-06-26T14:48:06.038395+00:00
FIXED_chembl26.sdf,5025,NC1CCCCC1.NP(=O)(O)N(CCCl)CCCl,4.75,experimental,,,8,manual,2026-06-26T14:48:25.173423+00:00
FIXED_chembl26.sdf,5026,NC1CCCCC1.NP(=O)(O)N(CCCl)CCCl,4.58,experimental,,,8,manual,2026-06-26T14:48:32.959374+00:00
FIXED_chembl26.sdf,5027,CC(C)Oc1ccc(-c2nc(-c3cccc4c3CCN(C(CO)CO)C4)no2)cc1C#N,7.3,experimental,,,tertiary_amine,,2026-06-26T14:48:43.692396+00:00
FIXED_chembl26.sdf,5028,Cc1c(-c2noc(-c3ccc(OC(C)C)c(C#N)c3)n2)ccc2c1CCN(C[C@@H](O)CO)CC2,8.4,experimental,,,tertiary_amine,,2026-06-26T14:48:45.811659+00:00
FIXED_chembl26.sdf,5029,Cc1c(-c2noc(-c3ccc(OC(C)C)c(C#N)c3)n2)ccc2c1CCN(C[C@H](O)CO)CC2,8.4,experimental,,,tertiary_amine,,2026-06-26T14:48:47.308603+00:00
FIXED_chembl26.sdf,5030,Cc1c(-c2noc(-c3ccc(OC(C)C)c(C#N)c3)n2)ccc2c1CCN(C(CO)CO)CC2,8.2,experimental,,,tertiary_amine,,2026-06-26T14:48:48.981216+00:00
FIXED_chembl26.sdf,5031,Cc1c(-c2noc(-c3cnc(NC(C)C)c(C#N)c3)n2)ccc2c1CCN(C(CO)CO)CC2,8.3,experimental,,,tertiary_amine,,2026-06-26T14:48:51.038162+00:00
FIXED_chembl26.sdf,5032,CC(C)Oc1ccc(-c2nc(-c3ccc4c(c3)CCN(C(CO)CO)CC4)no2)cc1C#N,7.8,experimental,,,tertiary_amine,,2026-06-26T14:48:52.615878+00:00
FIXED_chembl26.sdf,5033,CC(C)Oc1ccc(-c2nc(-c3ccc4c(c3)CCN(C(CO)CO)CC4)no2)cc1C#N,7.81,experimental,,,tertiary_amine,,2026-06-26T14:48:54.241254+00:00
FIXED_chembl26.sdf,5034,CC(C)Nc1ncc(-c2nc(-c3ccc4c(c3)CCN(C(CO)CO)CC4)no2)cc1C#N,8.1,experimental,,,tertiary_amine,,2026-06-26T14:48:56.087756+00:00
FIXED_chembl26.sdf,5035,Cc1c(-c2noc(-c3ccc(OC(C)C)c(C#N)c3)n2)ccc2c1OCCN(C(CO)CO)C2,6.3,experimental,,,tertiary_amine,,2026-06-26T14:48:59.189916+00:00
FIXED_chembl26.sdf,5036,Cc1c(-c2noc(-c3ccc(OC(C)C)c(C#N)c3)n2)ccc2c1CCN(C(CO)CO)C2,7.3,experimental,,,tertiary_amine,,2026-06-26T14:49:00.991175+00:00
FIXED_chembl26.sdf,5038,Cc1c(-c2noc(-c3ccc(OC(C)C)c(C#N)c3)n2)ccc2c1CCN(C[C@@H](O)CO)C2,7.7,experimental,,,tertiary_amine,,2026-06-26T14:49:02.926635+00:00
FIXED_chembl26.sdf,5039,Cc1c(-c2noc(-c3ccc(OC(C)C)c(C#N)c3)n2)ccc2c1CCN(C[C@H](O)CO)C2,7.7,experimental,,,tertiary_amine,,2026-06-26T14:49:04.413880+00:00
FIXED_chembl26.sdf,5040,Cc1c(-c2noc(-c3cnc(OC(C)C)c(C#N)c3)n2)ccc2c1CCN(C(CO)CO)C2,7.3,experimental,,,tertiary_amine,,2026-06-26T14:49:06.079335+00:00
FIXED_chembl26.sdf,5041,Cc1c(-c2noc(-c3ccc(OC(C)C)c(C#N)c3)n2)cnc2c1CCN(C(CO)CO)C2,6.2,experimental,,,tertiary_amine,,2026-06-26T14:49:07.566699+00:00
FIXED_chembl26.sdf,5042,Cc1c(-c2noc(-c3ccc(OC(C)C)c(C#N)c3)n2)cnc2c1CCN(C(CO)CO)C2,6.22,experimental,,,tertiary_amine,,2026-06-26T14:49:09.069345+00:00
FIXED_chembl26.sdf,5043,Cc1c(-c2nnc(-c3ccc(OC(C)C)c(C#N)c3)s2)ccc2c1CCN(C(CO)CO)C2,7.2,experimental,,,tertiary_amine,,2026-06-26T14:49:10.618233+00:00
FIXED_chembl26.sdf,5045,CCOC(=O)c1s/c(=N/c2ccc3oc(=O)ccc3c2)n(CC)c1C,7.44,experimental,,,amidine,,2026-06-26T14:49:24.076410+00:00
FIXED_chembl26.sdf,5046,CCn1c(-c2ccc(OC)cc2)cs/c1=N/c1ccc2oc(=O)ccc2c1,7.63,experimental,,,amidine,,2026-06-26T14:49:25.488699+00:00
FIXED_chembl26.sdf,5048,Cc1cnc(N2CCc3ccccc3C2)cc1NCCO,9.0,experimental,,,tertiary_amine,,2026-06-26T14:49:57.061206+00:00
FIXED_chembl26.sdf,5049,OCCNc1ccnc(N2CCc3ccccc3C2)c1,8.9,experimental,,,tertiary_amine,,2026-06-26T14:49:58.673958+00:00
FIXED_chembl26.sdf,5053,Nc1cc(N2CCc3ccccc3C2)nc2c1CCC2,9.4,experimental,,,tertiary_amine,,2026-06-26T14:50:07.642854+00:00
FIXED_chembl26.sdf,5054,Nc1cc(CO)nc(N2CCc3ccccc3C2)c1,8.1,experimental,,,tertiary_amine,,2026-06-26T14:50:10.398073+00:00
FIXED_chembl26.sdf,5055,CCc1cc(N)cc(N2CCc3ccccc3C2)n1,9.0,experimental,,,tertiary_amine,,2026-06-26T14:50:11.820222+00:00
FIXED_chembl26.sdf,5057,Cc1cc(N)cc(N2CCc3ccccc3C2)n1,9.0,experimental,,,tertiary_amine,,2026-06-26T14:50:16.646905+00:00
FIXED_chembl26.sdf,5063,Nc1ccnc(N2CCc3ccccc3C2)c1,8.5,experimental,,,tertiary_amine,,2026-06-26T14:50:30.453610+00:00
FIXED_chembl26.sdf,5064,CNc1ccnc(N2CCc3ccccc3C2)c1,8.8,experimental,,,tertiary_amine,,2026-06-26T14:50:32.136963+00:00
FIXED_chembl26.sdf,5065,CNc1ccnc(N2CCc3ccccc3C2)c1,8.9,experimental,,,tertiary_amine,,2026-06-26T14:50:34.022275+00:00
FIXED_chembl26.sdf,5067,c1ccc(CNc2ccnc(N3CCc4ccccc4C3)c2)cc1,8.6,experimental,,,tertiary_amine,,2026-06-26T14:50:41.736434+00:00
FIXED_chembl26.sdf,5068,Cc1cc(NCCO)cc(N2CCc3ccccc3C2)n1,9.2,experimental,,,tertiary_amine,,2026-06-26T14:50:43.616917+00:00
FIXED_chembl26.sdf,5069,Cc1cnc(N2CCc3ccccc3C2)cc1N,8.7,experimental,,,tertiary_amine,,2026-06-26T14:50:45.471553+00:00
FIXED_chembl26.sdf,5071,CN(C)c1ccnc(N2CCc3ccccc3C2)c1,8.8,experimental,,,tertiary_amine,,2026-06-26T14:50:51.895618+00:00
FIXED_chembl26.sdf,5092,Br.N=c1sc(-c2cccs2)nn1CCCCCCCCCCCCn1nc(-c2cccs2)sc1=N,7.8,experimental,,,amidine,,2026-06-26T14:51:53.619308+00:00
FIXED_chembl26.sdf,5093,Br.N=c1sc(-c2ccccc2)nn1CCCCCCCCCCCCn1nc(-c2ccccc2)sc1=N,8.0,experimental,,,amidine,,2026-06-26T14:51:56.630024+00:00
FIXED_chembl26.sdf,5094,Br.N=c1ncc(-c2ccccc2)cn1CCCCCCCCCCCCn1cc(-c2ccccc2)cnc1=N,11.3,experimental,,,amidine,,2026-06-26T14:51:58.552661+00:00
FIXED_chembl26.sdf,5095,Br.N=c1ncccn1CCCCCCCCCCCCn1cccnc1=N,11.7,experimental,,,amidine,,2026-06-26T14:51:59.459107+00:00
FIXED_chembl26.sdf,5096,Br.N=c1c2ccccc2ccn1CCCCCCCCCCCCn1ccc2ccccc2c1=N,11.1,experimental,,,amidine,,2026-06-26T14:52:00.649899+00:00
FIXED_chembl26.sdf,5097,N=c1n(CCCCCCCCCCCCn2c(=N)n(Cc3ccccc3)c3ccccc32)c2ccccc2n1Cc1ccccc1.O=C(O)C(=O)O,9.4,experimental,,,amidine,,2026-06-26T14:52:06.097845+00:00
FIXED_chembl26.sdf,5098,Cn1c(=N)n(CCCCCCCCCCCCn2c(=N)n(C)c3ccccc32)c2ccccc21.O=C(O)C(=O)O,11.9,experimental,,,amidine,,2026-06-26T14:52:07.920765+00:00
FIXED_chembl26.sdf,5099,Br.N=c1sccn1CCCCCCCCCCCCn1ccsc1=N,10.1,experimental,,,amidine,,2026-06-26T14:52:09.794637+00:00
FIXED_chembl26.sdf,5151,O=[N+]([O-])C1=Cc2ccccc2OC1Nc1ccc([N+](=O)[O-])cc1[N+](=O)[O-],0.0,experimental,,,18,manual,2026-06-26T14:53:52.913150+00:00
FIXED_chembl26.sdf,5154,O=[N+]([O-])C1=Cc2ccccc2OC1Nc1cccc([N+](=O)[O-])c1,2.47,experimental,,,19,manual,2026-06-26T14:54:11.217708+00:00
FIXED_chembl26.sdf,5155,O=[N+]([O-])C1=Cc2ccccc2OC1Nc1ccc([N+](=O)[O-])cc1,1.0,experimental,,,18,manual,2026-06-26T14:54:18.704716+00:00
FIXED_chembl26.sdf,5156,O=[N+]([O-])C1=Cc2ccccc2OC1Nc1cc([N+](=O)[O-])cc([N+](=O)[O-])c1,-4.53,experimental,,,22,manual,2026-06-26T14:54:27.653435+00:00
FIXED_chembl26.sdf,5157,COc1ccccc1NC1Oc2ccccc2C=C1[N+](=O)[O-],2.52,experimental,,,19,manual,2026-06-26T14:54:35.661376+00:00
FIXED_chembl26.sdf,5158,O=[N+]([O-])C1=Cc2ccccc2OC1Nc1ccccc1,4.4,experimental,,,1,manual,2026-06-26T14:54:43.293630+00:00
FIXED_chembl26.sdf,5159,O=[N+]([O-])C1=Cc2ccccc2OC1Nc1ccccc1[N+](=O)[O-],-0.26,experimental,,,20,manual,2026-06-26T14:54:54.423948+00:00
FIXED_chembl26.sdf,5160,O=[N+]([O-])C1=Cc2ccccc2OC1N1CCOCC1,8.33,experimental,,,tertiary_amine,,2026-06-26T14:55:09.380862+00:00
FIXED_chembl26.sdf,5213,COC1CCN(S(=O)(=O)c2ccc(S(N)(=O)=O)cc2)CC1,9.42,experimental,,,sulfone,,2026-06-26T14:56:19.235341+00:00
FIXED_chembl26.sdf,5214,COC1CCN(S(=O)(=O)c2ccc(S(N)(=O)=O)c(Cl)c2)CC1,8.76,experimental,,,sulfone,,2026-06-26T14:56:22.309753+00:00
FIXED_chembl26.sdf,5215,COC1CCN(S(=O)(=O)c2ccc(S(N)(=O)=O)c(C(F)(F)F)c2)CC1,8.12,experimental,,,sulfone,,2026-06-26T14:56:24.224251+00:00
FIXED_chembl26.sdf,5216,NS(=O)(=O)c1nnc(NS(=O)(=O)c2ccccc2)s1,3.2,experimental,,,aromatic_thiosulfamide,,2026-06-26T14:56:28.458815+00:00
FIXED_chembl26.sdf,5217,CC1(C)CC(Nc2ccc(-c3cc4ccccc4s3)nn2)CC(C)(C)N1,10.0,experimental,,,secondary_amine,,2026-06-26T14:56:32.812508+00:00
FIXED_chembl26.sdf,5218,CN(c1ccc(-c2ccc(-n3cccn3)cc2O)nn1)C1CC(C)(C)NC(C)(C)C1,10.3,experimental,,,secondary_amine,,2026-06-26T14:56:34.489672+00:00
FIXED_chembl26.sdf,5219,Oc1cc(-n2cccn2)ccc1-c1ccc(OC2CCNCC2(F)F)nn1,5.89,experimental,,,pyrazolidine,,2026-06-26T14:56:38.354518+00:00
FIXED_chembl26.sdf,5220,CC1(C)CC(Oc2ccc(-c3ccc(-n4cccn4)cc3O)nn2)CC(C)(C)N1,10.1,experimental,,,secondary_amine,,2026-06-26T14:56:40.128904+00:00
FIXED_chembl26.sdf,5222,COc1ccc(Cc2cc(=O)c3ccc(O)cc3o2)cc1,7.35,experimental,,,phenol,,2026-06-26T14:56:44.955375+00:00
FIXED_chembl26.sdf,5223,CN1CCN(C2=Nc3ccccc3Oc3ccc(Cl)cc32)CC1,3.9,experimental,,,amidine,,2026-06-26T14:57:01.654862+00:00
FIXED_chembl26.sdf,5224,CN1CCN(C2=Nc3ccccc3Oc3ccc(Cl)cc32)CC1,11.16,experimental,,,tertiary_amine,,2026-06-26T14:57:04.465610+00:00
FIXED_chembl26.sdf,5225,CN1CCN(C2=Nc3ccccc3Oc3ccc(Cl)cc32)CC1,7.48,experimental,,,tertiary_amine,,2026-06-26T14:57:06.517208+00:00
FIXED_chembl26.sdf,5226,OCCOCCN1CCN(C2=Nc3ccccc3Sc3ccccc32)CC1,3.64,experimental,,,amidine,,2026-06-26T14:57:32.633869+00:00
FIXED_chembl26.sdf,5227,OCCOCCN1CCN(C2=Nc3ccccc3Sc3ccccc32)CC1,11.18,experimental,,,tertiary_amine,,2026-06-26T14:57:37.606074+00:00
FIXED_chembl26.sdf,5228,OCCOCCN1CCN(C2=Nc3ccccc3Sc3ccccc32)CC1,6.91,experimental,,,amidine,,2026-06-26T14:57:41.037895+00:00
FIXED_chembl26.sdf,5229,Clc1ccc2c(c1)C(N1CCNCC1)=Nc1ccccc1O2,3.38,experimental,,,amidine,,2026-06-26T14:57:42.723499+00:00
FIXED_chembl26.sdf,5230,Clc1ccc2c(c1)C(N1CCNCC1)=Nc1ccccc1O2,11.16,experimental,,,secondary_amine,,2026-06-26T14:57:47.986910+00:00
FIXED_chembl26.sdf,5231,Clc1ccc2c(c1)C(N1CCNCC1)=Nc1ccccc1O2,8.71,experimental,,,secondary_amine,,2026-06-26T14:57:52.818531+00:00
FIXED_chembl26.sdf,5232,CO[C@H]1C[C@@H](n2c(=O)n(C)c3cnc4cc(F)c(-c5ccc(OCCN(C)C)nc5)cc4c32)C1,8.5,experimental,,,tertiary_amine,,2026-06-26T14:57:57.055876+00:00
FIXED_chembl26.sdf,5233,CO[C@H]1C[C@@H](n2c(=O)n(C)c3cnc4cc(F)c(-c5ccc(OCCCN(C)C)nc5)cc4c32)C1,9.3,experimental,,,tertiary_amine,,2026-06-26T14:57:58.591659+00:00
FIXED_chembl26.sdf,5234,CO[C@H]1C[C@@H](n2c(=O)n(C)c3cnc4ccc(-c5ccc(OCCCN(C)C)nc5)cc4c32)C1,9.5,experimental,,,tertiary_amine,,2026-06-26T14:57:59.957783+00:00
FIXED_chembl26.sdf,5235,CNCCCOc1ccc(-c2ccc3ncc4c(c3c2)n([C@H]2C[C@@H](OC)C2)c(=O)n4C)cn1,10.3,experimental,,,secondary_amine,,2026-06-26T14:58:05.292725+00:00
FIXED_chembl26.sdf,5237,CO[C@H]1C[C@@H](n2c(=O)n(C)c3cnc4ccc(-c5ccc(OCCCN6CCC(O)CC6)nc5)cc4c32)C1,8.4,experimental,,,tertiary_amine,,2026-06-26T14:58:13.932810+00:00
FIXED_chembl26.sdf,5238,CN(C)CCCOc1ccc(-c2ccc3ncc4c(c3c2)n(C2CCOCC2)c(=O)n4C)cn1,9.6,experimental,,,tertiary_amine,,2026-06-26T14:58:21.283835+00:00
FIXED_chembl26.sdf,5239,CC(=O)O[C@@H]([C@H]1C[C@@H](C)[C@H]2[C@H](O1)[C@H](O)[C@@]1(C)[C@@H]3CC[C@H]4C(C)(C)[C@@H](O[C@H]5CNCCO5)CC[C@@]45C[C@@]35CC[C@]21C)C(C)(C)O,7.7,experimental,,,secondary_amine,,2026-06-26T14:58:24.853382+00:00
FIXED_chembl26.sdf,5240,CC(=O)O[C@@H]([C@H]1C[C@@H](C)[C@H]2[C@H](O1)[C@H](O)[C@@]1(C)[C@@H]3CC[C@H]4C(C)(C)[C@@H](O[C@H]5CN(C6COC6)CCO5)CC[C@@]45C[C@@]35CC[C@]21C)C(C)(C)O,4.6,experimental,,,tertiary_alcohol,,2026-06-26T14:58:52.685857+00:00
FIXED_chembl26.sdf,5241,Cc1noc(C2CN(C)CCN2)n1,6.2,experimental,,,tertiary_amine,,2026-06-26T14:58:58.968336+00:00
FIXED_chembl26.sdf,5242,Cc1noc(C2CN3CCN2CC3)n1,6.0,experimental,,,tertiary_amine,,2026-06-26T14:59:02.042152+00:00
FIXED_chembl26.sdf,5243,Nc1noc(C2CN3CCN2CC3)n1,6.3,experimental,,,aniline,,2026-06-26T14:59:06.946281+00:00
FIXED_chembl26.sdf,5244,Cc1noc(CN(C)C)n1,5.6,experimental,,,tertiary_amine,,2026-06-26T14:59:22.460643+00:00
FIXED_chembl26.sdf,5248,CN1CCNC(c2nc(N)no2)C1,6.2,experimental,,,aniline,,2026-06-26T14:59:35.734104+00:00
FIXED_chembl26.sdf,5266,COc1cccc2nc3c(C(=O)NCCN(C)C)cccc3cc12.Cl,3.82,experimental,,,quinoline,,2026-06-26T15:00:29.561386+00:00
FIXED_chembl26.sdf,5267,Cc1c2ccccc2nc2c(C(=O)NCCN(C)C)cccc12.Cl.Cl,4.34,experimental,,,quinoline,,2026-06-26T16:24:22.994215+00:00
FIXED_chembl26.sdf,5268,COc1ccc(C(=O)NCCN(C)C)c2nc3ccccc3cc12.Cl.Cl,3.81,experimental,,,quinoline,,2026-06-26T16:24:26.300466+00:00
FIXED_chembl26.sdf,5269,CN(C)CCNC(=O)c1ccc2cc3ccccc3nc2c1.Cl.Cl,3.94,experimental,,,quinoline,,2026-06-26T16:24:28.847895+00:00
FIXED_chembl26.sdf,5270,CN(C)CCNC(=O)c1cccc2cc3ccccc3nc12.Cl.Cl,3.54,experimental,,,quinoline,,2026-06-26T16:24:31.319167+00:00
FIXED_chembl26.sdf,5271,COc1ccc2nc3c(C(=O)NCCN(C)C)cccc3cc2c1.Cl.Cl,3.54,experimental,,,quinoline,,2026-06-26T16:24:32.829641+00:00
FIXED_chembl26.sdf,5272,COc1cccc2cc3cccc(C(=O)NCCN(C)C)c3nc12.Cl,3.87,experimental,,,quinoline,,2026-06-26T16:24:34.057038+00:00
FIXED_chembl26.sdf,5273,COc1ccc2cc3cccc(C(=O)NCCN(C)C)c3nc2c1.Cl.Cl,4.59,experimental,,,quinoline,,2026-06-26T16:24:37.267090+00:00
FIXED_chembl26.sdf,5274,COc1cc(C(=O)NCCN(C)C)c2nc3ccccc3cc2c1.Cl.Cl,3.34,experimental,,,quinoline,,2026-06-26T16:24:38.568653+00:00
FIXED_chembl26.sdf,5275,CN(C)CCNC(=O)c1cccc2nc3ccccc3cc12.Cl.Cl,4.24,experimental,,,quinoline,,2026-06-26T16:24:39.875493+00:00
FIXED_chembl26.sdf,5276,CN(C)CCNC(=O)c1ccc2nc3ccccc3cc2c1.Cl.Cl,4.37,experimental,,,quinoline,,2026-06-26T16:24:41.001468+00:00
FIXED_chembl26.sdf,5277,CC(=O)N(C)c1nc2nc(C)ncc2cc1-c1c(Cl)cccc1Cl,4.2,experimental,,,pyridine,,2026-06-26T16:24:44.588524+00:00
FIXED_chembl26.sdf,5278,CC(=O)/N=c1/c(-c2c(Cl)cccc2Cl)cc2cnc(C)nc2n1C,2.5,experimental,,,17,manual,2026-06-26T16:25:10.316831+00:00
FIXED_chembl26.sdf,5280,Cc1cc(OCC/C=N/N=C(N)N)cc(OS(=O)(=O)c2ccccc2C#N)c1,8.84,experimental,,,guanidine,,2026-06-26T16:25:15.077416+00:00
FIXED_chembl26.sdf,5281,Cc1cc(OCC/C=N/N=C(N)N)cc(OS(=O)(=O)c2ccccc2Cl)c1,8.71,experimental,,,guanidine,,2026-06-26T16:25:17.474934+00:00
FIXED_chembl26.sdf,5283,O=C(c1ccc(CN2CCOCC2)cc1)N1CCN(C2CCC2)CC1,6.5,experimental,,,tertiary_amine,,2026-06-26T16:25:54.094654+00:00
FIXED_chembl26.sdf,5284,Cl.O=C(c1ccc(CN2CCOCC2)cc1)N1CCN(C2CC2)CC1,5.3,experimental,,,tertiary_amine,,2026-06-26T16:26:09.919309+00:00
FIXED_chembl26.sdf,5288,COc1c(Cl)ccc2c1C(C)NC(NCC(F)F)=N2,8.9,experimental,,,guanidine,,2026-06-26T16:26:13.165569+00:00
FIXED_chembl26.sdf,5289,CC(C)Oc1cccc2c1N=C(NCC(F)F)NC2C,10.2,experimental,,,guanidine,,2026-06-26T16:26:14.457495+00:00
FIXED_chembl26.sdf,5290,COc1cccc2c1N=C(NCC(F)F)NC2C,10.2,experimental,,,guanidine,,2026-06-26T16:26:15.724121+00:00
FIXED_chembl26.sdf,5301,FC1(Cc2ccccc2)CCN(CCCc2c[nH]c3ccc(-n4cnnc4)cc23)CC1,8.8,experimental,,,tertiary_amine,,2026-06-26T16:26:19.030827+00:00
FIXED_chembl26.sdf,5303,Cc1cc(COc2ccc(NC(=O)C[C@H]3CCC[C@]34NC(=O)NC4=O)cc2)c2ccccc2n1.Cl,8.9,experimental,,,quinoline,,2026-06-26T16:26:41.112292+00:00
FIXED_chembl26.sdf,5304,Cc1cc(COc2ccc(C3(N4CCN(C)CC4)C(=O)NC(=O)NC3=O)cc2)c2ccccc2n1,7.2,experimental,,,tertiary_amine,,2026-06-26T16:27:04.151453+00:00
FIXED_chembl26.sdf,5305,Cc1cc(COc2ccc([C@@]3(C)CCN([C@@H](C)C(=O)NO)C3=O)cc2)c2ccccc2n1,9.0,experimental,,,quinoline,,2026-06-26T16:27:10.757798+00:00
FIXED_chembl26.sdf,5308,O=C(C1CCN(c2ccncc2)CC1)N1CCN(S(=O)(=O)c2ccc(Br)cc2)CC1,9.2,experimental,,,tertiary_amine,,2026-06-26T16:27:25.272997+00:00
FIXED_chembl26.sdf,5311,O=C(c1ccc(C(F)(F)F)cc1)N1CCC(=Cc2ccc(C3=NCCO3)cc2)CC1,4.7,experimental,,,hydroxyamidine,,2026-06-26T16:27:38.366619+00:00
FIXED_chembl26.sdf,5315,NCc1cc(O)no1,4.78,experimental,,,isoxazolidine,,2026-06-26T16:29:24.249886+00:00
FIXED_chembl26.sdf,5317,OCCS,9.6,experimental,,,thiol,,2026-06-26T16:29:33.228091+00:00
FIXED_chembl26.sdf,5318,O[C@@H](CS)[C@@H](O)CS,9.2,experimental,,,thiol,,2026-06-26T16:29:37.133718+00:00
FIXED_chembl26.sdf,5319,CC(C)NC1=NS(=O)(=O)c2ccc(Cl)cc2N1,9.35,experimental,,,guanidine,,2026-06-26T16:29:41.425326+00:00
FIXED_chembl26.sdf,5320,CC(C)NC1=NS(=O)(=O)c2cccc(Cl)c2N1,9.11,experimental,,,guanidine,,2026-06-26T16:29:43.389881+00:00
FIXED_chembl26.sdf,5321,CCCNC1=NS(=O)(=O)c2c(Cl)cccc2N1,9.54,experimental,,,guanidine,,2026-06-26T16:29:44.960711+00:00
FIXED_chembl26.sdf,5324,CC1(N)CN(c2c(F)cc3c(=O)c(C(=O)O)cn(C4CC4)c3c2Cl)C1,8.45,experimental,,,primary_amine,,2026-06-26T16:30:07.099453+00:00
FIXED_chembl26.sdf,5326,C[C@@H]1[C@@H](N(C)C)CN1c1c(F)cc2c(=O)c(C(=O)O)cn(C3CC3)c2c1F,8.2,experimental,,,tertiary_amine,,2026-06-26T16:30:15.805224+00:00
FIXED_chembl26.sdf,5328,CN[C@H]1CN(c2c(F)cc3c(=O)c(C(=O)O)cn(C4CC4)c3c2F)[C@@H]1C,8.5,experimental,,,secondary_amine,,2026-06-26T16:30:25.086487+00:00
FIXED_chembl26.sdf,5330,C[C@@H]1[C@@H](N(C)C)CN1c1cc2c(cc1F)c(=O)c(C(=O)O)cn2C1CC1,7.9,experimental,,,tertiary_amine,,2026-06-26T16:30:40.374452+00:00
FIXED_chembl26.sdf,5331,CN(C)C1(C)CN(c2c(F)cc3c(=O)c(C(=O)O)cn(C4CC4)c3c2F)C1,6.05,experimental,,,carboxylic_acid,,2026-06-26T16:30:43.663152+00:00
FIXED_chembl26.sdf,5332,CN(C)C1(C)CN(c2c(F)cc3c(=O)c(C(=O)O)cn(C4CC4)c3c2F)C1,8.12,experimental,,,tertiary_amine,,2026-06-26T16:30:46.871871+00:00
FIXED_chembl26.sdf,5333,CN(C)C1CN(c2cc3c(cc2F)c(=O)c(C(=O)O)cn3C2CC2)C1,6.44,experimental,,,carboxylic_acid,,2026-06-26T16:30:48.641101+00:00
FIXED_chembl26.sdf,5334,CN(C)C1CN(c2cc3c(cc2F)c(=O)c(C(=O)O)cn3C2CC2)C1,7.81,experimental,,,tertiary_amine,,2026-06-26T16:30:50.430909+00:00
FIXED_chembl26.sdf,5335,CC1(N)CN(c2c(F)cc3c(=O)c(C(=O)O)cn(C4CC4)c3c2F)C1,6.23,experimental,,,carboxylic_acid,,2026-06-26T16:30:51.768040+00:00
FIXED_chembl26.sdf,5336,CC1(N)CN(c2c(F)cc3c(=O)c(C(=O)O)cn(C4CC4)c3c2F)C1,6.71,experimental,,,aniline,,2026-06-26T16:30:53.496698+00:00
FIXED_chembl26.sdf,5337,CC1(N)CN(c2c(F)cc3c(=O)c(C(=O)O)cn(C4CC4)c3c2F)C1,8.33,experimental,,,primary_amine,,2026-06-26T16:30:56.528979+00:00
FIXED_chembl26.sdf,5338,CC1(N)CN(c2c(F)cc3c(=O)c(C(=O)O)cn(C4CC4)c3c2F)C1,8.51,experimental,,,primary_amine,,2026-06-26T16:30:59.164305+00:00
FIXED_chembl26.sdf,5339,C[C@H]1[C@H](N)CN1c1nc2c(cc1F)c(=O)c(C(=O)O)cn2C1CC1,6.26,experimental,,,carboxylic_acid,,2026-06-26T16:31:01.294075+00:00
FIXED_chembl26.sdf,5340,C[C@H]1[C@H](N)CN1c1nc2c(cc1F)c(=O)c(C(=O)O)cn2C1CC1,8.31,experimental,,,tertiary_amine,,2026-06-26T16:31:06.028692+00:00
FIXED_chembl26.sdf,5341,CCNC1CN(c2c(F)cc3c(=O)c(C(=O)O)cn(C4CC4)c3c2F)C1,6.2,experimental,,,carboxylic_acid,,2026-06-26T16:31:08.919057+00:00
FIXED_chembl26.sdf,5342,CCNC1CN(c2c(F)cc3c(=O)c(C(=O)O)cn(C4CC4)c3c2F)C1,8.57,experimental,,,secondary_amine,,2026-06-26T16:31:11.414944+00:00
FIXED_chembl26.sdf,5343,C[C@H]1[C@H](N)CN1c1c(F)cc2c(=O)c(C(=O)O)cn(C3CC3)c2c1F,6.13,experimental,,,carboxylic_acid,,2026-06-26T16:31:13.664837+00:00
FIXED_chembl26.sdf,5344,C[C@H]1[C@H](N)CN1c1c(F)cc2c(=O)c(C(=O)O)cn(C3CC3)c2c1F,8.35,experimental,,,primary_amine,,2026-06-26T16:31:15.660883+00:00
FIXED_chembl26.sdf,5345,CNC1CN(c2cc3c(cc2F)c(=O)c(C(=O)O)cn3C2CC2)C1,6.54,experimental,,,carboxylic_acid,,2026-06-26T16:31:17.228620+00:00
FIXED_chembl26.sdf,5346,CNC1CN(c2cc3c(cc2F)c(=O)c(C(=O)O)cn3C2CC2)C1,8.56,experimental,,,secondary_amine,,2026-06-26T16:31:18.820576+00:00
FIXED_chembl26.sdf,5347,CN(C)C1CN(c2c(F)cc3c(=O)c(C(=O)O)cn(C4CC4)c3c2F)C1,6.0,experimental,,,carboxylic_acid,,2026-06-26T16:31:20.603599+00:00
FIXED_chembl26.sdf,5348,CN(C)C1CN(c2c(F)cc3c(=O)c(C(=O)O)cn(C4CC4)c3c2F)C1,8.14,experimental,,,tertiary_amine,,2026-06-26T16:31:25.272366+00:00
FIXED_chembl26.sdf,5349,CNC1(C)CN(c2c(F)cc3c(=O)c(C(=O)O)cn(C4CC4)c3c2F)C1,6.26,experimental,,,carboxylic_acid,,2026-06-26T16:31:27.398752+00:00
FIXED_chembl26.sdf,5350,CNC1(C)CN(c2c(F)cc3c(=O)c(C(=O)O)cn(C4CC4)c3c2F)C1,8.58,experimental,,,secondary_amine,,2026-06-26T16:31:29.524975+00:00
FIXED_chembl26.sdf,5351,CC1([N+](C)(C)C)CN(c2c(F)cc3c(=O)c(C(=O)O)cn(C4CC4)c3c2F)C1.[I-],6.03,experimental,,,carboxylic_acid,,2026-06-26T16:31:42.320950+00:00
FIXED_chembl26.sdf,5352,CNC1CN(c2c(F)cc3c(=O)c(C(=O)O)cn(C4CC4)c3c2F)C1,6.18,experimental,,,carboxylic_acid,,2026-06-26T16:31:45.683242+00:00
FIXED_chembl26.sdf,5353,CNC1CN(c2c(F)cc3c(=O)c(C(=O)O)cn(C4CC4)c3c2F)C1,8.44,experimental,,,secondary_amine,,2026-06-26T16:31:47.611774+00:00
FIXED_chembl26.sdf,5354,C[C@H]1[C@H](N)CN1c1c(F)cc2c(=O)c(C(=O)O)cn(C3CC3)c2c1Cl,6.04,experimental,,,carboxylic_acid,,2026-06-26T16:31:49.346446+00:00
FIXED_chembl26.sdf,5355,C[C@H]1[C@H](N)CN1c1c(F)cc2c(=O)c(C(=O)O)cn(C3CC3)c2c1Cl,8.47,experimental,,,primary_amine,,2026-06-26T16:31:50.855292+00:00
FIXED_chembl26.sdf,5356,C[C@H]1[C@H](N)CN1c1cc2c(cc1F)c(=O)c(C(=O)O)cn2C1CC1,6.46,experimental,,,carboxylic_acid,,2026-06-26T16:31:52.736139+00:00
FIXED_chembl26.sdf,5357,CC1(N)CN(c2nc3c(cc2F)c(=O)c(C(=O)O)cn3C2CC2)C1,6.38,experimental,,,carboxylic_acid,,2026-06-26T16:31:54.434784+00:00
FIXED_chembl26.sdf,5358,CC1(N)CN(c2nc3c(cc2F)c(=O)c(C(=O)O)cn3C2CC2)C1,8.21,experimental,,,primary_amine,,2026-06-26T16:31:56.439440+00:00
FIXED_chembl26.sdf,5359,CC[N+](C)(C)C1CN(c2cc3c(cc2F)c(=O)c(C(=O)O)cn3C2CC2)C1.[I-],6.46,experimental,,,carboxylic_acid,,2026-06-26T16:31:59.072397+00:00
FIXED_chembl26.sdf,5360,CN(C)C1(C)CN(c2cc3c(cc2F)c(=O)c(C(=O)O)cn3C2CC2)C1,6.47,experimental,,,carboxylic_acid,,2026-06-26T16:32:01.822797+00:00
FIXED_chembl26.sdf,5361,CN(C)C1(C)CN(c2cc3c(cc2F)c(=O)c(C(=O)O)cn3C2CC2)C1,7.9,experimental,,,tertiary_amine,,2026-06-26T16:32:05.452374+00:00
FIXED_chembl26.sdf,5362,NC1CN(c2c(F)cc3c(=O)c(C(=O)O)cn(C4CC4)c3c2Cl)C1,5.96,experimental,,,carboxylic_acid,,2026-06-26T16:32:12.736089+00:00
FIXED_chembl26.sdf,5363,CNC1(C)CN(c2cc3c(cc2F)c(=O)c(C(=O)O)cn3C2CC2)C1,6.47,experimental,,,carboxylic_acid,,2026-06-26T16:32:14.500296+00:00
FIXED_chembl26.sdf,5364,CNC1(C)CN(c2cc3c(cc2F)c(=O)c(C(=O)O)cn3C2CC2)C1,8.65,experimental,,,secondary_amine,,2026-06-26T16:32:16.250376+00:00
FIXED_chembl26.sdf,5365,C[C@H]1[C@H](N)CN1c1c(F)c(N)c2c(=O)c(C(=O)O)cn(C3CC3)c2c1F,6.65,experimental,,,carboxylic_acid,,2026-06-26T16:32:24.374741+00:00
FIXED_chembl26.sdf,5366,CC1(N)CN(c2cc3c(cc2F)c(=O)c(C(=O)O)cn3C2CC2)C1,6.58,experimental,,,carboxylic_acid,,2026-06-26T16:32:29.249814+00:00
FIXED_chembl26.sdf,5367,CC1(N)CN(c2cc3c(cc2F)c(=O)c(C(=O)O)cn3C2CC2)C1,8.55,experimental,,,primary_amine,,2026-06-26T16:32:31.820246+00:00
FIXED_chembl26.sdf,5368,NC1CN(c2c(F)cc3c(=O)c(C(=O)O)cn(C4CC4)c3c2F)C1,6.12,experimental,,,carboxylic_acid,,2026-06-26T16:32:34.631404+00:00
FIXED_chembl26.sdf,5369,NC1CN(c2c(F)cc3c(=O)c(C(=O)O)cn(C4CC4)c3c2F)C1,8.2,experimental,,,primary_amine,,2026-06-26T16:32:36.943611+00:00
FIXED_chembl26.sdf,5370,CN[C@H]1CN(c2cc3c(cc2F)c(=O)c(C(=O)O)cn3C2CC2)[C@@H]1C,6.5,experimental,,,carboxylic_acid,,2026-06-26T16:32:43.534935+00:00
FIXED_chembl26.sdf,5371,CN[C@H]1CN(c2cc3c(cc2F)c(=O)c(C(=O)O)cn3C2CC2)[C@@H]1C,8.6,experimental,,,secondary_amine,,2026-06-26T16:32:46.180517+00:00
FIXED_chembl26.sdf,5372,NC1CN(c2cc3c(cc2F)c(=O)c(C(=O)O)cn3C2CC2)C1,6.49,experimental,,,carboxylic_acid,,2026-06-26T16:32:50.834764+00:00
FIXED_chembl26.sdf,5374,COc1ccc(CCCN(C)C)cc1.Cl,10.91,experimental,,,tertiary_amine,,2026-06-26T16:32:56.453724+00:00
FIXED_chembl26.sdf,5375,COc1ccc(CCCN(C)C)cc1Cl.Cl,10.76,experimental,,,tertiary_amine,,2026-06-26T16:32:58.405689+00:00
FIXED_chembl26.sdf,5377,CN(C)CCCc1ccc(N)cc1.Cl,10.87,experimental,,,tertiary_amine,,2026-06-26T16:32:59.561689+00:00
FIXED_chembl26.sdf,5395,O=c1c2sc(-c3ccc(Cl)cc3)cc2ncn1-c1ccc2sc(CN3CCC(c4ccccc4)CC3)cc2c1,7.91,experimental,,,tertiary_amine,,2026-06-26T16:33:12.151899+00:00
FIXED_chembl26.sdf,5396,O=c1c2sc(-c3ccc(Cl)cc3)cc2ncn1-c1ccc2sc(CN3CCCCC3)cc2c1,8.29,experimental,,,tertiary_amine,,2026-06-26T16:33:14.632218+00:00
FIXED_chembl26.sdf,5397,CCOP(=S)(NC(C)CC)Oc1cc(C)ccc1[N+](=O)[O-],0.0,experimental,,,sulfide,,2026-06-26T16:33:17.617976+00:00
FIXED_chembl26.sdf,5399,CCNc1nc(Cl)nc(NC(C)C)n1,0.0,experimental,,,triazine,,2026-06-26T16:33:35.872586+00:00
FIXED_chembl26.sdf,5400,CCc1ccc(C(=O)NN(C(=O)c2cc(C)cc(C)c2)C(C)(C)C)cc1,0.0,experimental,,,amide_secondary,,2026-06-26T16:34:06.815531+00:00
FIXED_chembl26.sdf,5401,COP(=S)(OC)Oc1ccc(SC)c(C)c1,0.0,experimental,,,sulfide,,2026-06-26T16:34:12.915667+00:00
FIXED_chembl26.sdf,5403,CCOC(=O)C(SP(=S)(OC)OC)c1ccccc1,0.0,experimental,,,sulfide,,2026-06-26T16:34:18.759031+00:00
FIXED_chembl26.sdf,5404,CCOP(=S)(OCC)Oc1cc(C)nc(C(C)C)n1,0.0,experimental,,,sulfide,,2026-06-26T16:34:20.713403+00:00
FIXED_chembl26.sdf,5405,COP(=S)(OC)Oc1ccc([N+](=O)[O-])c(C)c1,0.0,experimental,,,sulfide,,2026-06-26T16:34:22.330621+00:00
FIXED_chembl26.sdf,5406,CC(C)(C)N(NC(=O)c1ccc(Cl)cc1)C(=O)c1ccccc1,0.0,experimental,,,amide_secondary,,2026-06-26T16:34:25.644329+00:00
FIXED_chembl26.sdf,5410,COc1nn(CSP(=S)(OC)OC)c(=O)s1,0.0,experimental,,,sulfide,,2026-06-26T16:34:33.939858+00:00
FIXED_chembl26.sdf,5412,CC(=O)Nc1ccc(OCC(O)CNC(C)C)cc1,2.1,experimental,,,amide_secondary,,2026-06-26T16:34:44.919994+00:00
FIXED_chembl26.sdf,5413,C[C@@H]1C[C@H]2[C@@H]3CCC4=CC(=O)C=C[C@]4(C)[C@@]3(F)[C@@H](O)C[C@]2(C)[C@@]1(O)C(=O)CO,0.0,experimental,,,ketone,,2026-06-26T16:37:02.136588+00:00
FIXED_chembl26.sdf,5414,C[C@]12C=CC(=O)C=C1CC[C@@H]1[C@@H]2[C@@H](O)C[C@@]2(C)[C@H]1CC[C@]2(O)C(=O)CO,0.0,experimental,,,ketone,,2026-06-26T16:37:18.514904+00:00
FIXED_chembl26.sdf,5415,C[C@]12CCC(=O)C=C1CC[C@@H]1[C@@H]2[C@@H](O)C[C@@]2(C)[C@H]1CC[C@]2(O)C(=O)CO,0.0,experimental,,,ketone,,2026-06-26T16:37:30.371164+00:00
FIXED_chembl26.sdf,5416,C[C@]12C[C@H](O)[C@H]3[C@@H](CCC4=CC(=O)CC[C@@]43C)[C@@H]1CC[C@@H]2C(=O)CO,0.0,experimental,,,ketone,,2026-06-26T16:37:33.586847+00:00
FIXED_chembl26.sdf,5418,C[C@]12CC[C@H]3[C@@H](CCC4=CC(=O)CC[C@@]43C)[C@@H]1CC[C@@H]2O,4.48,experimental,,,secondary_alcohol,,2026-06-26T16:38:10.230256+00:00
FIXED_chembl26.sdf,5420,O=[N+]([O-])/N=C1\NCCN1Cc1ccc(Cl)nc1,0.0,experimental,,,1,manual,2026-06-26T16:38:27.519080+00:00
FIXED_chembl26.sdf,5421,CN(C)CCN(C)Cc1c2ccccc2c(CN(C)CCN(C)C)c2ccccc12,3.1,experimental,,,tertiary_amine,,2026-06-26T16:39:55.668938+00:00
FIXED_chembl26.sdf,5422,CN(C)CCN(C)Cc1c2ccccc2c(CN(C)CCN(C)C)c2ccccc12,4.2,experimental,,,tertiary_amine,,2026-06-26T16:39:58.378309+00:00
FIXED_chembl26.sdf,5423,CN(C)CCN(C)Cc1c2ccccc2c(CN(C)CCN(C)C)c2ccccc12,8.45,experimental,,,tertiary_amine,,2026-06-26T16:40:00.285686+00:00
FIXED_chembl26.sdf,5424,CN(C)CCN(C)Cc1c2ccccc2c(CN(C)CCN(C)C)c2ccccc12,9.45,experimental,,,tertiary_amine,,2026-06-26T16:40:01.853626+00:00
FIXED_chembl26.sdf,5425,CCN1CCCC(NCc2c3ccccc3c(CNC3CCCN(CC)C3)c3ccccc23)C1,2.4,experimental,,,secondary_amine,,2026-06-26T16:40:06.659795+00:00
FIXED_chembl26.sdf,5426,CCN1CCCC(NCc2c3ccccc3c(CNC3CCCN(CC)C3)c3ccccc23)C1,3.0,experimental,,,secondary_amine,,2026-06-26T16:40:08.674293+00:00
FIXED_chembl26.sdf,5427,CCN1CCCC(NCc2c3ccccc3c(CNC3CCCN(CC)C3)c3ccccc23)C1,5.2,experimental,,,tertiary_amine,,2026-06-26T16:40:10.263566+00:00
FIXED_chembl26.sdf,5428,CCN1CCCC(NCc2c3ccccc3c(CNC3CCCN(CC)C3)c3ccccc23)C1,9.15,experimental,,,tertiary_amine,,2026-06-26T16:40:11.568952+00:00
FIXED_chembl26.sdf,5429,C(=N/NC1=NCCN1)\c1c2ccccc2c(/C=N/NC2=NCCN2)c2ccccc12,6.8,experimental,,,guanidine,,2026-06-26T16:40:48.342453+00:00
FIXED_chembl26.sdf,5430,CN(C)CCNCc1c2ccccc2c(CNCCN(C)C)c2ccccc12,3.9,experimental,,,secondary_amine,,2026-06-26T16:40:56.970772+00:00
FIXED_chembl26.sdf,5431,CN(C)CCNCc1c2ccccc2c(CNCCN(C)C)c2ccccc12,5.35,experimental,,,tertiary_amine,,2026-06-26T16:40:59.524235+00:00
FIXED_chembl26.sdf,5432,CN(C)CCNCc1c2ccccc2c(CNCCN(C)C)c2ccccc12,8.4,experimental,,,tertiary_amine,,2026-06-26T16:41:01.597536+00:00
FIXED_chembl26.sdf,5433,CN(C)CCNCc1c2ccccc2c(CNCCN(C)C)c2ccccc12,9.4,experimental,,,tertiary_amine,,2026-06-26T16:41:07.499033+00:00
FIXED_chembl26.sdf,5434,c1ccc2c(CNCCN3CCOCC3)c3ccccc3c(CNCCN3CCOCC3)c2c1,3.85,experimental,,,secondary_amine,,2026-06-26T16:41:28.396785+00:00
FIXED_chembl26.sdf,5435,c1ccc2c(CNCCN3CCOCC3)c3ccccc3c(CNCCN3CCOCC3)c2c1,6.3,experimental,,,secondary_amine,,2026-06-26T16:41:33.826659+00:00
FIXED_chembl26.sdf,5436,c1ccc2c(CNCCN3CCOCC3)c3ccccc3c(CNCCN3CCOCC3)c2c1,7.5,experimental,,,tertiary_amine,,2026-06-26T16:41:36.352748+00:00
FIXED_chembl26.sdf,5437,c1ccc2c(CNCCN3CCOCC3)c3ccccc3c(CNCCN3CCOCC3)c2c1,8.5,experimental,,,tertiary_amine,,2026-06-26T16:41:38.545473+00:00
FIXED_chembl26.sdf,5438,c1ccc(-c2nc(-c3ccc4nc[nH]c4c3)no2)cc1,3.69,experimental,,,benzimidazole,,2026-06-26T16:41:43.359720+00:00
FIXED_chembl26.sdf,5439,FC(F)(F)c1ccccc1-c1nc(-c2ccc3nc[nH]c3c2)no1,4.0,experimental,,,hydroxy-1234riazine,,2026-06-26T16:41:47.129067+00:00
FIXED_chembl26.sdf,5440,Brc1ccc(-c2nc(-c3ccc4nc[nH]c4c3)no2)cc1,3.25,experimental,,,hydroxy-1234riazine,,2026-06-26T16:41:49.665298+00:00
FIXED_chembl26.sdf,5441,Clc1ccc(-c2nc(-c3ccc4nc[nH]c4c3)no2)cc1,3.77,experimental,,,benzimidazole,,2026-06-26T16:41:53.809377+00:00
FIXED_chembl26.sdf,5442,Fc1ccc(-c2nc(-c3ccc4nc[nH]c4c3)no2)cc1,3.57,experimental,,,benzimidazole,,2026-06-26T16:41:55.544997+00:00
FIXED_chembl26.sdf,5443,OCCCCCc1ccc(-c2nc(-c3ccc4nc[nH]c4c3)no2)cc1,4.25,experimental,,,benzimidazole,,2026-06-26T16:41:58.177662+00:00
FIXED_chembl26.sdf,5444,c1ccc2cc(-c3nc(-c4ccc5nc[nH]c5c4)no3)ccc2c1,4.22,experimental,,,benzimidazole,,2026-06-26T16:41:59.906161+00:00
FIXED_chembl26.sdf,5445,Cn1nccc1-c1cc(Cl)ccc1Oc1ccc(S(=O)(=O)Nc2ncns2)cc1C#N,3.5,experimental,,,aromatic_thiosulfamide,,2026-06-26T16:43:30.381539+00:00
FIXED_chembl26.sdf,5446,Cn1nccc1-c1cc(Cl)ccc1Oc1ccc(S(=O)(=O)Nc2ncns2)cc1F,3.5,experimental,,,aromatic_thiosulfamide,,2026-06-26T16:43:33.050812+00:00
FIXED_chembl26.sdf,5447,Cn1nccc1-c1cc(Cl)ccc1Oc1cc(F)c(S(=O)(=O)Nc2ncns2)cc1F,3.5,experimental,,,aromatic_thiosulfamide,,2026-06-26T16:43:34.714741+00:00
FIXED_chembl26.sdf,5448,Cn1nccc1-c1cc(Cl)ccc1Oc1ccc(S(=O)(=O)Nc2nncs2)cc1C#N,4.5,experimental,,,aromatic_thiosulfamide,,2026-06-26T16:43:36.152001+00:00
FIXED_chembl26.sdf,5449,Cn1nccc1-c1cc(Cl)ccc1Oc1cc(F)c(S(=O)(=O)Nc2nncs2)cc1Cl,4.5,experimental,,,aromatic_thiosulfamide,,2026-06-26T16:43:43.447144+00:00
FIXED_chembl26.sdf,5450,O=S(=O)(Nc1nncs1)c1cc(Cl)c(Oc2ccc(C(F)(F)F)cc2-c2ccnnc2)cc1F,4.3,experimental,,,aromatic_thiosulfamide,,2026-06-26T16:43:46.055751+00:00
FIXED_chembl26.sdf,5451,O=S(=O)(Nc1nncs1)c1cc(Cl)c(Oc2ccc(C(F)(F)F)cc2-c2ccnnc2)cc1F,4.0,experimental,,,aromatic_thiosulfamide,,2026-06-26T16:43:47.864932+00:00
FIXED_chembl26.sdf,5452,Nc1n[nH]cc1-c1cc(C(F)(F)F)ccc1Oc1cc(F)c(S(=O)(=O)Nc2nncs2)cc1Cl,4.3,experimental,,,aromatic_thiosulfamide,,2026-06-26T16:43:49.772888+00:00
FIXED_chembl26.sdf,5453,Nc1n[nH]cc1-c1cc(C(F)(F)F)ccc1Oc1cc(F)c(S(=O)(=O)Nc2cscn2)cc1Cl,6.3,experimental,,,aniline,,2026-06-26T16:43:54.725188+00:00
FIXED_chembl26.sdf,5454,Nc1[nH]ncc1-c1cc(Cl)ccc1Oc1cc(F)c(S(=O)(=O)Nc2cscn2)cc1Cl,6.3,experimental,,,aniline,,2026-06-26T16:43:56.097268+00:00
FIXED_chembl26.sdf,5455,CCN1CC(n2nccc2-c2cc(Cl)ccc2Oc2ccc(S(=O)(=O)Nc3cscn3)cc2C#N)C1,6.5,experimental,,,aniline,,2026-06-26T16:44:00.016222+00:00
FIXED_chembl26.sdf,5456,CCN1CC(n2nccc2-c2cc(Cl)ccc2Oc2ccc(S(=O)(=O)Nc3cscn3)cc2C#N)C1,7.4,experimental,,,tertiary_amine,,2026-06-26T16:44:03.451016+00:00
FIXED_chembl26.sdf,5457,N#Cc1cc(S(=O)(=O)Nc2ncns2)ccc1Oc1ccc(Cl)cc1-c1cn[nH]c1,3.5,experimental,,,aromatic_thiosulfamide,,2026-06-26T16:44:06.063405+00:00
FIXED_chembl26.sdf,5458,Cc1[nH]ncc1-c1cc(C(F)(F)F)ccc1Oc1ccc(S(=O)(=O)Nc2ncns2)cc1C#N,3.5,experimental,,,124-s2-triazole,,2026-06-26T16:44:12.773886+00:00
FIXED_chembl26.sdf,5459,COc1cnc(C(=O)Nc2ccc(F)c([C@]3(C)CCOC(N)=N3)c2)cn1,9.8,experimental,,,amidine,,2026-06-26T16:44:19.056653+00:00
FIXED_chembl26.sdf,5460,COc1cnc(C(=O)Nc2ccc(F)c([C@@]3(C)N=C(N)O[C@@H]4C[C@@H]43)c2)cn1,9.3,experimental,,,amidine,,2026-06-26T16:44:26.375877+00:00
FIXED_chembl26.sdf,5461,COc1cnc(C(=O)Nc2ccc(F)c([C@@]3(C)N=C(N)O[C@H]4C[C@H]43)c2)cn1,8.8,experimental,,,amidine,,2026-06-26T16:44:30.195591+00:00
FIXED_chembl26.sdf,5462,CCOC(=O)CN[C@@H](C(=O)N1CC[C@H]1C(=O)NCc1ccc(/C(N)=N\O)cc1)C1CCCCC1,4.73,experimental,,,n-hydroxyamidine,,2026-06-26T16:44:38.928430+00:00
FIXED_chembl26.sdf,5463,CCOC(=O)CN[C@H](C(=O)N1CCC[C@H]1C(=O)NCc1ccc(/C(N)=N/O)s1)C(c1ccccc1)c1ccccc1,3.98,experimental,,,amide_tertiary,,2026-06-26T16:44:41.701308+00:00
FIXED_chembl26.sdf,5464,N=C(N)c1ccc(CNC(=O)[C@@H]2CCCN2C(=O)[C@@H](NCC(=O)O)C(c2ccccc2)c2ccccc2)s1,1.91,experimental,,,carboxylic_acid,,2026-06-26T16:44:46.660429+00:00
FIXED_chembl26.sdf,5466,O=C(Nc1ccc(OC(F)(F)F)cc1)c1cnc(N2CC[C@H](O)C2)c(-c2cncnc2)c1,3.3,experimental,,,pyrimidine,,2026-06-26T16:46:32.090167+00:00
FIXED_chembl26.sdf,5467,O=C(Nc1ccc(OC(F)(F)F)cc1)c1cccc(-c2cncnc2)c1,3.3,experimental,,,pyrimidine,,2026-06-26T16:46:43.256933+00:00
FIXED_chembl26.sdf,5468,O=C(Nc1ccc(OC(F)(F)F)cc1)c1ccc(OCCN2CCCC2)c(-c2cncnc2)c1,8.9,experimental,,,tertiary_amine,,2026-06-26T16:46:47.450585+00:00
FIXED_chembl26.sdf,5469,O=C(Nc1ccc(OC(F)(F)F)cc1)c1cnc(NCCCO)c(-c2cncnc2)c1,3.7,experimental,,,pyridine,,2026-06-26T16:46:53.263529+00:00
FIXED_chembl26.sdf,5470,CN1CCN(c2ncc(C(=O)Nc3ccc(OC(F)(F)F)cc3)cc2-c2cncnc2)CC1,7.4,experimental,,,tertiary_amine,,2026-06-26T16:46:57.401201+00:00
FIXED_chembl26.sdf,5471,O=C(Nc1ccc(OC(F)(F)F)cc1)c1cnc(N2CC[C@@H](O)C2)c(-c2cncnc2)c1,3.7,experimental,,,pyridine,,2026-06-26T16:47:05.979890+00:00
FIXED_chembl26.sdf,5483,N#C[C@H](Cc1ccc(-c2ccccc2)cc1)NC(=O)C1(N)CCOCC1,5.4,experimental,,,20,manual,2026-06-26T16:48:13.377395+00:00
FIXED_chembl26.sdf,5484,N#Cc1ccc(-c2ccc(C[C@@H](C#N)NC(=O)C3(N)CCOCC3)cc2)cc1,5.8,experimental,,,18,manual,2026-06-26T16:48:22.426987+00:00
FIXED_chembl26.sdf,5485,CS(=O)(=O)c1cccc(-c2ccc(C[C@@H](C#N)NC(=O)C3(N)CCOCC3)cc2)c1,6.3,experimental,,,21,manual,2026-06-26T16:48:33.886745+00:00
FIXED_chembl26.sdf,5486,CN1Cc2ccc(-c3ccc(C[C@@H](C#N)NC(=O)C4(N)CCOCC4)cc3)cc2C1=O,6.3,experimental,,,19,manual,2026-06-26T16:48:41.488285+00:00
FIXED_chembl26.sdf,5487,Cc1cn(C2CC(N=[N+]=[N-])C(COP(=O)(NC(C)(C)C)OCCSC(=O)C(C)(C)C)O2)c(=O)[nH]c1=O,10.45,experimental,,,azo,,2026-06-26T16:49:13.163464+00:00
FIXED_chembl26.sdf,5488,CCCCN(CCCC)P(=O)(O)OCC1OC(n2cc(C)c(=O)[nH]c2=O)CC1N=[N+]=[N-],11.25,experimental,,,tertiary_amine,,2026-06-26T16:49:18.113217+00:00
FIXED_chembl26.sdf,5489,Cc1cn(C2CC(N=[N+]=[N-])C(COP(=O)(O)N3CCCCC3)O2)c(=O)[nH]c1=O,11.12,experimental,,,tertiary_amine,,2026-06-26T16:49:19.859298+00:00
FIXED_chembl26.sdf,5490,Cc1cn(C2CC(N=[N+]=[N-])C(COP(=O)(Nc3ccccc3)OCCSC(=O)C(C)(C)C)O2)c(=O)[nH]c1=O,4.68,experimental,,,aniline,,2026-06-26T16:49:26.136114+00:00
FIXED_chembl26.sdf,5491,CCCCNP(=O)(O)OCC1OC(n2cc(C)c(=O)[nH]c2=O)CC1N=[N+]=[N-],10.64,experimental,,,7,manual,2026-06-26T16:49:50.388449+00:00
FIXED_chembl26.sdf,5492,Cc1cn(C2CC(N=[N+]=[N-])C(COP(=O)(NC(C)C)OCCSC(=O)C(C)(C)C)O2)c(=O)[nH]c1=O,10.63,experimental,,,azo,,2026-06-26T16:50:10.469215+00:00
FIXED_chembl26.sdf,5493,Cc1cn(C2CC(N=[N+]=[N-])C(COP(=O)(O)N3CCOCC3)O2)c(=O)[nH]c1=O,8.36,experimental,,,tertiary_amine,,2026-06-26T16:50:12.896265+00:00
FIXED_chembl26.sdf,5494,CN(CCCCCCOc1ccc(C(=O)c2ccc(Br)cc2)cc1)CC1CC1.O=C(O)/C=C/C(=O)O,9.37,experimental,,,tertiary_amine,,2026-06-26T16:50:16.673689+00:00
FIXED_chembl26.sdf,5495,CN(CCCCCCOc1ccc(C(=O)c2ccc(Br)cc2)cc1)C1CC1.Cl,7.48,experimental,,,tertiary_amine,,2026-06-26T16:50:19.624276+00:00
FIXED_chembl26.sdf,5496,C=CCN(C)CCCCCCOc1ccc(C(=O)c2ccc(Br)cc2)cc1.O=C(O)/C=C/C(=O)O,8.18,experimental,,,tertiary_amine,,2026-06-26T16:50:21.648779+00:00
FIXED_chembl26.sdf,5497,CN(CCCO)CCCCCCOc1ccc(C(=O)c2ccc(Br)cc2)cc1.O=C(O)/C=C/C(=O)O,9.05,experimental,,,tertiary_amine,,2026-06-26T16:50:24.970415+00:00
FIXED_chembl26.sdf,5498,COc1noc2c1CN(C)CC2.Cl,6.6,experimental,,,isoxazolidine,,2026-06-26T16:50:29.844510+00:00
FIXED_chembl26.sdf,5499,CCN1CCc2onc(OC)c2C1.Cl,7.0,experimental,,,isoxazolidine,,2026-06-26T16:52:17.632798+00:00
FIXED_chembl26.sdf,5503,COc1noc2c1CN(Cc1ccccc1)CC2.Cl,6.0,experimental,,,isoxazolidine,,2026-06-26T16:52:28.034858+00:00
FIXED_chembl26.sdf,5509,CCOc1noc2c1CN(C)CC2.Cl,6.6,experimental,,,isoxazolidine,,2026-06-26T16:52:41.974031+00:00
FIXED_chembl26.sdf,5515,FC(F)(Cc1c[nH]c2ccc(-n3cnnc3)cc12)CN1CCC(Cc2ccccc2)CC1,6.7,experimental,,,isoquinoline,,2026-06-26T16:52:55.680437+00:00
FIXED_chembl26.sdf,5517,CN(Cc1ccccc1C(F)(F)F)[C@H]1CCN(CCCc2c[nH]c3ccc(-n4cnnc4)cc23)C[C@@H]1F,6.9,experimental,,,isoquinoline,,2026-06-26T16:53:00.161544+00:00
FIXED_chembl26.sdf,5519,FC(F)(Cc1c[nH]c2ccc(-n3cnnc3)cc12)CN1CCC(OCc2ccccc2)CC1,5.9,experimental,,,isoquinoline,,2026-06-26T16:53:06.980675+00:00
FIXED_chembl26.sdf,5522,CCCCCCCCCCCCCC(=O)NCCCC[C@@H](C(=O)OC)[N+](C)(C)C.[Cl-],10.0,experimental,,,25,manual,2026-06-26T16:53:36.108001+00:00
FIXED_chembl26.sdf,5523,CCCCCCCCCCCC(=O)N[C@@H](CCCNC(=N)N)C(=O)N[C@@H](CCCCN)C(=O)OC.Cl.Cl,10.0,experimental,,,guanidine,,2026-06-26T16:53:54.079105+00:00
FIXED_chembl26.sdf,5524,CCCCCCCCCCCC(=O)N[C@@H](CCCNC(=N)N)C(=O)NCCCC[C@H](N)C(=O)OC.Cl.Cl,10.0,experimental,,,guanidine,,2026-06-26T16:53:56.049215+00:00
FIXED_chembl26.sdf,5525,CCCCCCCCCCCC(=O)NCCCC[C@H](N)C(=O)NCCCC[C@H](N)C(=O)OC.Cl.Cl,10.0,experimental,,,28,manual,2026-06-26T16:54:13.416716+00:00
FIXED_chembl26.sdf,5527,CCc1nc2c(C)cc(C)nc2n1Cc1cc(Cl)c(O)c(Cl)c1,7.2,experimental,,,3,manual,2026-06-26T16:54:26.764114+00:00
FIXED_chembl26.sdf,5529,COC(=O)C(N)CCCCNC(=O)OC(C)(C)C.Cl,8.9,experimental,,,5,manual,2026-06-26T16:54:36.218780+00:00
FIXED_chembl26.sdf,5530,COC(=O)C(CCCCN)NC(=O)OC(C)(C)C.Cl,10.79,experimental,,,primary_amine,,2026-06-26T16:54:47.172334+00:00
FIXED_chembl26.sdf,5532,NCCc1ccccn1,9.52,experimental,,,primary_amine,,2026-06-26T16:54:54.164682+00:00
FIXED_chembl26.sdf,5535,NCc1ccccn1,8.62,experimental,,,primary_amine,,2026-06-26T16:54:56.211040+00:00
FIXED_chembl26.sdf,5536,Cc1cc(C)c(C(=O)NC(Cc2ccc(N3CCC(CNc4ccccn4)CC3)cc2)C(=O)O)c(C)c1,7.0,experimental,,,carboxylic_acid,,2026-06-26T16:55:18.378891+00:00
FIXED_chembl26.sdf,5537,Cc1ccnc(NCC2CCN(c3ccc(CC(NC(=O)c4c(C)cc(C)cc4C)C(=O)O)cc3)CC2)c1,7.5,experimental,,,aniline,,2026-06-26T16:55:22.201836+00:00
FIXED_chembl26.sdf,5538,COc1ccnc(NCC2CCN(c3ccc(CC(NC(=O)c4c(C)cc(C)cc4C)C(=O)O)cc3)CC2)c1,7.7,experimental,,,pyridine,,2026-06-26T16:55:27.101312+00:00
FIXED_chembl26.sdf,5539,CNS(=O)(=O)Nc1cccc(Cc2c(C)c3ccc(Oc4ncccn4)cc3oc2=O)c1F,8.86,experimental,,,aniline,,2026-06-26T16:55:35.226662+00:00
FIXED_chembl26.sdf,5540,CNS(=O)(=O)Nc1nccc(Cc2c(C)c3ccc(Oc4ncccn4)cc3oc2=O)c1F,7.02,experimental,,,pyridine,,2026-06-26T16:55:41.211922+00:00
FIXED_chembl26.sdf,5541,O=C1CC2(CCCC2)CC(=O)N1CCCCN1CCN(c2ncccn2)CC1,7.8,experimental,,,tertiary_amine,,2026-06-26T16:55:45.608273+00:00
FIXED_chembl26.sdf,5542,O=C1CC2(CCCC2)CC(=O)N1CCCCN1CCN(c2ncccn2)CC1,12.5,experimental,,,tertiary_amine,,2026-06-26T16:55:48.318873+00:00
FIXED_chembl26.sdf,5543,O=C1CC2(CCCC2)CC(=O)N1CCCCN1CCN(c2ncccn2)CC1,7.3,experimental,,,pyrimidine,,2026-06-26T16:55:57.280036+00:00
FIXED_chembl26.sdf,5547,COC(=O)C(c1ccccc1)C1CCCCN1,9.24,experimental,,,secondary_amine,,2026-06-26T16:56:05.881262+00:00
FIXED_chembl26.sdf,5549,OCCOCCN1CCN(C(c2ccccc2)c2ccc(Cl)cc2)CC1,7.75,experimental,,,tertiary_amine,,2026-06-26T16:56:09.283170+00:00
FIXED_chembl26.sdf,5551,COc1ccc2c3c1O[C@H]1C(=O)CC[C@H]4[C@@H](C2)N(C)CC[C@]314,8.43,experimental,,,tertiary_amine,,2026-06-26T16:56:12.155224+00:00
FIXED_chembl26.sdf,5554,CN1CC(=O)N2[C@H](c3ccc4c(c3)OCO4)c3[nH]c4ccccc4c3C[C@@H]2C1=O,9.87,experimental,,,isoquinoline,,2026-06-26T16:56:16.397636+00:00
FIXED_chembl26.sdf,5560,COc1ccc(CCN2CCC(Nc3nc4ccccc4n3Cc3ccc(F)cc3)CC2)cc1,10.13,experimental,,,tertiary_amine,,2026-06-26T17:00:16.564068+00:00
FIXED_chembl26.sdf,5561,COc1ccc(CCN2CCC(Nc3nc4ccccc4n3Cc3ccc(F)cc3)CC2)cc1,8.5,experimental,,,tertiary_amine,,2026-06-26T17:00:18.655945+00:00
FIXED_chembl26.sdf,5567,CN(CCOc1ccc(CC2SC(=O)NC2=O)cc1)c1ccccn1,10.3,experimental,,,tertiary_amine,,2026-06-26T17:01:01.264766+00:00
FIXED_chembl26.sdf,5568,CN1C2CCCC1CC(NC(=O)c1nn(C)c3ccccc13)C2,8.9,experimental,,,tertiary_amine,,2026-06-26T17:01:03.196232+00:00
FIXED_chembl26.sdf,5569,CN1C2CCCC1CC(NC(=O)c1nn(C)c3ccccc13)C2,9.1,experimental,,,tertiary_amine,,2026-06-26T17:01:05.417392+00:00
FIXED_chembl26.sdf,5570,CN1CCN(c2ccccc2/C=C2\SCCN(c3ccc(Cl)c(Cl)c3)C2=O)CC1,11.5,experimental,,,tertiary_amine,,2026-06-26T17:01:07.514947+00:00
FIXED_chembl26.sdf,5572,CNCC[C@H](Oc1cccc2ccccc12)c1cccs1,9.97,experimental,,,secondary_amine,,2026-06-26T17:01:10.632610+00:00
FIXED_chembl26.sdf,5573,Clc1ccc2c(c1)CCc1cccnc1C2=C1CCNCC1,9.27,experimental,,,secondary_amine,,2026-06-26T17:01:13.080943+00:00
FIXED_chembl26.sdf,5574,CC(C)c1c(C(=O)Nc2ccccc2)c(-c2ccccc2)c(-c2ccc(F)cc2)n1CC[C@@H](O)C[C@@H](O)CC(=O)O,9.34,experimental,,,36,manual,2026-06-26T17:01:39.460631+00:00
FIXED_chembl26.sdf,5575,CCCSc1nc(N[C@@H]2C[C@H]2c2ccc(F)c(F)c2)c2nnn([C@@H]3C[C@H](OCCO)[C@@H](O)[C@H]3O)c2n1,14.28,experimental,,,primary_alcohol,,2026-06-26T17:02:01.528167+00:00
FIXED_chembl26.sdf,5576,C#C[C@]1(O)CC[C@H]2[C@@H]3[C@H](C)CC4=C(CCC(=O)C4)[C@H]3CC[C@@]21C,15.0,experimental,,,tertiary_alcohol,,2026-06-26T17:02:07.085239+00:00
FIXED_chembl26.sdf,5577,CC(C)(C)c1ccc(C(O)CCCN2CCC(C(O)(c3ccccc3)c3ccccc3)CC2)cc1,14.96,experimental,,,tertiary_alcohol,,2026-06-26T17:02:12.919232+00:00
FIXED_chembl26.sdf,5578,CC(C)(C)c1ccc(C(O)CCCN2CCC(C(O)(c3ccccc3)c3ccccc3)CC2)cc1,8.6,experimental,,,tertiary_amine,,2026-06-26T17:02:16.635304+00:00
FIXED_chembl26.sdf,5579,C[C@H](NC(=O)C(C)(C)Oc1ccc(C(F)(F)F)cn1)[C@@H](Cc1ccc(Cl)cc1)c1cccc(C#N)c1,15.14,experimental,,,pyridine,,2026-06-26T17:02:23.476854+00:00
FIXED_chembl26.sdf,5580,N#CC[C@H](C1CCCC1)n1cc(-c2ncnc3[nH]ccc23)cn1,14.94,experimental,,,pyrimidine,,2026-06-26T17:02:27.344968+00:00
FIXED_chembl26.sdf,5581,CCOc1cc(CC(=O)N[C@@H](CC(C)C)c2ccccc2N2CCCCC2)ccc1C(=O)O,14.79,experimental,,,aniline,,2026-06-26T17:02:31.750516+00:00
FIXED_chembl26.sdf,5583,CCc1ccc(CCOc2ccc(CC3SC(=O)NC3=O)cc2)nc1,13.74,experimental,,,thioamideamide_anhydride,,2026-06-26T17:02:42.849453+00:00
FIXED_chembl26.sdf,5584,CC(C)CCC(=O)CC1c2ccccc2C(=O)N1c1ccc2ccc(Cl)nc2n1,14.98,experimental,,,pyridine,,2026-06-26T17:02:57.188507+00:00
FIXED_chembl26.sdf,5585,O[C@H](CNC[C@@H](O)[C@H]1CCc2cc(F)ccc2O1)[C@@H]1CCc2cc(F)ccc2O1,13.98,experimental,,,secondary_amine,,2026-06-26T17:03:02.310585+00:00
FIXED_chembl26.sdf,5586,CCn1cc(C(=O)O)c(=O)c2ccc(C)nc21,13.02,experimental,,,pyridine,,2026-06-26T17:03:05.292550+00:00
FIXED_chembl26.sdf,5587,CC(C)(O)c1ccccc1CC[C@@H](SCC1(CC(=O)O)CC1)c1cccc(/C=C/c2ccc3ccc(Cl)cc3n2)c1,15.86,experimental,,,tertiary_alcohol,,2026-06-26T17:03:09.438211+00:00
FIXED_chembl26.sdf,5588,O=C(c1ccc(F)cc1)C1CCN(CCn2c(=O)[nH]c3ccccc3c2=O)CC1,14.06,experimental,,,pyrimidine,,2026-06-26T17:03:13.593995+00:00
FIXED_chembl26.sdf,5590,CCc1cc2c(cc1CC)CC(NC[C@H](O)c1ccc(O)c3[nH]c(=O)ccc13)C2,14.58,experimental,,,quinoline,,2026-06-26T17:03:31.841085+00:00
FIXED_chembl26.sdf,5594,O=C(O[C@H]1CC2C[C@@H]3C[C@@H](C1)N2CC3=O)c1c[nH]c2ccccc12,14.59,experimental,,,isoquinoline,,2026-06-26T17:03:47.431483+00:00
FIXED_chembl26.sdf,5595,CC[C@H]1OC(=O)[C@H](C)[C@@H](O[C@H]2C[C@@](C)(OC)[C@@H](O)[C@H](C)O2)[C@H](C)[C@@H](O[C@@H]2O[C@H](C)C[C@H](N(C)C)[C@H]2O)[C@](C)(OC)C[C@@H](C)C(=O)[C@H](C)[C@@H](O)[C@]1(C)O,14.1,experimental,,,tertiary_alcohol,,2026-06-26T17:03:54.343123+00:00
FIXED_chembl26.sdf,5596,CC[C@H]1OC(=O)[C@H](C)[C@@H](O[C@H]2C[C@@](C)(OC)[C@@H](O)[C@H](C)O2)[C@H](C)[C@@H](O[C@@H]2O[C@H](C)C[C@H](N(C)C)[C@H]2O)[C@](C)(OC)C[C@@H](C)C(=O)[C@H](C)[C@@H](O)[C@]1(C)O,8.99,experimental,,,tertiary_amine,,2026-06-26T17:03:59.153539+00:00
FIXED_chembl26.sdf,5597,COCc1c(C(C)C)nc(C(C)C)c(/C=C/[C@@H](O)C[C@@H](O)CC(=O)O)c1-c1ccc(F)cc1,14.4,experimental,,,secondary_alcohol,,2026-06-26T17:04:05.454663+00:00
FIXED_chembl26.sdf,5598,Cc1ccc(-c2cc(C(F)(F)F)nn2-c2ccc(S(N)(=O)=O)cc2)cc1,14.16,experimental,,,pyrazolidine,,2026-06-26T17:04:14.431609+00:00
FIXED_chembl26.sdf,5599,CN(Cc1cc(Br)cc(Br)c1N)C1CCCCC1,15.11,experimental,,,aniline,,2026-06-26T17:04:18.189358+00:00
FIXED_chembl26.sdf,5600,CN(Cc1cc(Br)cc(Br)c1N)C1CCCCC1,8.5,experimental,,,tertiary_amine,,2026-06-26T17:04:21.401828+00:00
FIXED_chembl26.sdf,5602,Cc1c(OCCN)no[n+]1[O-].O=C(O)C(=O)O,8.7,experimental,,,primary_amine,,2026-06-26T17:04:33.297376+00:00
FIXED_chembl26.sdf,5603,Cc1c(OCCN(C)C)no[n+]1[O-].O=C(O)C(=O)O,7.9,experimental,,,tertiary_amine,,2026-06-26T17:04:35.995469+00:00
FIXED_chembl26.sdf,5615,C/C=C(\C)C(=O)O[C@H]1C(C)=C[C@]23C(=O)[C@@H](C=C(CO)[C@@H](O)[C@]12O)[C@H]1[C@@H](C[C@H]3C)C1(C)C,5.02,experimental,,,tertiary_alcohol,,2026-06-26T17:05:40.197840+00:00
FIXED_chembl26.sdf,5619,O=C1CN(C(C(=O)N2CCC[C@H]2C(=O)Nc2ccc(C#Cc3ccc(NC(=O)[C@@H]4CCCN4C(=O)C(c4ccccc4)N4CCNC(=O)C4)cc3)cc2)c2ccccc2)CCN1,2.5,experimental,,,amide_secondary,,2026-06-26T17:06:22.823433+00:00
FIXED_chembl26.sdf,5620,Cc1[nH]c(CO)c(-c2ccc(Oc3ccc(OC(F)(F)F)cc3)cc2)c(=O)c1Cl,9.73,experimental,,,pyridine,,2026-06-26T17:06:28.986315+00:00
FIXED_chembl26.sdf,5621,Cc1[nH]c(C)c(-c2ccc(Oc3ccc(OC(F)(F)F)cc3)cc2)c(=O)c1Cl,10.1,experimental,,,pyridine,,2026-06-26T17:06:31.232409+00:00
FIXED_chembl26.sdf,5622,CC#Cc1cncc(-c2cc(C3(C4CC4)N=C(C)C(N)=N3)ccc2O)c1,5.9,experimental,,,pyridine,,2026-06-26T17:06:34.651179+00:00
FIXED_chembl26.sdf,5623,CC#Cc1cncc(-c2cccc(C3(C4CC4)N=C(C)C(N)=N3)c2)c1,5.8,experimental,,,pyridine,,2026-06-26T17:06:37.445315+00:00
FIXED_chembl26.sdf,5639,CCN(CC)CCS/C(=N\O)C(=O)c1ccc(OC)cc1,7.65,experimental,,,tertiary_amine,,2026-06-26T17:08:13.938602+00:00
FIXED_chembl26.sdf,5642,COc1ccc(C(=O)/C(=N/O)SCCCN(C)C)cc1.O=C(O)C(=O)O,8.42,experimental,,,tertiary_amine,,2026-06-26T17:08:19.741451+00:00
FIXED_chembl26.sdf,5644,CCN(CC)CCS/C(=N\O)C(=O)c1ccc(Cl)cc1.Cl,7.42,experimental,,,tertiary_amine,,2026-06-26T17:08:24.843671+00:00
FIXED_chembl26.sdf,5646,CN(C)CCS/C(=N\O)C(=O)c1ccc(F)cc1,7.54,experimental,,,tertiary_amine,,2026-06-26T17:08:29.647526+00:00
FIXED_chembl26.sdf,5647,Cc1ccc(C(=O)/C(=N/O)SCCN(C)C)cc1.Cl,7.76,experimental,,,tertiary_amine,,2026-06-26T17:08:31.231214+00:00
FIXED_chembl26.sdf,5649,CN(C)CCS/C(=N\O)C(=O)c1ccc(Cl)cc1.Cl,7.57,experimental,,,tertiary_amine,,2026-06-26T17:08:35.610134+00:00
FIXED_chembl26.sdf,5650,COc1ccc(C(=O)/C(=N/O)SCCN(C)C)cc1,7.88,experimental,,,imine,,2026-06-26T17:08:37.309035+00:00
FIXED_chembl26.sdf,5651,C[N+](C)(C)CCS/C(=N\O)C(=O)c1ccc(Cl)cc1.[Cl-],7.19,experimental,,,imine,,2026-06-26T17:08:39.383785+00:00
FIXED_chembl26.sdf,5652,CC[N+](C)(CC)CCS/C(=N\O)C(=O)c1ccc(Cl)cc1.[Cl-],7.17,experimental,,,imine,,2026-06-26T17:08:40.684181+00:00
FIXED_chembl26.sdf,5653,CC(C)N(CCS/C(=N\O)C(=O)c1ccc(Cl)cc1)C(C)C.Cl,7.2,experimental,,,tertiary_amine,,2026-06-26T17:08:42.215407+00:00
FIXED_chembl26.sdf,5654,CCN(CC)CCS/C(=N\O)C(=O)c1ccccc1.Cl,7.6,experimental,,,tertiary_amine,,2026-06-26T17:08:43.706906+00:00
FIXED_chembl26.sdf,5655,CCN(CC)CCS/C(=N\O)C(=O)c1ccc(Br)cc1.Cl,7.2,experimental,,,tertiary_amine,,2026-06-26T17:08:45.621048+00:00
FIXED_chembl26.sdf,5656,CN(C)CCS/C(=N\O)C(=O)c1ccc(Br)cc1.Cl,7.36,experimental,,,tertiary_amine,,2026-06-26T17:08:47.449687+00:00
FIXED_chembl26.sdf,5657,CCN(CC)CCS/C(=N\O)C(=O)c1ccc(C#N)cc1.Cl,7.02,experimental,,,imine,,2026-06-26T17:08:51.953639+00:00
FIXED_chembl26.sdf,5658,CC[N+](C)(CC)CCS/C(=N\O)C(=O)c1ccc(F)cc1.[Cl-],7.31,experimental,,,imine,,2026-06-26T17:08:53.555810+00:00
FIXED_chembl26.sdf,5659,CC[N+](C)(CC)CCS/C(=N\O)C(=O)c1ccc(C#N)cc1.[Cl-],6.72,experimental,,,imine,,2026-06-26T17:08:55.357029+00:00
FIXED_chembl26.sdf,5660,C[N+](C)(C)CCS/C(=N\O)C(=O)c1ccc(Br)cc1.[I-],7.18,experimental,,,imine,,2026-06-26T17:08:56.774392+00:00
FIXED_chembl26.sdf,5661,CN(C)CCS/C(=N\O)C(=O)c1cccc2ccccc12.Cl,7.1,experimental,,,imine,,2026-06-26T17:08:59.428515+00:00
FIXED_chembl26.sdf,5662,CN(C)CCCS/C(=N\O)C(=O)c1ccc(Br)cc1.O=C(O)C(=O)O,7.41,experimental,,,tertiary_amine,,2026-06-26T17:09:03.023354+00:00
FIXED_chembl26.sdf,5663,C=C(C)[C@@H]1CC[C@]2(NCCN3CCOCC3)CC[C@]3(C)[C@H](CC[C@@H]4[C@@]5(C)CC=C(c6ccc(C(=O)O)cc6)C(C)(C)[C@@H]5CC[C@]43C)[C@@H]12,8.2,experimental,,,tertiary_amine,,2026-06-26T17:09:04.903992+00:00
FIXED_chembl26.sdf,5664,C=C(C)[C@@H]1CC[C@]2(NCCN3CCC(F)(F)CC3)CC[C@]3(C)[C@H](CC[C@@H]4[C@@]5(C)CC=C(c6ccc(C(=O)O)cc6)C(C)(C)[C@@H]5CC[C@]43C)[C@@H]12,8.5,experimental,,,tertiary_amine,,2026-06-26T17:09:06.636246+00:00
FIXED_chembl26.sdf,5666,CCN[C@H]1CC[C@@H](Nc2cc[nH]c(=O)c2-c2nc3ccccc3[nH]2)CC1,10.5,experimental,,,secondary_amine,,2026-06-26T17:09:14.385320+00:00
FIXED_chembl26.sdf,5667,O=c1[nH]ccc(N[C@H]2CC[C@@H](NCCF)CC2)c1-c1nc2ccccc2[nH]1,8.8,experimental,,,secondary_amine,,2026-06-26T17:09:16.326332+00:00
FIXED_chembl26.sdf,5670,COCCN[C@H]1CC[C@@H](Nc2cc[nH]c(=O)c2-c2nc3ccccc3[nH]2)CC1,9.2,experimental,,,secondary_amine,,2026-06-26T17:09:27.236742+00:00
FIXED_chembl26.sdf,5671,COc1cc(C[C@H](N)C(=O)N[C@H]2C(=O)NCC(=O)N[C@@H](Cc3ccccc3)C(=O)N[C@@H](C(=O)O)C(C)(C)SSC2(C)C)ccc1O,9.7,experimental,,,phenol,,2026-06-26T17:09:33.259848+00:00
FIXED_chembl26.sdf,5672,CC1(C)SSC(C)(C)[C@@H](NC(=O)[C@@H](N)Cc2ccc(O)c([N+](=O)[O-])c2)C(=O)NCC(=O)N[C@@H](Cc2ccccc2)C(=O)N[C@H]1C(=O)O,7.2,experimental,,,aniline,,2026-06-26T17:09:37.276173+00:00
FIXED_chembl26.sdf,5673,CC1(C)SSC(C)(C)[C@@H](NC(=O)[C@@H](N)Cc2ccc(O)c(N)c2)C(=O)NCC(=O)N[C@@H](Cc2ccccc2)C(=O)N[C@H]1C(=O)O,10.0,experimental,,,phenol,,2026-06-26T17:09:41.546542+00:00
FIXED_chembl26.sdf,5674,CC1(C)SSC(C)(C)[C@@H](NC(=O)[C@@H](N)Cc2ccc(O)c(I)c2)C(=O)NCC(=O)N[C@@H](Cc2ccccc2)C(=O)N[C@H]1C(=O)O,8.2,experimental,,,phenol,,2026-06-26T17:09:45.941002+00:00
FIXED_chembl26.sdf,5700,c1c(NC2CC2)nc(C2CC2)nc1N1CCCCCC1,8.03,experimental,,,tertiary_amine,,2026-06-26T17:10:39.685132+00:00
FIXED_chembl26.sdf,5702,COc1ccc(NC(=N)c2cccs2)cc1CSC1CCCC1,8.1,experimental,,,amidine,,2026-06-26T17:10:46.807852+00:00
FIXED_chembl26.sdf,5703,COc1ccc(Cl)cc1NS(=O)(=O)c1ccc(OC)c2c1CC[C@@H](N(C)C)C2,10.5,experimental,,,tertiary_amine,,2026-06-26T17:10:49.482996+00:00
FIXED_chembl26.sdf,5704,Cc1cc2nc(NC(=N)N)nc(C)c2cc1C,9.3,experimental,,,guanidine,,2026-06-26T17:10:51.593652+00:00
FIXED_chembl26.sdf,5705,O=C(O)c1cssc1=S,2.8,experimental,,,carboxylic_acid,,2026-06-26T17:10:54.745118+00:00
FIXED_chembl26.sdf,5706,O=C(O)c1cc(=S)ss1,1.2,experimental,,,sulfide,,2026-06-26T17:10:57.584259+00:00
FIXED_chembl26.sdf,5710,CC(=O)N[C@@H](Cc1cc(F)cc(F)c1)[C@H](O)CNC1(c2cccc(C(C)(C)C)c2)CCOCC1,7.2,experimental,,,secondary_amine,,2026-06-26T17:11:13.142997+00:00
FIXED_chembl26.sdf,5711,CC(=O)N[C@@H](Cc1cc(F)cc(F)c1)[C@H](O)CNC1(c2cccc(C3CCOC3)c2)CCCCC1,8.1,experimental,,,secondary_amine,,2026-06-26T17:11:15.043562+00:00
FIXED_chembl26.sdf,5712,CC(=O)N[C@@H](Cc1cc(F)cc(F)c1)[C@H](O)CNC1(c2cccc(-n3cccn3)c2)CC1,6.7,experimental,,,pyrazolidine,,2026-06-26T17:11:21.978393+00:00
FIXED_chembl26.sdf,5713,CC(=O)N[C@@H](Cc1cc(F)cc(F)c1)[C@H](O)CNC1(c2cccc(C(C)(C)C(F)F)c2)CC1,6.7,experimental,,,secondary_amine,,2026-06-26T17:11:26.128192+00:00
FIXED_chembl26.sdf,5714,CC(=O)N[C@@H](Cc1cc(F)cc(F)c1)[C@H](O)CNC1(c2cccc(C(C)(C)C)c2)CCC1,7.8,experimental,,,secondary_amine,,2026-06-26T17:11:28.427867+00:00
FIXED_chembl26.sdf,5715,COc1cc([C@H]2CN=C(c3ccc4c(ccn4C)c3)O2)cc(OC)c1OC,5.0,experimental,,,isoquinoline,,2026-06-26T17:11:31.273844+00:00
FIXED_chembl26.sdf,5717,C[N+](C)=c1ccc2c(-c3ccccc3C(=O)O)c3ccc4cc(O)ccc4c3oc-2c1,7.62,experimental,,,tertiary_amine,,2026-06-26T17:11:38.130021+00:00
FIXED_chembl26.sdf,5718,CN(C)c1ccc2c(c1)Oc1c(ccc3cc(O)ccc13)C21OC(=O)c2c(F)c(F)c(F)c(F)c21,7.38,experimental,,,aniline,,2026-06-26T17:11:42.190493+00:00
FIXED_chembl26.sdf,5724,CC(C)CNC(=O)CC1Sc2sc(S(N)(=O)=O)cc2NC1=O,3.65,experimental,,,sulfone,,2026-06-26T17:12:28.780241+00:00
FIXED_chembl26.sdf,5725,NS(=O)(=O)c1cc2c(s1)SC(CC(=O)O)C(=O)N2,4.3,experimental,,,carboxylic_acid,,2026-06-26T17:12:32.732771+00:00
FIXED_chembl26.sdf,5726,NS(=O)(=O)c1cc2c(s1)S(=O)(=O)C(CCO)CN2,8.45,experimental,,,aniline,,2026-06-26T17:12:36.701557+00:00
FIXED_chembl26.sdf,5727,NS(=O)(=O)c1cc2c(s1)S(=O)(=O)C(CCN1CCOCC1)CN2,3.23,experimental,,,sulfone,,2026-06-26T17:12:53.242251+00:00
FIXED_chembl26.sdf,5730,CC/C=C1/NC(=O)C(c2ccccc2)=C1O,4.6,experimental,,,enamine,,2026-06-26T17:13:06.564069+00:00
FIXED_chembl26.sdf,5735,COc1ccc(NC(=O)NO)cc1,10.2,experimental,,,10,manual,2026-06-26T17:13:23.839213+00:00
FIXED_chembl26.sdf,5744,CCCn1c(=O)c2nc(-c3ccc(S(=O)(=O)NCCN(C)C)cc3)[nH]c2n(CCC)c1=O,6.0,experimental,,,nn-indazole,,2026-06-26T19:21:34.761500+00:00
FIXED_chembl26.sdf,5745,CCCn1c(=O)c2nc(-c3ccc(S(=O)(=O)NCCN(C)C)cc3)[nH]c2n(CCC)c1=O,8.0,experimental,,,tertiary_amine,,2026-06-26T19:21:40.069534+00:00
FIXED_chembl26.sdf,5750,Cc1c[nH]c(NC(=O)c2nc(C)cc3cc[nH]c23)n1,7.6,experimental,,,imidazole,,2026-06-26T19:22:08.967744+00:00
FIXED_chembl26.sdf,5754,CCn1ccnc1-c1c[nH]c2c(C(=O)Nc3ccn(C)n3)nc(C)cc12,7.2,experimental,,,imidazole,,2026-06-26T19:22:33.014056+00:00
FIXED_chembl26.sdf,5758,O=C(Nc1cccc(OCc2ccc3c(c2)OCO3)c1)C1CCN(c2ccncc2)CC1,9.1,experimental,,,tertiary_amine,,2026-06-26T19:23:40.821784+00:00
FIXED_chembl26.sdf,5759,COc1cc(COc2cccc(NC(=O)C3CCN(c4ccncc4)CC3)c2)cc(OC)c1,8.9,experimental,,,tertiary_amine,,2026-06-26T19:23:42.905515+00:00
FIXED_chembl26.sdf,5760,COc1ccc(COc2cccc(NC(=O)C3CCN(c4ccncc4)CC3)c2)cc1OC,9.2,experimental,,,tertiary_amine,,2026-06-26T19:23:44.499669+00:00
FIXED_chembl26.sdf,5761,CS(=O)(=O)c1ccc(COc2cccc(NC(=O)C3CCN(c4ccncc4)CC3)c2)cc1,9.1,experimental,,,tertiary_amine,,2026-06-26T19:23:46.482487+00:00
FIXED_chembl26.sdf,5762,O=C(Nc1cccc(OCc2cc(F)cc(F)c2)c1)C1CCN(c2ccncc2)CC1,9.2,experimental,,,tertiary_amine,,2026-06-26T19:23:48.181382+00:00
FIXED_chembl26.sdf,5763,O=C(Nc1cccc(OCc2ccccc2F)c1)C1CCN(c2ccncc2)CC1,9.2,experimental,,,tertiary_amine,,2026-06-26T19:23:50.473006+00:00
FIXED_chembl26.sdf,5764,O=C(Nc1cccc(OCc2cccc(F)c2)c1)C1CCN(c2ccncc2)CC1,9.0,experimental,,,tertiary_amine,,2026-06-26T19:23:52.289671+00:00
FIXED_chembl26.sdf,5765,O=C(Nc1cccc(OCc2ccc(F)cc2)c1)C1CCN(c2ccncc2)CC1,8.9,experimental,,,tertiary_amine,,2026-06-26T19:23:54.352230+00:00
FIXED_chembl26.sdf,5767,O=C(Nc1cccc(OCc2ccc(F)cc2)c1)C1CCN(c2ccccn2)CC1,8.5,experimental,,,tertiary_amine,,2026-06-26T19:23:59.687670+00:00
FIXED_chembl26.sdf,5768,O=C(Nc1cccc(OCc2ccc(F)cc2)c1)C1CCN(c2ncccn2)CC1,6.0,experimental,,,tertiary_amine,,2026-06-26T19:24:01.126958+00:00
FIXED_chembl26.sdf,5772,CC(CN(C)C)CN1c2ccccc2Sc2ccccc21,9.11,experimental,,,tertiary_amine,,2026-06-26T19:24:28.769070+00:00
FIXED_chembl26.sdf,5773,CC(CN(C)C)CN1c2ccccc2Sc2ccccc21,9.36,experimental,,,tertiary_amine,,2026-06-26T19:24:30.664079+00:00
FIXED_chembl26.sdf,5775,COC(=O)[C@H]1[C@H]2C[C@@H]3c4[nH]c5cc(OC)ccc5c4CCN3C[C@H]2C[C@@H](OC(=O)c2cc(OC)c(OC)c(OC)c2)[C@@H]1OC,6.6,experimental,,,isoquinoline,,2026-06-26T19:24:37.935024+00:00
FIXED_chembl26.sdf,5777,N#Cc1ccc2c(c1)N(CCCN1CCC(O)CC1)c1ccccc1S2,8.76,experimental,,,tertiary_amine,,2026-06-26T19:25:10.556314+00:00
FIXED_chembl26.sdf,5778,N#Cc1ccc2c(c1)N(CCCN1CCC(O)CC1)c1ccccc1S2,8.5,experimental,,,tertiary_amine,,2026-06-26T19:25:15.957602+00:00
FIXED_chembl26.sdf,5780,COc1cc(N)c(Cl)cc1C(=O)NC1CCN(Cc2ccccc2)CC1,8.59,experimental,,,tertiary_amine,,2026-06-26T19:25:34.073047+00:00
FIXED_chembl26.sdf,5782,CCN(CC)CCNC(=O)c1cc(Br)c(N)cc1OC,9.35,experimental,,,tertiary_amine,,2026-06-26T19:25:53.198825+00:00
FIXED_chembl26.sdf,5784,c1ccc(CN(CC2=NCCN2)c2ccccc2)cc1,10.1,experimental,,,amidine,,2026-06-26T19:27:32.852439+00:00
FIXED_chembl26.sdf,5786,O=C1NCN(c2ccccc2)C12CCN(CCCC(c1ccc(F)cc1)c1ccc(F)cc1)CC2,8.66,experimental,,,tertiary_amine,,2026-06-26T19:27:40.594170+00:00
FIXED_chembl26.sdf,5791,CCCCNc1ccc(C(=O)OCCN(C)C)cc1,8.39,experimental,,,tertiary_amine,,2026-06-26T19:27:54.293847+00:00
FIXED_chembl26.sdf,5792,Cc1nc2sccn2c(=O)c1CCN1CCC(=C(c2ccc(F)cc2)c2ccc(F)cc2)CC1,8.2,experimental,,,tertiary_amine,,2026-06-26T19:27:57.059042+00:00
FIXED_chembl26.sdf,5804,CN1CCC(=C2c3ccccc3CC(=O)c3sccc32)CC1,8.24,experimental,,,tertiary_amine,,2026-06-26T19:28:35.192217+00:00
FIXED_chembl26.sdf,5806,Cc1ccc(/C(=C\CN2CCCC2)c2ccccn2)cc1,9.69,experimental,,,tertiary_amine,,2026-06-26T19:28:39.613395+00:00
FIXED_chembl26.sdf,5807,CN(C)CCCN1c2ccccc2Sc2ccc(C(F)(F)F)cc21,9.2,experimental,,,tertiary_amine,,2026-06-26T19:28:41.289358+00:00
FIXED_chembl26.sdf,5808,CN(C)CCCN1c2ccccc2Sc2ccc(C(F)(F)F)cc21,9.4,experimental,,,tertiary_amine,,2026-06-26T19:28:42.761316+00:00
FIXED_chembl26.sdf,5809,CN(C)CCCN1c2ccccc2Sc2ccc(C(F)(F)F)cc21,9.21,experimental,,,tertiary_amine,,2026-06-26T19:28:44.311412+00:00
FIXED_chembl26.sdf,5811,CN(C)CCCN1c2ccccc2Sc2ccc(C(F)(F)F)cc21,9.07,experimental,,,tertiary_amine,,2026-06-26T19:28:45.883231+00:00
FIXED_chembl26.sdf,5814,COc1ccc(CN(CCN(C)C)c2ccccn2)cc1,8.92,experimental,,,tertiary_amine,,2026-06-26T19:28:49.470045+00:00
FIXED_chembl26.sdf,5827,Cc1ccc(NC(=O)c2ccc(CN3CCN(C)CC3)cc2)cc1Nc1nccc(-c2cccnc2)n1,8.07,experimental,,,tertiary_amine,,2026-06-26T19:29:54.919171+00:00
FIXED_chembl26.sdf,5830,CNC(=N)NC(=N)Nc1ccc(Cl)cc1,10.6,experimental,,,guanidine,,2026-06-26T19:30:08.652598+00:00
FIXED_chembl26.sdf,5831,CCNC(=N)NC(=N)Nc1ccc(Cl)cc1,10.82,experimental,,,guanidine,,2026-06-26T19:30:10.838127+00:00
FIXED_chembl26.sdf,5832,CCCNC(=N)NC(=N)Nc1ccc(Cl)cc1,10.78,experimental,,,guanidine,,2026-06-26T19:30:12.455429+00:00
FIXED_chembl26.sdf,5833,CCCCNC(=N)NC(=N)Nc1ccc(Cl)cc1,10.78,experimental,,,guanidine,,2026-06-26T19:30:13.723813+00:00
FIXED_chembl26.sdf,5834,CCOC(=N)NC(=N)Nc1ccc(Cl)cc1,9.36,experimental,,,guanidine,,2026-06-26T19:30:17.355396+00:00
FIXED_chembl26.sdf,5835,CC(C)OC(=N)NC(=N)Nc1ccc(Cl)cc1,9.35,experimental,,,guanidine,,2026-06-26T19:30:19.467740+00:00
FIXED_chembl26.sdf,5836,N=C(NCCCCCCNC(=N)NC(=N)Nc1ccc(Cl)cc1)NC(=N)Nc1ccc(Cl)cc1,10.78,experimental,,,guanidine,,2026-06-26T19:30:22.183886+00:00
FIXED_chembl26.sdf,5865,CN1C(=O)C(c2ccccc2)(c2ccccc2)N=C1N,5.7,experimental,,,guanidine,,2026-06-26T19:31:34.811389+00:00
FIXED_chembl26.sdf,5874,Fc1ccc2c(c1)N(CCCN1CCOCC1)c1cc(F)ccc1CC2,7.6,experimental,,,tertiary_amine,,2026-06-26T19:32:08.811375+00:00
FIXED_chembl26.sdf,5875,Fc1ccc2c(c1)N(CCCN1CCCCC1)c1cc(F)ccc1CC2,7.6,experimental,,,tertiary_amine,,2026-06-26T19:32:11.275426+00:00
FIXED_chembl26.sdf,5876,Fc1ccc2c(c1)N(CCCN1CCCC1)c1cc(F)ccc1CC2,7.9,experimental,,,tertiary_amine,,2026-06-26T19:32:24.153951+00:00
FIXED_chembl26.sdf,5877,CCN(CC)CCCN1c2cc(F)ccc2CCc2ccc(F)cc21,7.7,experimental,,,tertiary_amine,,2026-06-26T19:32:26.543364+00:00
FIXED_chembl26.sdf,5878,CN(C)CCCN1c2cc(F)ccc2CCc2ccc(F)cc21.Cl,7.6,experimental,,,tertiary_amine,,2026-06-26T19:32:53.959435+00:00
FIXED_chembl26.sdf,5879,Cl.Fc1ccc2c(c1)N(CCCN1CCOCC1)c1cc(F)ccc1CC2,7.6,experimental,,,tertiary_amine,,2026-06-26T19:32:56.155459+00:00
FIXED_chembl26.sdf,5880,Cl.Fc1ccc2c(c1)N(CCCN1CCCCC1)c1cc(F)ccc1CC2,7.6,experimental,,,tertiary_amine,,2026-06-26T19:32:58.278452+00:00
FIXED_chembl26.sdf,5881,Cl.Fc1ccc2c(c1)N(CCCN1CCCC1)c1cc(F)ccc1CC2,7.6,experimental,,,tertiary_amine,,2026-06-26T19:33:00.582935+00:00
FIXED_chembl26.sdf,5882,CCN(CC)CCCN1c2cc(F)ccc2CCc2ccc(F)cc21.Cl,7.6,experimental,,,tertiary_amine,,2026-06-26T19:33:02.324437+00:00
FIXED_chembl26.sdf,5885,CC(C)CC(CN)c1nnn[nH]1,3.74,experimental,,,tetrazole,,2026-06-26T19:33:22.491955+00:00
FIXED_chembl26.sdf,5887,NCC1(Cc2noc(=O)[nH]2)CCCCC1,5.24,experimental,,,hydroxy-1234riazine,,2026-06-26T19:33:30.170822+00:00
FIXED_chembl26.sdf,5888,C[C@@H]1CN(Cc2ccccn2)C[C@@]1(F)c1nc2c(cnn2C2CCOCC2)c(=O)[nH]1,8.4,experimental,,,tertiary_amine,,2026-06-26T19:33:34.852854+00:00
FIXED_chembl26.sdf,5890,C[C@@H]1CN(Cc2ccccn2)C[C@H]1c1nc2c(cnn2C2CCOCC2)c(=O)[nH]1,9.6,experimental,,,tertiary_amine,,2026-06-26T19:33:42.799310+00:00
FIXED_chembl26.sdf,5892,C[C@@H]1CN(Cc2ncccn2)C[C@@]1(F)c1nc2c(cnn2C2CCOCC2)c(=O)[nH]1,8.4,experimental,,,tertiary_amine,,2026-06-26T19:33:48.227707+00:00
FIXED_chembl26.sdf,5894,C[C@@H]1CN(Cc2ncccn2)C[C@H]1c1nc2c(cnn2C2CCOCC2)c(=O)[nH]1,9.6,experimental,,,tertiary_amine,,2026-06-26T19:33:52.863125+00:00
FIXED_chembl26.sdf,5896,CC(C)CN1C[C@@H](C)[C@H](c2nc3c(cnn3C3CCOCC3)c(=O)[nH]2)C1,10.1,experimental,,,tertiary_amine,,2026-06-26T19:34:17.333954+00:00
FIXED_chembl26.sdf,5897,CC(C)CN1C[C@@H](C)[C@H](c2nc3c(cnn3C3CCOCC3)c(=O)[nH]2)C1,8.4,experimental,,,tertiary_amine,,2026-06-26T19:34:19.148783+00:00
FIXED_chembl26.sdf,5898,CC(C)CN1C[C@@H](C)[C@](F)(c2nc3c(cnn3C3CCOCC3)c(=O)[nH]2)C1,8.4,experimental,,,tertiary_amine,,2026-06-26T19:34:20.610983+00:00
FIXED_chembl26.sdf,5900,C[C@@H]1CN(Cc2ccc(F)cc2)C[C@H]1c1nc2c(cnn2C2CCOCC2)c(=O)[nH]1,9.7,experimental,,,tertiary_amine,,2026-06-26T19:34:26.443697+00:00
FIXED_chembl26.sdf,5902,C[C@@H]1CN(Cc2ccc(F)cc2)C[C@@]1(F)c1nc2c(cnn2C2CCOCC2)c(=O)[nH]1,8.5,experimental,,,tertiary_amine,,2026-06-26T19:34:32.547065+00:00
FIXED_chembl26.sdf,5904,Cc1cnc(CN2C[C@@H](C)[C@H](c3nc4c(cnn4C4CCOCC4)c(=O)[nH]3)C2)cn1,9.7,experimental,,,tertiary_amine,,2026-06-26T19:34:38.009402+00:00
FIXED_chembl26.sdf,5905,Cc1cnc(CN2C[C@@H](C)[C@H](c3nc4c(cnn4C4CCOCC4)c(=O)[nH]3)C2)cn1,8.8,experimental,,,tertiary_amine,,2026-06-26T19:34:40.106779+00:00
FIXED_chembl26.sdf,5906,Cc1cnc(CN2C[C@@H](C)[C@](F)(c3nc4c(cnn4C4CCOCC4)c(=O)[nH]3)C2)cn1,8.4,experimental,,,tertiary_amine,,2026-06-26T19:34:42.675148+00:00
FIXED_chembl26.sdf,5908,Cc1ncc(CN2C[C@@H](C)[C@H](c3nc4c(cnn4C4CCOCC4)c(=O)[nH]3)C2)cn1,9.5,experimental,,,tertiary_amine,,2026-06-26T19:35:06.083249+00:00
FIXED_chembl26.sdf,5910,Cc1ncc(CN2C[C@@H](C)[C@](F)(c3nc4c(cnn4C4CCOCC4)c(=O)[nH]3)C2)cn1,8.4,experimental,,,tertiary_amine,,2026-06-26T19:35:12.570182+00:00
FIXED_chembl26.sdf,5923,Cl.O=C(O)[C@@H]1C[C@H](Cc2cccc(F)c2)CN1,10.1,experimental,,,secondary_amine,,2026-06-26T19:36:02.972637+00:00
FIXED_chembl26.sdf,5924,O=C(O)[C@@H]1C[C@H](Oc2cccc(Cl)c2)CN1,8.9,experimental,,,secondary_amine,,2026-06-26T19:36:07.995510+00:00
FIXED_chembl26.sdf,5925,Cc1ccccc1-c1nc2cn(-c3ccc(Cl)cc3)nc2c(=O)n1CC1CCCN(C(C)C)C1,10.0,experimental,,,tertiary_amine,,2026-06-26T19:36:12.654872+00:00
FIXED_chembl26.sdf,5926,COCCN1CCC[C@@H](Cn2c(-c3ccccc3C)nc3cc(-c4ccc(Cl)cc4)sc3c2=O)C1,8.5,experimental,,,tertiary_amine,,2026-06-26T19:36:14.422542+00:00
FIXED_chembl26.sdf,5927,COCCN1CCC[C@@H](Cn2c(-c3ccccc3C)nc3nc(-c4ccc(Cl)cc4)sc3c2=O)C1,9.2,experimental,,,tertiary_amine,,2026-06-26T19:36:16.254618+00:00
FIXED_chembl26.sdf,5928,COCCN1CCC[C@@H](Cn2c(-c3ccccc3C)nc3cn(-c4ccc(Cl)cc4)nc3c2=O)C1,8.5,experimental,,,tertiary_amine,,2026-06-26T19:36:18.256768+00:00
FIXED_chembl26.sdf,5929,Cc1ccccc1-c1nc2cn(-c3ccc(F)cc3)nc2c(=O)n1CC1CCCN(C(C)C)C1,10.0,experimental,,,tertiary_amine,,2026-06-26T19:36:20.080975+00:00
FIXED_chembl26.sdf,5930,Cc1ccccc1-c1nc2cn(-c3ccc(C#N)cc3)nc2c(=O)n1CC1CCCN(C(C)C)C1,10.0,experimental,,,tertiary_amine,,2026-06-26T19:36:21.926085+00:00
FIXED_chembl26.sdf,5931,COc1ccc(-n2cc3nc(-c4ccccc4C)n(CC4CCCN(C(C)C)C4)c(=O)c3n2)cc1,10.0,experimental,,,tertiary_amine,,2026-06-26T19:36:24.287027+00:00
FIXED_chembl26.sdf,5932,Cc1ccccc1-c1nc2cn(-c3cccc(Cl)c3)nc2c(=O)n1CC1CCCN(C(C)C)C1,9.8,experimental,,,tertiary_amine,,2026-06-26T19:36:26.417862+00:00
FIXED_chembl26.sdf,5933,COc1cccc(-n2cc3nc(-c4ccccc4C)n(CC4CCCN(C(C)C)C4)c(=O)c3n2)c1,10.0,experimental,,,tertiary_amine,,2026-06-26T19:36:33.097275+00:00
FIXED_chembl26.sdf,5934,Cc1ccccc1-c1nc2cn(-c3cccc(C#N)c3)nc2c(=O)n1CC1CCCN(C(C)C)C1,9.9,experimental,,,tertiary_amine,,2026-06-26T19:36:35.346166+00:00
FIXED_chembl26.sdf,5935,COCCN1CCCC(Cn2c(-c3cccnc3C)nc3cn(-c4ccc(C#N)cc4)nc3c2=O)C1,8.5,experimental,,,tertiary_amine,,2026-06-26T19:36:39.410133+00:00
FIXED_chembl26.sdf,5937,COc1cccc(-n2cc3nc(-c4cccnc4C)n(C[C@H]4CCCN(C(C)C)C4)c(=O)c3n2)c1,9.7,experimental,,,tertiary_amine,,2026-06-26T19:36:51.290159+00:00
FIXED_chembl26.sdf,5938,COCCN1CCC[C@H](Cn2c(-c3cccnc3C)nc3cn(-c4cccc(OC)c4)nc3c2=O)C1,8.4,experimental,,,tertiary_amine,,2026-06-26T19:36:52.884396+00:00
FIXED_chembl26.sdf,5939,C[C@H]1C[C@H]2CSC(N)=N[C@@]2(c2ccc(F)cc2F)CO1,8.1,experimental,,,amidine,,2026-06-26T19:36:55.625805+00:00
FIXED_chembl26.sdf,5940,C[C@H]1C[C@H]2CSC(N)=N[C@@]2(c2ccccc2C(F)(F)F)CO1,8.8,experimental,,,amidine,,2026-06-26T19:36:57.041105+00:00
FIXED_chembl26.sdf,5941,C[C@H]1C[C@H]2CSC(N)=N[C@@]2(c2ccccc2)CO1,8.8,experimental,,,amidine,,2026-06-26T19:36:58.317357+00:00
FIXED_chembl26.sdf,5942,COc1ccccc1[C@]12CO[C@@H](C)C[C@H]1CSC(N)=N2,9.1,experimental,,,amidine,,2026-06-26T19:37:00.158472+00:00
FIXED_chembl26.sdf,5943,C[C@H]1C[C@H]2CSC(N)=N[C@@]2(c2ncccc2F)CO1,8.6,experimental,,,amidine,,2026-06-26T19:37:01.566319+00:00
FIXED_chembl26.sdf,5944,C[C@H]1C[C@H]2CSC(N)=N[C@@]2(c2ccsc2)CO1,8.4,experimental,,,amidine,,2026-06-26T19:37:02.975282+00:00
FIXED_chembl26.sdf,5945,C[C@H]1C[C@H]2CSC(N)=N[C@@]2(c2cccs2)CO1,7.9,experimental,,,amidine,,2026-06-26T19:37:04.429098+00:00
FIXED_chembl26.sdf,5946,C[C@H]1C[C@H]2CSC(N)=N[C@@]2(c2nccs2)CO1,7.0,experimental,,,amidine,,2026-06-26T19:37:08.076601+00:00
FIXED_chembl26.sdf,5947,COc1ccc(C(=O)Nc2csc([C@]34CO[C@@H](C)C[C@H]3CSC(N)=N4)n2)cc1,6.9,experimental,,,amidine,,2026-06-26T19:37:11.533399+00:00
FIXED_chembl26.sdf,5959,CC(=O)N1CCN(c2ccc(OCC3COC(Cn4ccnc4)(c4ccc(Cl)cc4Cl)O3)cc2)CC1,5.41,experimental,,,aniline,,2026-06-26T19:38:21.659667+00:00
FIXED_chembl26.sdf,5960,N[C@@H](Cc1cc(I)c(Oc2ccc(O)cc2)c(I)c1)C(=O)O,9.99,experimental,,,primary_amine,,2026-06-26T19:38:28.732294+00:00
FIXED_chembl26.sdf,5961,NC(Cc1cc(I)c(Oc2ccc(O)c([N+](=O)[O-])c2)c(I)c1)C(=O)O,7.23,experimental,,,primary_amine,,2026-06-26T19:38:32.986638+00:00
FIXED_chembl26.sdf,5962,NC(Cc1cc(I)c(Oc2ccc(O)c(CO)c2)c(I)c1)C(=O)O,9.92,experimental,,,primary_amine,,2026-06-26T19:38:34.560581+00:00
FIXED_chembl26.sdf,5963,CC(C)c1cc(Oc2c(I)cc(CC(N)C(=O)O)cc2I)ccc1O,10.47,experimental,,,primary_amine,,2026-06-26T19:38:37.294670+00:00
FIXED_chembl26.sdf,5964,NC(Cc1cc(I)c(Oc2ccc(O)c(-c3ccccc3)c2)c(I)c1)C(=O)O,10.01,experimental,,,primary_amine,,2026-06-26T19:38:39.174630+00:00
FIXED_chembl26.sdf,5965,NC(Cc1cc(I)c(Oc2ccc(O)c(F)c2)c(I)c1)C(=O)O,8.73,experimental,,,primary_amine,,2026-06-26T19:38:40.710865+00:00
FIXED_chembl26.sdf,5966,N[C@@H](Cc1cc(I)c(Oc2ccc(O)c(I)c2)c(I)c1)C(=O)O,8.51,experimental,,,primary_amine,,2026-06-26T19:38:42.303983+00:00
FIXED_chembl26.sdf,5967,NC(Cc1cc(I)c(Oc2ccc(O)c(O)c2)c(I)c1)C(=O)O,9.34,experimental,,,primary_amine,,2026-06-26T19:38:44.094144+00:00
FIXED_chembl26.sdf,5968,NC(Cc1cc(I)c(Oc2ccc(O)c(C=O)c2)c(I)c1)C(=O)O,8.37,experimental,,,primary_amine,,2026-06-26T19:38:46.182085+00:00
FIXED_chembl26.sdf,5969,Cc1cc(Oc2c(I)cc(CC(N)C(=O)O)cc2I)ccc1O,10.29,experimental,,,primary_amine,,2026-06-26T19:38:47.877837+00:00
FIXED_chembl26.sdf,5970,CC(=O)c1cc(Oc2c(I)cc(CC(N)C(=O)O)cc2I)ccc1O,10.06,experimental,,,primary_amine,,2026-06-26T19:38:49.744765+00:00
FIXED_chembl26.sdf,5971,CC(C)(C)c1cc(Oc2c(I)cc(CC(N)C(=O)O)cc2I)ccc1O,10.62,experimental,,,primary_amine,,2026-06-26T19:38:51.375007+00:00
FIXED_chembl26.sdf,5972,NC(Cc1cc(I)c(Oc2ccc(O)c(Br)c2)c(I)c1)C(=O)O,8.45,experimental,,,primary_amine,,2026-06-26T19:38:52.874129+00:00
FIXED_chembl26.sdf,5973,NC(Cc1cc(I)c(Oc2ccc(O)c(Cc3ccccc3)c2)c(I)c1)C(=O)O,10.12,experimental,,,primary_amine,,2026-06-26T19:38:54.498906+00:00
FIXED_chembl26.sdf,5974,NC(Cc1cc(I)c(Oc2ccc(O)c(Cl)c2)c(I)c1)C(=O)O,8.56,experimental,,,primary_amine,,2026-06-26T19:38:56.073057+00:00
FIXED_chembl26.sdf,5975,COCc1cc(Oc2c(I)cc(CC(N)C(=O)O)cc2I)ccc1O,9.85,experimental,,,primary_amine,,2026-06-26T19:38:57.905846+00:00
FIXED_chembl26.sdf,5976,C=CCc1cc(Oc2c(I)cc(CC(N)C(=O)O)cc2I)ccc1O,10.28,experimental,,,primary_amine,,2026-06-26T19:39:00.347805+00:00
FIXED_chembl26.sdf,5977,O=C(O)c1cccc(O)c1,4.06,experimental,,,carboxylic_acid,,2026-06-26T19:39:03.562134+00:00
FIXED_chembl26.sdf,5978,O=C(O)c1cccc(O)c1,4.08,experimental,,,carboxylic_acid,,2026-06-26T19:39:04.895025+00:00
FIXED_chembl26.sdf,6035,CN(C)/C(=N\O)c1ccc(Sc2cc(F)cc(C3CCOCC3)c2)cc1,14.1,experimental,,,n-hydroxyamidine,,2026-06-26T19:40:17.347260+00:00
FIXED_chembl26.sdf,6036,O/N=C/c1ccc(Sc2cc(F)cc(C3CCOCC3)c2)cc1,10.7,experimental,,,thiophenol,,2026-06-26T19:40:23.738216+00:00
FIXED_chembl26.sdf,6037,NC/C(=N\O)c1ccc(Sc2cc(F)cc(C3CCOCC3)c2)cc1,11.5,experimental,,,primary_amine,,2026-06-26T19:40:29.325958+00:00
FIXED_chembl26.sdf,6039,O=C(Nc1cccc(C(F)(F)F)c1)Nc1cc(Cl)ccc1O,9.3,experimental,,,phenol,,2026-06-26T19:41:13.094136+00:00
FIXED_chembl26.sdf,6044,O=C(Nc1cc(Cl)ccc1O)Nc1cc(Cl)ccc1O,8.9,experimental,,,phenol,,2026-06-26T19:41:53.317943+00:00
FIXED_chembl26.sdf,6047,O=C(Nc1cc(Cl)cc(Cl)c1O)Nc1cc(Cl)cc(Cl)c1O,7.4,experimental,,,phenol,,2026-06-26T19:42:06.538370+00:00
FIXED_chembl26.sdf,6076,COc1cc2nc(N3CCCN(C)CC3)nc(NC3CCN(Cc4ccccc4)CC3)c2cc1OC,8.13,experimental,,,tertiary_amine,,2026-06-26T19:44:16.935100+00:00
FIXED_chembl26.sdf,6078,COc1cc2nc(N3CCCCC3)nc(NC3CCN(Cc4ccccc4)CC3)c2cc1OC,7.47,experimental,,,tertiary_amine,,2026-06-26T19:44:25.443233+00:00
FIXED_chembl26.sdf,6079,COc1cc2nc(N3CCN(c4ccccn4)CC3)nc(NC3CCN(Cc4ccccc4)CC3)c2cc1OC,8.1,experimental,,,tertiary_amine,,2026-06-26T19:44:29.722972+00:00
FIXED_chembl26.sdf,6082,c1ccc(CN2CCC(Nc3nc(N4CCCCC4)nc4ccoc34)CC2)cc1,5.31,experimental,,,tertiary_amine,,2026-06-26T19:44:45.505716+00:00
FIXED_chembl26.sdf,6096,c1ccc(CN2CCC(Nc3nc(N4CCN(c5ccccn5)CC4)nc4cc5c(cc34)OCO5)CC2)cc1,8.08,experimental,,,tertiary_amine,,2026-06-26T19:45:41.286852+00:00
FIXED_chembl26.sdf,6097,CN1CCCN(c2nc(NC3CCN(Cc4ccccc4)CC3)c3ccccc3n2)CC1,8.06,experimental,,,tertiary_amine,,2026-06-26T19:45:53.961302+00:00
FIXED_chembl26.sdf,6099,c1ccc(CN2CCC(Nc3nc(N4CCCCC4)nc4ccccc34)CC2)cc1,7.4,experimental,,,tertiary_amine,,2026-06-26T19:46:00.136972+00:00
FIXED_chembl26.sdf,6100,c1ccc(CN2CCC(Nc3nc(N4CCN(c5ccccn5)CC4)nc4ccccc34)CC2)cc1,8.03,experimental,,,tertiary_amine,,2026-06-26T19:46:01.936698+00:00
FIXED_chembl26.sdf,6101,COc1cc2nc(N3CCCN(C)CC3)cc(NC3CCN(Cc4ccccc4)CC3)c2cc1OC,10.57,experimental,,,tertiary_amine,,2026-06-26T19:46:05.867763+00:00
FIXED_chembl26.sdf,6102,COc1cc2nc(N3CCN(C)CC3)cc(NC3CCN(Cc4ccccc4)CC3)c2cc1OC,9.84,experimental,,,tertiary_amine,,2026-06-26T19:46:07.525040+00:00
FIXED_chembl26.sdf,6103,CC1(C)O[C@@H]2[C@@H](CO[C@@]3(CNS(N)(=O)=O)OC(C)(C)O[C@@H]23)O1,10.7,experimental,,,9,manual,2026-06-26T19:47:02.005383+00:00
FIXED_chembl26.sdf,6104,CC1(C)O[C@@H]2[C@@H](CO[C@@]3(COS(N)(=O)=O)OC(C)(C)O[C@@H]23)O1,8.7,experimental,,,11,manual,2026-06-26T19:47:20.790976+00:00
FIXED_chembl26.sdf,6105,O=c1ccc(-c2ccc(OCCCN3CCOCC3)cc2)n[nH]1,7.1,experimental,,,tertiary_amine,,2026-06-26T19:47:35.921575+00:00
FIXED_chembl26.sdf,6106,C[C@@H]1CCCN1CCCOc1ccc(-c2ccc(=O)[nH]n2)cc1,10.2,experimental,,,tertiary_amine,,2026-06-26T19:47:46.294580+00:00
FIXED_chembl26.sdf,6107,O=C(CCS(=O)(=O)c1ccc2cc(Cl)ccc2c1)N1CCC(c2cnc3ccccn23)CC1,5.9,experimental,,,amide_tertiary,,2026-06-26T19:47:47.936018+00:00
FIXED_chembl26.sdf,6117,COc1ccc(-c2ccc(CCCNc3ccc(CN4CCCCC4)cc3)nn2)cc1,9.0,experimental,,,tertiary_amine,,2026-06-26T19:50:02.585864+00:00
FIXED_chembl26.sdf,6118,COc1ccc(-c2ccc(CCCNc3ccc(CN4CCOCC4)cc3)nn2)cc1,7.6,experimental,,,tertiary_amine,,2026-06-26T19:50:04.984386+00:00
FIXED_chembl26.sdf,6119,COc1ccc(-c2ccc(CCCNc3ccc(CN4CCCC(O)C4)cc3)nn2)cc1,8.7,experimental,,,tertiary_amine,,2026-06-26T19:50:06.395267+00:00
FIXED_chembl26.sdf,6120,COc1ccc(-c2ccc(CCCNc3ccc(CN4CCC(O)CC4)cc3)nn2)cc1,8.6,experimental,,,tertiary_amine,,2026-06-26T19:50:08.035894+00:00
FIXED_chembl26.sdf,6121,COc1ccc(-c2ccc(CCCNc3ccc(CN4CCC(NC(C)=O)CC4)cc3)nn2)cc1,8.8,experimental,,,tertiary_amine,,2026-06-26T19:50:09.489190+00:00
FIXED_chembl26.sdf,6122,OC1CCN(Cc2ccc(NCCCc3ccc(Oc4ccccc4)nn3)cc2)CC1,9.1,experimental,,,tertiary_amine,,2026-06-26T19:50:10.860804+00:00
FIXED_chembl26.sdf,6123,CC(=O)NC1CCN(Cc2ccc(NCCCc3ccc(Oc4ccccc4)nn3)cc2)CC1,8.6,experimental,,,tertiary_amine,,2026-06-26T19:50:12.308851+00:00
FIXED_chembl26.sdf,6144,Cl.O=[N+]([O-])c1ncn(CCCN(Cc2ccc(C(F)(F)F)cc2)Cc2ccc(C(F)(F)F)cc2)n1,8.79,experimental,,,tertiary_amine,,2026-06-26T19:51:52.150058+00:00
FIXED_chembl26.sdf,6145,Cl.Cl.O=[N+]([O-])c1ncn(CCCN2CCN(Cc3ccc(C(F)(F)F)cc3)CC2)n1,8.33,experimental,,,tertiary_amine,,2026-06-26T19:51:54.212395+00:00
FIXED_chembl26.sdf,6146,Cl.Cl.O=[N+]([O-])c1ncn(CCCCN2CCN(Cc3ccc(C(F)(F)F)cc3)CC2)n1,8.52,experimental,,,tertiary_amine,,2026-06-26T19:51:56.108982+00:00
FIXED_chembl26.sdf,6147,Cl.Cl.O=[N+]([O-])c1ncn(CCCN2CCN(c3ccc(C(F)(F)F)cc3)CC2)n1,7.85,experimental,,,tertiary_amine,,2026-06-26T19:52:00.707173+00:00
FIXED_chembl26.sdf,6148,Cc1cc2cc(n1)OCCCCOc1cccc(c1)C[C@@H]([C@H](O)CNC(C)c1cccc(C(C)C)c1)NC2=O,8.5,experimental,,,secondary_amine,,2026-06-26T19:52:02.954340+00:00
FIXED_chembl26.sdf,6149,COCc1cc2cc(c1)C(=O)N[C@H]([C@H](O)CNC(CF)c1cccc(C(C)(C)C)c1)Cc1cccc(c1)OCCCCN2,7.2,experimental,,,secondary_amine,,2026-06-26T19:52:05.185283+00:00
FIXED_chembl26.sdf,6150,COCc1cc2cc(c1)C(=O)N[C@H]([C@H](O)CNC1(c3cccc(C(C)C)c3)CC1)Cc1cccc(c1)OCCCCN2,7.3,experimental,,,secondary_amine,,2026-06-26T19:52:06.939118+00:00
FIXED_chembl26.sdf,6151,COCc1cc2cc(c1)C(=O)N[C@H]([C@H](O)CNC(c1cccc(C(C)(C)C)c1)C(F)(F)F)Cc1cccc(c1)OCCCCN2,3.8,experimental,,,aniline,,2026-06-26T19:52:12.240359+00:00
FIXED_chembl26.sdf,6166,COc1ccc(-c2nnc(C(=O)N3CCC(Oc4ccc(CN5CCCC5)cn4)CC3)o2)cc1,9.2,experimental,,,tertiary_amine,,2026-06-26T19:53:00.895978+00:00
FIXED_chembl26.sdf,6167,COc1ccc(-c2nnc(C(=O)N3CC(Oc4ccc(CN(C)C)cn4)C3)o2)cc1,8.5,experimental,,,tertiary_amine,,2026-06-26T19:53:02.165579+00:00
FIXED_chembl26.sdf,6168,COc1ccc(-c2nnc(C(=O)N3CC(Oc4ccc(CN(C)C)cc4)C3)o2)cc1,8.9,experimental,,,tertiary_amine,,2026-06-26T19:53:04.091966+00:00
FIXED_chembl26.sdf,6169,COc1ccc(-c2nnc(C(=O)N3CC(Oc4ccc(CN5CCCC5)cc4)C3)o2)cc1,9.9,experimental,,,tertiary_amine,,2026-06-26T19:53:05.584902+00:00
FIXED_chembl26.sdf,6170,COc1ccc(-c2nnc(C(=O)N3CCC(Oc4ccc(CN5CCCC5)nc4)CC3)o2)cc1,9.1,experimental,,,tertiary_amine,,2026-06-26T19:53:07.594706+00:00
FIXED_chembl26.sdf,6171,COc1ccc(-c2nnc(C(=O)N3CC(Oc4ccc(CN(C)CC5(C)COC5)cc4)C3)o2)cc1,8.0,experimental,,,tertiary_amine,,2026-06-26T19:53:12.583757+00:00
FIXED_chembl26.sdf,6172,CN(Cc1ccc(OC2CN(C(=O)c3nnc(-c4ccccc4)o3)C2)cc1)CC1(C)COC1,8.5,experimental,,,tertiary_amine,,2026-06-26T19:53:13.980157+00:00
FIXED_chembl26.sdf,6173,COc1ccc(-c2nnc(C(=O)N3CC(Oc4ccc(CN5CCCOCC5)cc4)C3)o2)cc1,8.1,experimental,,,tertiary_amine,,2026-06-26T19:53:15.333958+00:00
FIXED_chembl26.sdf,6174,COc1ccc(-c2nnc(C(=O)N3CC(Oc4ccc(CN5CCCC56COC6)cc4)C3)o2)cc1,6.0,experimental,,,tertiary_amine,,2026-06-26T19:53:18.127733+00:00
FIXED_chembl26.sdf,6175,COc1ccc(-c2nnc(C(=O)N3CC(Oc4ccc(CN5CC6(CCOC6)C5)cc4)C3)o2)cc1,8.6,experimental,,,tertiary_amine,,2026-06-26T19:53:19.439527+00:00
FIXED_chembl26.sdf,6176,O=C(c1nnc(-c2ccccc2)o1)N1CC(Oc2ccc(CN3CC4(CCOC4)C3)cc2)C1,8.6,experimental,,,tertiary_amine,,2026-06-26T19:53:21.376821+00:00
FIXED_chembl26.sdf,6177,COc1ccc(-c2nnc(C(=O)N3CC(Oc4ccc(CN5CC6(CCCO6)C5)cc4)C3)o2)cc1,8.4,experimental,,,tertiary_amine,,2026-06-26T19:53:24.721579+00:00
FIXED_chembl26.sdf,6178,O=C(c1nnc(-c2ccccc2)o1)N1CC(Oc2ccc(CN3CC4(CCCO4)C3)cc2)C1,8.4,experimental,,,tertiary_amine,,2026-06-26T19:53:26.687639+00:00
FIXED_chembl26.sdf,6179,COc1ccc(-c2nnc(C(=O)N3CC(Oc4ccc(CN5CC6(COC6)C5)cc4)C3)o2)cc1,8.2,experimental,,,tertiary_amine,,2026-06-26T19:53:27.965895+00:00
FIXED_chembl26.sdf,6180,O=C(c1nnc(-c2ccccc2)o1)N1CC(Oc2ccc(CN3CC4(COC4)C3)cc2)C1,8.0,experimental,,,tertiary_amine,,2026-06-26T19:53:29.312547+00:00
FIXED_chembl26.sdf,6181,CC(C)NCC(O)COc1cccc2[nH]c3ccccc3c12,9.52,experimental,,,secondary_amine,,2026-06-26T19:53:32.721105+00:00
FIXED_chembl26.sdf,6182,CC(=O)Oc1c(C)cc(OCC(O)CNC(C)C)c(C)c1C,9.54,experimental,,,secondary_amine,,2026-06-26T19:53:35.222715+00:00
FIXED_chembl26.sdf,6183,CC(C)(C)NC[C@H](O)COc1ccccc1C1CCCC1,9.92,experimental,,,secondary_amine,,2026-06-26T19:53:38.246388+00:00
FIXED_chembl26.sdf,6184,Cc1cccc(C)c1NC(=O)C1CCCCN1C,7.6,experimental,,,tertiary_amine,,2026-06-26T19:53:39.921314+00:00
FIXED_chembl26.sdf,6185,CCCNC(C)C(=O)Nc1ccccc1C,7.8,experimental,,,secondary_amine,,2026-06-26T19:53:41.936861+00:00
FIXED_chembl26.sdf,6186,CCCNC(C)C(=O)Nc1ccccc1C,7.9,experimental,,,secondary_amine,,2026-06-26T19:53:44.732562+00:00
FIXED_chembl26.sdf,6187,CCN(CC)CCOC(=O)c1ccc(N)cc1,9.0,experimental,,,tertiary_amine,,2026-06-26T19:53:48.834770+00:00
FIXED_chembl26.sdf,6190,CN1[C@@H]2CC[C@H]1C[C@@H](OC(=O)C(O)c1ccccc1)C2,9.81,experimental,,,tertiary_amine,,2026-06-26T19:53:50.529703+00:00
FIXED_chembl26.sdf,6191,CC([C@H](O)c1ccccc1)N(C)C,9.0,experimental,,,tertiary_amine,,2026-06-26T19:53:51.699290+00:00
FIXED_chembl26.sdf,6192,CC(=O)Oc1cc(C(C)C)c(OCCN(C)C)cc1C,8.72,experimental,,,tertiary_amine,,2026-06-26T19:53:56.508825+00:00
FIXED_chembl26.sdf,6194,NCC(O)c1ccc(O)cc1,8.81,experimental,,,primary_amine,,2026-06-26T19:53:57.861738+00:00
FIXED_chembl26.sdf,6195,CN[C@@H](C)[C@@H](O)c1ccccc1,10.25,experimental,,,secondary_amine,,2026-06-26T19:53:59.245747+00:00
FIXED_chembl26.sdf,6196,CN[C@@H](C)[C@@H](O)c1ccccc1,9.86,experimental,,,secondary_amine,,2026-06-26T19:54:00.317993+00:00
FIXED_chembl26.sdf,6197,OCCN(CCO)CCO,7.76,experimental,,,tertiary_amine,,2026-06-26T19:54:02.992339+00:00
FIXED_chembl26.sdf,6198,N#Cc1ccc(C(=O)Nc2ccc(F)c([C@@]3(CF)N=C(N)OCC3(F)F)c2)nc1,5.1,experimental,,,amidine,,2026-06-26T19:54:06.973873+00:00
FIXED_chembl26.sdf,6199,C[C@]1(c2cc(NC(=O)c3ccc(C#N)cn3)ccc2F)N=C(N)O[C@@H](C(F)(F)F)[C@@H]1F,5.8,experimental,,,hydroxyamidine,,2026-06-26T19:54:12.200416+00:00
FIXED_chembl26.sdf,6200,C[C@]1(c2cc(NC(=O)c3ccc(C#N)cn3)ccc2F)N=C(N)O[C@H](C(F)(F)F)[C@@H]1F,5.9,experimental,,,hydroxyamidine,,2026-06-26T19:54:26.003999+00:00
FIXED_chembl26.sdf,6201,N#Cc1ccc(C(=O)Nc2ccc(F)c([C@]3(CF)C[C@@H](C(F)(F)F)OC(N)=N3)c2)nc1,6.3,experimental,,,hydroxyamidine,,2026-06-26T19:54:27.638877+00:00
FIXED_chembl26.sdf,6202,N#Cc1ccc(C(=O)Nc2ccc(F)c([C@@]3(CF)N=C(N)OC[C@@H]3F)c2)nc1,6.7,experimental,,,hydroxyamidine,,2026-06-26T19:54:28.680872+00:00
FIXED_chembl26.sdf,6203,C[C@@]1(c2cc(NC(=O)c3ccc(C#N)cn3)ccc2F)C[C@@H](C(F)(F)F)OC(N)=N1,7.0,experimental,,,hydroxyamidine,,2026-06-26T19:54:32.439487+00:00
FIXED_chembl26.sdf,6204,C[C@@]1(c2cc(NC(=O)c3ccc(C#N)cn3)ccc2F)C[C@H](C(F)(F)F)OC(N)=N1,7.3,experimental,,,hydroxyamidine,,2026-06-26T19:54:34.087703+00:00
FIXED_chembl26.sdf,6205,N#Cc1ccc(C(=O)Nc2ccc(F)c([C@]3(C(F)F)CCOC(N)=N3)c2)nc1,7.3,experimental,,,hydroxyamidine,,2026-06-26T19:54:35.267727+00:00
FIXED_chembl26.sdf,6206,C[C@]1(c2cc(NC(=O)c3ccc(C#N)cn3)ccc2F)N=C(N)OC[C@H]1F,7.4,experimental,,,hydroxyamidine,,2026-06-26T19:54:36.547312+00:00
FIXED_chembl26.sdf,6207,C[C@]1(c2cc(NC(=O)c3ccc(C#N)cn3)ccc2F)N=C(N)OC[C@H]1F,7.6,experimental,,,hydroxyamidine,,2026-06-26T19:54:38.462787+00:00
FIXED_chembl26.sdf,6208,C[C@]1(c2cc(NC(=O)c3ccc(C#N)cn3)ccc2F)N=C(N)OC[C@@H]1F,8.1,experimental,,,amidine,,2026-06-26T19:54:41.886222+00:00
FIXED_chembl26.sdf,6210,C[C@]1(c2cc(NC(=O)c3ccc(C#N)cn3)ccc2F)N=C(N)OCC1(F)F,5.8,experimental,,,hydroxyamidine,,2026-06-26T19:54:44.657294+00:00
FIXED_chembl26.sdf,6211,C[C@]1(c2cc(NC(=O)c3ccc(Cl)cn3)ccc2F)N=C(N)SCC1(F)F,6.1,experimental,,,amidine,,2026-06-26T19:54:50.833642+00:00
FIXED_chembl26.sdf,6212,C[C@@]1(c2cc(NC(=O)c3ccc(Cl)cn3)ccc2F)CCSC(N)=N1,9.0,experimental,,,amidine,,2026-06-26T19:54:54.827077+00:00
FIXED_chembl26.sdf,6213,C[C@]1(c2cc(NC(=O)c3ccc(Cl)cn3)ccc2F)N=C(N)OCC1(F)F,6.3,experimental,,,hydroxyamidine,,2026-06-26T19:55:16.951288+00:00
FIXED_chembl26.sdf,6214,C[C@@]1(c2cc(NC(=O)c3ccc(Cl)cn3)ccc2F)CCOC(N)=N1,9.8,experimental,,,amidine,,2026-06-26T19:55:20.604505+00:00
FIXED_chembl26.sdf,6223,Nc1ncnc2c1ncn2[C@@H]1O[C@H](COP(=O)(O)CC(=O)c2ccccc2O)[C@@H](O)[C@H]1O,2.0,experimental,,,17,manual,2026-06-26T19:55:53.203652+00:00
FIXED_chembl26.sdf,6253,CC[C@@H](C[C@H]1COC(N)=N1)c1ccccc1,8.98,experimental,,,amidine,,2026-06-26T19:56:29.511289+00:00
FIXED_chembl26.sdf,6254,Cc1c(F)cccc1[C@H]1COC(N)=N1,8.07,experimental,,,amidine,,2026-06-26T19:56:32.321922+00:00
FIXED_chembl26.sdf,6255,COc1ccc(Cn2cc(C(=O)NS(C)(=O)=O)c(=O)c3c(F)ccc(F)c32)cc1,4.5,experimental,,,sulfamide,,2026-06-26T19:56:37.105580+00:00
FIXED_chembl26.sdf,6284,CCOC(=O)[C@@H](N)CCC(=O)NCCSC(C)=O.Cl,8.94,experimental,,,6,manual,2026-06-26T19:59:07.317555+00:00
FIXED_chembl26.sdf,6285,CCCOC(=O)[C@@H](N)CCC(=O)NCCSC(C)=O.Cl,8.8,experimental,,,7,manual,2026-06-26T19:59:21.180662+00:00
FIXED_chembl26.sdf,6286,CCCCOC(=O)[C@@H](N)CCC(=O)NCCSC(C)=O.Cl,8.69,experimental,,,8,manual,2026-06-26T19:59:31.542594+00:00
FIXED_chembl26.sdf,6287,CCOC(=O)[C@@H](N)CCC(=O)NCCSC(=O)c1ccccc1.Cl,8.85,experimental,,,6,manual,2026-06-26T19:59:40.062700+00:00
FIXED_chembl26.sdf,6288,CCOC(=O)[C@@H](N)CCC(=O)NCCSC(=O)C(C)(C)C.Cl,8.9,experimental,,,6,manual,2026-06-26T19:59:47.346508+00:00
FIXED_chembl26.sdf,6291,O=C(Nc1nn[nH]n1)N1CCN(Cc2cccc(Oc3ccc(Cl)cc3)c2)CC1,4.9,experimental,,,tetrazole,,2026-06-26T20:00:24.199862+00:00
FIXED_chembl26.sdf,6300,O=[N+]([O-])c1ccccn1,2.2,experimental,,,nitro,,2026-06-26T20:00:45.956881+00:00
FIXED_chembl26.sdf,6301,Cc1ncc([N+](=O)[O-])n1CC(O)Cn1cc(C(=O)O)c(=O)c2cc(F)cc(F)c21,5.326,experimental,,,carboxylic_acid,,2026-06-26T20:00:49.518582+00:00
FIXED_chembl26.sdf,6302,Cc1ccc2c(c1)c(=O)c(C(=O)O)cn2CC(O)Cn1c([N+](=O)[O-])cnc1C,6.43,experimental,,,carboxylic_acid,,2026-06-26T20:00:50.937791+00:00
FIXED_chembl26.sdf,6303,Cc1ncc([N+](=O)[O-])n1CC(O)Cn1cc(C(=O)O)c(=O)c2cc(F)ccc21,5.179,experimental,,,carboxylic_acid,,2026-06-26T20:00:52.207592+00:00
FIXED_chembl26.sdf,6304,Cc1ncc([N+](=O)[O-])n1CC(O)Cn1cc(C(=O)O)c(=O)c2ccc(C(F)(F)F)cc21,5.599,experimental,,,carboxylic_acid,,2026-06-26T20:00:53.496134+00:00
FIXED_chembl26.sdf,6305,Cc1ncc([N+](=O)[O-])n1CC(O)Cn1cc(C(=O)O)c(=O)c2cc(F)c(Cl)cc21,5.145,experimental,,,carboxylic_acid,,2026-06-26T20:00:55.169425+00:00
FIXED_chembl26.sdf,6306,Cc1ncc([N+](=O)[O-])n1CC(O)Cn1cc(C(=O)O)c(=O)c2cc(Cl)cc(Cl)c21,5.257,experimental,,,carboxylic_acid,,2026-06-26T20:00:56.501753+00:00
FIXED_chembl26.sdf,6307,Cc1ncc([N+](=O)[O-])n1CC(O)Cn1cc(C(=O)O)c(=O)c2cccc(F)c21,5.121,experimental,,,carboxylic_acid,,2026-06-26T20:00:57.807390+00:00
FIXED_chembl26.sdf,6308,COc1ccc2c(c1)c(=O)c(C(=O)O)cn2CC(O)Cn1c([N+](=O)[O-])cnc1C,5.718,experimental,,,carboxylic_acid,,2026-06-26T20:00:59.539629+00:00
FIXED_chembl26.sdf,6317,O=C(CC1CCN(Cc2ccn(-c3ccc(C(F)(F)F)cn3)c2)CC1)NC(c1ccc(F)cc1)c1ccc(F)cc1,9.1,experimental,,,tertiary_amine,,2026-06-26T20:01:28.266917+00:00
FIXED_chembl26.sdf,6319,O=C(NCc1ccc(Cl)cc1Cl)C1CCN(Cc2ccn(-c3ccc(C(F)(F)F)cn3)c2)CC1,8.3,experimental,,,tertiary_amine,,2026-06-26T20:01:35.140392+00:00
FIXED_chembl26.sdf,6321,O=C(NC1CCN(Cc2ccn(-c3ccc(C(F)(F)F)cc3)c2)CC1)NC(c1ccccc1)c1ccccc1,9.2,experimental,,,tertiary_amine,,2026-06-26T20:01:40.516483+00:00
FIXED_chembl26.sdf,6322,Cc1cccc(Cl)c1Nc1ccccc1CC(=O)O,4.2,experimental,,,carboxylic_acid,,2026-06-26T20:01:43.688405+00:00
FIXED_chembl26.sdf,6323,O=C([O-])Cc1cc(F)ccc1Nc1c(Cl)cccc1Cl.[Na+],4.02,experimental,,,carboxylate,,2026-06-26T20:01:44.814642+00:00
FIXED_chembl26.sdf,6324,O=C(O)Cc1ccccc1Nc1ccc(Cl)c(Cl)c1,4.3,experimental,,,carboxylic_acid,,2026-06-26T20:01:45.869374+00:00
FIXED_chembl26.sdf,6325,O=C(O)Cc1ccccc1Nc1ccccc1,4.1,experimental,,,carboxylic_acid,,2026-06-26T20:01:46.798356+00:00
FIXED_chembl26.sdf,6326,Cc1cc(C)c(C)c(Nc2ccccc2CC(=O)O)c1C,4.2,experimental,,,carboxylic_acid,,2026-06-26T20:01:47.775617+00:00
FIXED_chembl26.sdf,6327,O=C([O-])Cc1ccccc1Nc1c(Cl)cccc1Br.[Na+],4.2,experimental,,,carboxylate,,2026-06-26T20:01:48.683176+00:00
FIXED_chembl26.sdf,6328,Cc1c(Cl)cccc1Nc1ccccc1CC(=O)O,4.3,experimental,,,carboxylic_acid,,2026-06-26T20:01:49.600566+00:00
FIXED_chembl26.sdf,6329,COc1cc(Cl)c(Nc2ccccc2CC(=O)O)c(Cl)c1O,4.13,experimental,,,carboxylic_acid,,2026-06-26T20:01:50.779657+00:00
FIXED_chembl26.sdf,6330,O=C([O-])Cc1ccccc1Nc1c(Cl)cccc1Cl.[Na+],4.14,experimental,,,carboxylate,,2026-06-26T20:01:51.887077+00:00
FIXED_chembl26.sdf,6331,Cc1cccc(C)c1Nc1ccccc1CC(=O)O,4.07,experimental,,,carboxylic_acid,,2026-06-26T20:01:52.609180+00:00
FIXED_chembl26.sdf,6332,O=C(O)Cc1ccccc1Nc1cc(Cl)cc(Cl)c1,4.31,experimental,,,carboxylic_acid,,2026-06-26T20:01:53.585407+00:00
FIXED_chembl26.sdf,6333,O=C(O)Cc1cc(O)ccc1Nc1c(Cl)cccc1Cl,4.22,experimental,,,carboxylic_acid,,2026-06-26T20:01:55.581803+00:00
FIXED_chembl26.sdf,6334,O=C(O)Cc1ccccc1Nc1c(Cl)cc(O)cc1Cl,4.4,experimental,,,carboxylic_acid,,2026-06-26T20:01:56.518343+00:00
FIXED_chembl26.sdf,6335,O=C([O-])Cc1ccccc1Nc1c(F)cccc1F.[Na+],4.09,experimental,,,carboxylate,,2026-06-26T20:01:57.467710+00:00
FIXED_chembl26.sdf,6336,O=C([O-])Cc1c(O)cccc1Nc1c(Cl)cccc1Cl.[Na+],4.48,experimental,,,carboxylate,,2026-06-26T20:01:58.323996+00:00
FIXED_chembl26.sdf,6337,COc1cc(Cl)c(Nc2ccccc2CC(=O)O)c(Cl)c1,4.2,experimental,,,carboxylic_acid,,2026-06-26T20:01:59.088833+00:00
FIXED_chembl26.sdf,6338,O=C(O)Cc1ccccc1Nc1c(Cl)cccc1I,4.24,experimental,,,carboxylic_acid,,2026-06-26T20:01:59.892491+00:00
FIXED_chembl26.sdf,6339,O=C(O)Cc1ccccc1Nc1cc(Cl)ccc1Cl,4.1,experimental,,,carboxylic_acid,,2026-06-26T20:02:00.785237+00:00
FIXED_chembl26.sdf,6340,COc1ccc(Cl)c(Nc2ccccc2CC(=O)O)c1Cl,3.95,experimental,,,carboxylic_acid,,2026-06-26T20:02:01.644676+00:00
FIXED_chembl26.sdf,6341,O=C(O)Cc1ccccc1Nc1cccc(Cl)c1Cl,4.2,experimental,,,carboxylic_acid,,2026-06-26T20:02:03.862946+00:00
FIXED_chembl26.sdf,6342,O=S1(=O)CC(O)(CCc2ccccc2)C1,9.31,experimental,,,tertiary_alcohol,,2026-06-26T20:02:49.898185+00:00
FIXED_chembl26.sdf,6343,CC[C@H](NC(=O)c1ccccc1NS(=O)(=O)c1ccccc1)c1ccccc1,1.3,experimental,,,aromatic_thiosulfamide,,2026-06-26T20:03:19.241856+00:00
FIXED_chembl26.sdf,6345,CC[C@H](NC(=O)c1cc(F)ccc1NS(=O)(=O)c1ccc(Cl)cc1)c1ccccc1,3.8,experimental,,,aromatic_thiosulfamide,,2026-06-26T20:03:27.179172+00:00
FIXED_chembl26.sdf,6347,CC[C@H](NC(=O)c1ccccc1NS(=O)(=O)c1ccc(C)cc1)c1ccccc1,0.7,experimental,,,aromatic_thiosulfamide,,2026-06-26T20:03:33.253655+00:00
FIXED_chembl26.sdf,6356,CN1C=CNC1[N+](=O)[O-],0.48,experimental,,,nitro,,2026-06-26T20:03:42.207537+00:00
FIXED_chembl26.sdf,6360,O=[N+]([O-])C1NC=CN1,-0.81,experimental,,,nitro,,2026-06-26T20:03:43.340147+00:00
FIXED_chembl26.sdf,6365,Cc1csc2cc([C@H](C)Nc3ncnc(N)c3C#N)c(-c3cccc(CNCCN4CCOCC4)c3)c(=O)n12,9.6,experimental,,,tertiary_amine,,2026-06-26T20:03:50.625948+00:00
FIXED_chembl26.sdf,6367,Cc1csc2cc([C@H](C)Nc3ncnc(N)c3C#N)c(-c3cccc(CN4CCC(N(C)C)CC4)c3)c(=O)n12,9.5,experimental,,,tertiary_amine,,2026-06-26T20:03:57.994377+00:00
FIXED_chembl26.sdf,6368,Cc1csc2cc([C@H](C)Nc3ncnc(N)c3C#N)c(-c3cccc(CN4CCC(CN(C)CC(C)C)CC4)c3)c(=O)n12,8.0,experimental,,,tertiary_amine,,2026-06-26T20:03:59.924700+00:00
FIXED_chembl26.sdf,6369,Cc1csc2cc([C@H](C)Nc3ncnc(N)c3C#N)c(-c3cccc(CN4CCC(CN(C)CC(C)C)CC4)c3)c(=O)n12,9.8,experimental,,,tertiary_amine,,2026-06-26T20:04:01.377111+00:00
FIXED_chembl26.sdf,6371,Cc1csc2cc([C@H](C)Nc3ncnc(N)c3C#N)c(-c3cccc(CN4CCN(CCN5CCOCC5)CC4)c3)c(=O)n12,8.4,experimental,,,tertiary_amine,,2026-06-26T20:04:05.436993+00:00
FIXED_chembl26.sdf,6375,Cc1csc2cc([C@H](C)Nc3ncnc(N)c3C#N)c(-c3cccc(CN4CCC(N(C)CC(C)C)CC4)c3)c(=O)n12,9.7,experimental,,,tertiary_amine,,2026-06-26T20:04:15.821005+00:00
FIXED_chembl26.sdf,6377,Cc1csc2cc([C@H](C)Nc3ncnc(N)c3C#N)c(-c3cccc(CN4CCC(CN(C)Cc5ccccn5)CC4)c3)c(=O)n12,9.0,experimental,,,tertiary_amine,,2026-06-26T20:04:21.442737+00:00
FIXED_chembl26.sdf,6379,CCN(CCN1CCOCC1)Cc1cccc(-c2c([C@H](C)Nc3ncnc(N)c3C#N)cc3scc(C)n3c2=O)c1,8.0,experimental,,,tertiary_amine,,2026-06-26T20:04:25.382691+00:00
FIXED_chembl26.sdf,6380,Cc1csc2cc([C@H](C)Nc3ncnc(N)c3C#N)c(-c3cccc(CN(C)CCCN(C)Cc4ccc(Cl)cc4)c3)c(=O)n12,7.5,experimental,,,tertiary_amine,,2026-06-26T20:04:27.790500+00:00
FIXED_chembl26.sdf,6381,Cc1csc2cc([C@H](C)Nc3ncnc(N)c3C#N)c(-c3cccc(CN(C)CCCN(C)Cc4ccc(Cl)cc4)c3)c(=O)n12,8.8,experimental,,,tertiary_amine,,2026-06-26T20:04:29.140386+00:00
FIXED_chembl26.sdf,6383,Cc1csc2cc([C@H](C)Nc3ncnc(N)c3C#N)c(-c3cccc(CN(C)CCCN4C[C@@H](C)O[C@@H](C)C4)c3)c(=O)n12,8.5,experimental,,,tertiary_amine,,2026-06-26T20:04:35.646870+00:00
FIXED_chembl26.sdf,6385,Cc1csc2cc([C@H](C)Nc3ncnc(N)c3C#N)c(-c3cccc(CN(C)CCCCN4C[C@@H](C)O[C@@H](C)C4)c3)c(=O)n12,8.9,experimental,,,tertiary_amine,,2026-06-26T20:04:40.038075+00:00
FIXED_chembl26.sdf,6387,Cc1csc2cc([C@H](C)Nc3ncnc(N)c3C#N)c(-c3cccc(CN(C)CCCCN(C)Cc4ccccc4)c3)c(=O)n12,9.1,experimental,,,tertiary_amine,,2026-06-26T20:04:44.909953+00:00
FIXED_chembl26.sdf,6388,C/C(CC1CC1)=N/OCC(O)CNC(C)(C)C,9.57,experimental,,,secondary_amine,,2026-06-26T20:04:48.560768+00:00
FIXED_chembl26.sdf,6389,CC(C)(C)NCC(O)CON=C(C1CC1)C1CC1,9.64,experimental,,,secondary_amine,,2026-06-26T20:04:49.945012+00:00
FIXED_chembl26.sdf,6390,C/C(=N/OCC(O)CNC(C)(C)C)C1CC1,9.45,experimental,,,secondary_amine,,2026-06-26T20:04:50.924172+00:00
FIXED_chembl26.sdf,6391,CC(C)(C)NCC(O)CO/N=C\C1CC1,9.64,experimental,,,secondary_amine,,2026-06-26T20:04:52.077583+00:00
FIXED_chembl26.sdf,6392,CC(C)COCC(O)CNC(C)(C)C,9.73,experimental,,,secondary_amine,,2026-06-26T20:04:53.090293+00:00
FIXED_chembl26.sdf,6393,CC(C)=NOCC(O)CNC(C)(C)C,9.42,experimental,,,secondary_amine,,2026-06-26T20:04:54.287723+00:00
FIXED_chembl26.sdf,6394,CC(OCC(O)CNC(C)(C)C)C1CC1,9.76,experimental,,,secondary_amine,,2026-06-26T20:04:55.320277+00:00
FIXED_chembl26.sdf,6395,CC(C)(C)NCC(O)CO/N=C(/CC(=O)C(C)(C)C)C1CC1,8.65,experimental,,,secondary_amine,,2026-06-26T20:04:57.114973+00:00
FIXED_chembl26.sdf,6396,CC1CC(OCC(O)CNC(C)(C)C)CC(C)(C)C1,9.94,experimental,,,secondary_amine,,2026-06-26T20:04:58.769255+00:00
FIXED_chembl26.sdf,6397,CC1C/C(=N/OCC(O)CNC(C)(C)C)CC(C)(C)C1,9.41,experimental,,,secondary_amine,,2026-06-26T20:04:59.818023+00:00
FIXED_chembl26.sdf,6398,CC(C)(C)NCC(O)CO/N=C(\CN1CCOC1)C1CC1,10.2,experimental,,,secondary_amine,,2026-06-26T20:05:02.693015+00:00
FIXED_chembl26.sdf,6399,CC(C)(C)COCC(O)CNC(C)(C)C,9.68,experimental,,,secondary_amine,,2026-06-26T20:05:04.000791+00:00
FIXED_chembl26.sdf,6400,C/C(=N/OCC(O)CNC(C)(C)C)C(C)C,9.27,experimental,,,secondary_amine,,2026-06-26T20:05:06.129236+00:00
FIXED_chembl26.sdf,6401,CC(C)(C)NCC(O)COC(C1CC1)C1CC1,9.63,experimental,,,secondary_amine,,2026-06-26T20:05:07.313924+00:00
FIXED_chembl26.sdf,6402,CC(C)(C)NCC(O)COCC1CC1,9.73,experimental,,,secondary_amine,,2026-06-26T20:05:08.525651+00:00
FIXED_chembl26.sdf,6403,CC(C)OCC(O)CNC(C)(C)C,9.9,experimental,,,secondary_amine,,2026-06-26T20:05:10.045054+00:00
FIXED_chembl26.sdf,6404,CC(NOCC(O)CNC(C)(C)C)C1CC1,9.1,experimental,,,secondary_amine,,2026-06-26T20:05:11.432911+00:00
FIXED_chembl26.sdf,6405,C=CC(C)(C)OCC(O)CNC(C)(C)C,9.67,experimental,,,secondary_amine,,2026-06-26T20:05:12.870950+00:00
FIXED_chembl26.sdf,6411,CS(=O)(=O)Nc1ccc(Nc2c3ccccc3nc3ccccc23)c([N+](=O)[O-])c1,4.86,experimental,,,sulfamide,,2026-06-26T20:05:27.969224+00:00
FIXED_chembl26.sdf,6413,c1ccc2c(NCCN3CCOCC3)c3[nH]c4ccccc4c3nc2c1,8.4,experimental,,,tertiary_amine,,2026-06-26T20:05:35.430267+00:00
FIXED_chembl26.sdf,6418,CN(C)CCNc1c2ccccc2nc2c1oc1ccccc12,8.2,experimental,,,tertiary_amine,,2026-06-26T20:05:46.607582+00:00
FIXED_chembl26.sdf,6419,c1ccc2c(NCCN3CCOCC3)c3oc4ccccc4c3nc2c1,8.2,experimental,,,tertiary_amine,,2026-06-26T20:05:50.488463+00:00
FIXED_chembl26.sdf,6422,CN(C)CCCNc1c2ccccc2nc2c1[nH]c1ccccc12,8.4,experimental,,,tertiary_amine,,2026-06-26T20:05:57.247296+00:00
FIXED_chembl26.sdf,6423,CN(C)CCNc1c2ccccc2nc2c1[nH]c1ccccc12,8.3,experimental,,,tertiary_amine,,2026-06-26T20:05:59.018629+00:00
FIXED_chembl26.sdf,6434,C[C@@]1(c2cc(NC(=O)c3ccc(Cl)cn3)ccc2F)CCOCC(N)=N1,10.9,experimental,,,amidine,,2026-06-26T20:07:25.094514+00:00
FIXED_chembl26.sdf,6435,C[C@@]1(c2cc(NC(=O)c3ccc(Cl)cn3)ccc2F)Cc2ccccc2C(N)=N1,10.8,experimental,,,amidine,,2026-06-26T20:07:26.596112+00:00
FIXED_chembl26.sdf,6436,C[C@@]1(c2cc(NC(=O)c3ccc(Cl)cn3)ccc2F)CCCOC(N)=N1,10.4,experimental,,,amidine,,2026-06-26T20:07:28.503101+00:00
FIXED_chembl26.sdf,6437,CN1CC(N)=NC(C)(c2cccc(NC(=O)c3ccc(Cl)cn3)c2)C1,10.2,experimental,,,tertiary_amine,,2026-06-26T20:07:30.722961+00:00
FIXED_chembl26.sdf,6438,C[C@@]1(c2cc(NC(=O)c3ncc(Cl)cc3Cl)ccc2F)CCOC(N)=N1,9.7,experimental,,,amidine,,2026-06-26T20:07:32.463324+00:00
FIXED_chembl26.sdf,6439,C[C@]1(c2cccc(NC(=O)c3ccc(Cl)cn3)c2)N=C(N)c2ccccc21,9.7,experimental,,,amidine,,2026-06-26T20:07:34.539207+00:00
FIXED_chembl26.sdf,6440,CN1C(=O)C[C@@](C)(c2cccc(NC(=O)c3ccc(Cl)cn3)c2)N=C1N,8.4,experimental,,,guanidine,,2026-06-26T20:07:37.196393+00:00
FIXED_chembl26.sdf,6441,NC1=NC2(CCc3ccc(NC(=O)c4ccc(Cl)cn4)cc32)CS1,8.3,experimental,,,amidine,,2026-06-26T20:07:38.972452+00:00
FIXED_chembl26.sdf,6442,NC1=NC2(CCc3ccc(NC(=O)c4ccc(Cl)cn4)cc32)CO1,8.3,experimental,,,amidine,,2026-06-26T20:07:43.004693+00:00
FIXED_chembl26.sdf,6443,CC1(c2cccc(NC(=O)c3ccccn3)c2)CSC(N)=N1,8.3,experimental,,,amidine,,2026-06-26T20:07:44.502211+00:00
FIXED_chembl26.sdf,6444,C[C@@]1(c2cccc(NC(=O)c3ccc(Cl)cn3)c2)COC(N)=N1,8.3,experimental,,,amidine,,2026-06-26T20:07:45.935983+00:00
FIXED_chembl26.sdf,6445,CC1(c2cc(NC(=O)c3ccc(Cl)cn3)ccc2F)N=C(N)c2ccccc2O1,7.3,experimental,,,amidine,,2026-06-26T20:07:52.705371+00:00
FIXED_chembl26.sdf,6446,CN1C(=O)C(C)(c2cccc(NC(=O)c3ccc(Cl)cn3)c2)N=C1N,7.3,experimental,,,guanidine,,2026-06-26T20:07:54.828273+00:00
FIXED_chembl26.sdf,6454,O=C1CN(Cc2ccc(-c3ccc(F)c(CN4CCS(=O)(=O)CC4)n3)cc2)C(=O)N1C1CC1,2.8,experimental,,,sulfone,,2026-06-26T20:08:14.011986+00:00
FIXED_chembl26.sdf,6455,CC(C)CN1C(=O)CN(Cc2ccc(-c3ccc(F)c(CN4CCS(=O)(=O)CC4)n3)cc2)C1=O,3.0,experimental,,,sulfone,,2026-06-26T20:08:15.881811+00:00
FIXED_chembl26.sdf,6456,CC(C)CN1C(=O)CN(Cc2ccc(-c3cccc(CN4CCS(=O)(=O)CC4)n3)cc2)C1=O,3.7,experimental,,,sulfone,,2026-06-26T20:08:17.333160+00:00
FIXED_chembl26.sdf,6460,CC(C)CN1C(=O)CN(Cc2ccc(-c3ccc(F)c(CN4CCCC(F)C4)n3)cc2)C1=O,7.2,experimental,,,tertiary_amine,,2026-06-26T20:08:36.323056+00:00
FIXED_chembl26.sdf,6461,CC(C)CN1C(=O)CN(Cc2ccc(-c3cccc(CN4CCCC(F)C4)n3)cc2)C1=O,7.4,experimental,,,tertiary_amine,,2026-06-26T20:08:38.299315+00:00
FIXED_chembl26.sdf,6462,CC(C)CN1C(=O)CN(Cc2ccc(-c3ccc(F)c(CN4CCCC(C)C4)n3)cc2)C1=O,8.4,experimental,,,tertiary_amine,,2026-06-26T20:08:39.441805+00:00
FIXED_chembl26.sdf,6463,CC(C)CN1C(=O)CN(Cc2ccc(-c3cccc(CN4CCCC(C)C4)n3)cc2)C1=O,8.7,experimental,,,tertiary_amine,,2026-06-26T20:08:40.786501+00:00
FIXED_chembl26.sdf,6464,O=C1CN(Cc2ccc(-c3ccc(F)c(CN4CCCCC4)n3)cc2)C(=O)N1CC(F)F,9.0,experimental,,,tertiary_amine,,2026-06-26T20:08:41.776840+00:00
FIXED_chembl26.sdf,6465,O=C1CN(Cc2ccc(-c3ccc(F)c(CN4CCCCC4)n3)cc2)C(=O)N1CC1CCC1,8.6,experimental,,,tertiary_amine,,2026-06-26T20:08:42.909096+00:00
FIXED_chembl26.sdf,6466,O=C1CN(Cc2ccc(-c3ccc(F)c(CN4CCCCC4)n3)cc2)C(=O)N1CC1CC1,8.5,experimental,,,tertiary_amine,,2026-06-26T20:08:44.842593+00:00
FIXED_chembl26.sdf,6467,O=C1CN(Cc2ccc(-c3ccc(F)c(CN4CCCCC4)n3)cc2)C(=O)N1C1CC1,8.6,experimental,,,tertiary_amine,,2026-06-26T20:08:45.884984+00:00
FIXED_chembl26.sdf,6468,CC(C)CN1C(=O)CN(Cc2ccc(-c3ccc(F)c(CN4CCCCC4)n3)cc2)C1=O,8.6,experimental,,,tertiary_amine,,2026-06-26T20:08:46.799719+00:00
FIXED_chembl26.sdf,6469,CCCN1C(=O)CN(Cc2ccc(-c3ccc(F)c(CN4CCCCC4)n3)cc2)C1=O,8.5,experimental,,,tertiary_amine,,2026-06-26T20:08:47.819009+00:00
FIXED_chembl26.sdf,6470,CCN1C(=O)CN(Cc2ccc(-c3ccc(F)c(CN4CCCCC4)n3)cc2)C1=O,8.5,experimental,,,tertiary_amine,,2026-06-26T20:08:48.820125+00:00
FIXED_chembl26.sdf,6471,O=C1CN(Cc2ccc(-c3cccc(CN4CCCCC4)n3)cc2)C(=O)N1CC(F)F,8.9,experimental,,,tertiary_amine,,2026-06-26T20:08:49.580729+00:00
FIXED_chembl26.sdf,6472,O=C1CN(Cc2ccc(-c3cccc(CN4CCCCC4)n3)cc2)C(=O)N1CC1CC1,8.9,experimental,,,tertiary_amine,,2026-06-26T20:08:50.341875+00:00
FIXED_chembl26.sdf,6473,O=C1CN(Cc2ccc(-c3cccc(CN4CCCCC4)n3)cc2)C(=O)N1C1CC1,9.0,experimental,,,tertiary_amine,,2026-06-26T20:08:51.079702+00:00
FIXED_chembl26.sdf,6474,CN1C(=O)CN(Cc2ccc(-c3cccc(CN4CCCCC4)n3)cc2)C1=O,8.7,experimental,,,tertiary_amine,,2026-06-26T20:08:52.366327+00:00
FIXED_chembl26.sdf,6475,CCN1C(=O)CN(Cc2ccc(-c3cccc(CN4CCCCC4)n3)cc2)C1=O,8.8,experimental,,,tertiary_amine,,2026-06-26T20:08:53.817380+00:00
FIXED_chembl26.sdf,6476,CCCN1C(=O)CN(Cc2ccc(-c3cccc(CN4CCCCC4)n3)cc2)C1=O,8.8,experimental,,,tertiary_amine,,2026-06-26T20:08:54.612819+00:00
FIXED_chembl26.sdf,6477,CC(C)CN1C(=O)CN(Cc2ccc(-c3cccc(CN4CCCCC4)n3)cc2)C1=O,8.9,experimental,,,tertiary_amine,,2026-06-26T20:08:55.601486+00:00
FIXED_chembl26.sdf,6479,O=c1c2ccccc2n(CCCCN(CCO)CCO)c2ccc(Cl)cc12,4.8,experimental,,,quinoline,,2026-06-26T20:09:00.148966+00:00
FIXED_chembl26.sdf,6480,O=c1c2ccccc2n(CCCCN2CCOCC2)c2ccc(Cl)cc12,4.91,experimental,,,quinoline,,2026-06-26T20:09:01.548047+00:00
FIXED_chembl26.sdf,6481,O=c1c2ccccc2n(CCCCN2CCCC2)c2ccc(Cl)cc12,5.28,experimental,,,quinoline,,2026-06-26T20:09:03.394578+00:00
FIXED_chembl26.sdf,6482,O=c1c2ccccc2n(CCCCN2CCN(CCO)CC2)c2ccc(Cl)cc12,5.26,experimental,,,quinoline,,2026-06-26T20:09:04.681102+00:00
FIXED_chembl26.sdf,6483,O=c1c2ccccc2n(CCCCN2CCCCC2)c2ccc(Cl)cc12,5.36,experimental,,,quinoline,,2026-06-26T20:09:05.888279+00:00
FIXED_chembl26.sdf,6484,CN1CCN(CCCCn2c3ccccc3c(=O)c3cc(Cl)ccc32)CC1,5.61,experimental,,,quinoline,,2026-06-26T20:09:07.494278+00:00
FIXED_chembl26.sdf,6485,CCN(CC)CCCCn1c2ccccc2c(=O)c2cc(Cl)ccc21,5.45,experimental,,,quinoline,,2026-06-26T20:09:08.734214+00:00
FIXED_chembl26.sdf,6487,O=c1c2ccccc2n(CCCN(CCO)CCO)c2ccc(Cl)cc12,4.8,experimental,,,quinoline,,2026-06-26T20:09:10.672798+00:00
FIXED_chembl26.sdf,6488,O=c1c2ccccc2n(CCCN2CCOCC2)c2ccc(Cl)cc12,4.87,experimental,,,quinoline,,2026-06-26T20:09:12.701856+00:00
FIXED_chembl26.sdf,6489,O=c1c2ccccc2n(CCCN2CCCC2)c2ccc(Cl)cc12,5.21,experimental,,,quinoline,,2026-06-26T20:09:14.665286+00:00
FIXED_chembl26.sdf,6490,O=c1c2ccccc2n(CCCN2CCN(CCO)CC2)c2ccc(Cl)cc12,5.26,experimental,,,quinoline,,2026-06-26T20:09:16.509993+00:00
FIXED_chembl26.sdf,6491,O=c1c2ccccc2n(CCCN2CCCCC2)c2ccc(Cl)cc12,5.39,experimental,,,quinoline,,2026-06-26T20:09:18.441861+00:00
FIXED_chembl26.sdf,6492,CN1CCN(CCCn2c3ccccc3c(=O)c3cc(Cl)ccc32)CC1,5.28,experimental,,,quinoline,,2026-06-26T20:09:20.381718+00:00
FIXED_chembl26.sdf,6493,CCN(CC)CCCn1c2ccccc2c(=O)c2cc(Cl)ccc21,5.37,experimental,,,quinoline,,2026-06-26T20:09:22.101106+00:00
FIXED_chembl26.sdf,6496,COc1cccc(-c2cn(Cc3c(F)cccc3C(F)(F)F)c(=O)n(C[C@H](NCCCC(=O)O)c3ccccc3)c2=O)c1F,4.16,experimental,,,carboxylic_acid,,2026-06-26T20:09:28.215198+00:00
FIXED_chembl26.sdf,6500,CNC(=O)c1cccc2c(Nc3ccc(NS(C)(=O)=O)cc3OC)c3ccc([N+](=O)[O-])cc3nc12,4.71,experimental,,,sulfamide,,2026-06-26T20:09:40.051685+00:00
FIXED_chembl26.sdf,6515,Cc1cnc(NCCc2ccccc2)c(=O)n1CC(=O)NC[C@@H]1CNC(N)=N[C@@H]1C,14.0,experimental,,,guanidine,,2026-06-26T20:10:31.263143+00:00
FIXED_chembl26.sdf,6517,Cc1ccc(NS(=O)(=O)Cc2ccccc2)c(=O)n1CC(=O)NC[C@H]1CN=C(N)NC1,14.0,experimental,,,guanidine,,2026-06-26T20:10:39.293769+00:00
FIXED_chembl26.sdf,6518,COc1cccc(S(=O)(=O)Nc2cccn(CC(=O)NCc3ccc(C(=N)N)cc3Cl)c2=O)c1,9.4,experimental,,,amidine,,2026-06-26T20:10:43.160439+00:00
FIXED_chembl26.sdf,6519,COc1cccc(S(=O)(=O)Nc2cccn(CC(=O)NCc3ccc(C(=N)N)cc3F)c2=O)c1,9.4,experimental,,,amidine,,2026-06-26T20:10:44.555714+00:00
FIXED_chembl26.sdf,6520,COc1cccc(S(=O)(=O)Nc2cccn(CC(=O)NCc3ccc(C(=N)N)cc3OC)c2=O)c1,10.0,experimental,,,amidine,,2026-06-26T20:10:46.458176+00:00
FIXED_chembl26.sdf,6524,Cc1ccc(NS(=O)(=O)Cc2ccccc2)c(=O)n1CC(=O)NCc1ccc(C(=N)N)cc1,10.2,experimental,,,amidine,,2026-06-26T20:11:01.238298+00:00
FIXED_chembl26.sdf,6526,COc1cccc(S(=O)(=O)Nc2cccn(CC(=O)NCc3ccc(C(=N)N)cc3)c2=O)c1,10.2,experimental,,,amidine,,2026-06-26T20:11:07.757662+00:00
FIXED_chembl26.sdf,6527,Cc1ccc(NS(=O)(=O)Cc2ccccc2)c(=O)n1CC(=O)NCc1ccc(C(=N)N)c(F)c1,9.2,experimental,,,amidine,,2026-06-26T20:11:09.479245+00:00
FIXED_chembl26.sdf,6529,Cc1cnc(NCCc2ccccc2)c(=O)n1CC(=O)NCc1ccc(C(=N)N)s1,10.3,experimental,,,amidine,,2026-06-26T20:11:16.744606+00:00
FIXED_chembl26.sdf,6530,Cc1cnc(NCCc2ccccc2)c(=O)n1CC(=O)NC[C@H]1CN=C(N)NC1,14.0,experimental,,,guanidine,,2026-06-26T20:11:20.604236+00:00
FIXED_chembl26.sdf,6535,COc1cccc(S(=O)(=O)Nc2cccn(CC(=O)NCc3nc(C(=N)N)cs3)c2=O)c1,8.8,experimental,,,amidine,,2026-06-26T20:11:33.831108+00:00
FIXED_chembl26.sdf,6537,Cc1ccc(NS(=O)(=O)Cc2ccccc2)c(=O)n1CC(=O)NC[C@@H]1CNC(N)=N[C@@H]1C,14.0,experimental,,,guanidine,,2026-06-26T20:11:39.019435+00:00
FIXED_chembl26.sdf,6540,CN(C)CCCCN1C=Nc2cccc3cccc1c23,5.3,experimental,,,amidine,,2026-06-26T20:11:47.366977+00:00
FIXED_chembl26.sdf,6541,CN(C)CCNC(=O)C1=Nc2cccc3cccc(c23)N1,1.74,experimental,,,tertiary_amine,,2026-06-26T20:12:08.026434+00:00
FIXED_chembl26.sdf,6542,CN(C)CCCN1C=Nc2cccc3cccc1c23,5.1,experimental,,,tertiary_amine,,2026-06-26T20:12:17.122694+00:00
FIXED_chembl26.sdf,6543,CN(C)CCN1C=Nc2cccc3cccc1c23,4.64,experimental,,,tertiary_amine,,2026-06-26T20:12:18.945655+00:00
FIXED_chembl26.sdf,6548,Cn1cc[n+](COC[n+]2ccccc2/C=N/O)c1/C=N/O.[Cl-].[Cl-],7.56,experimental,,,imidazole,,2026-06-26T20:12:32.377038+00:00
FIXED_chembl26.sdf,6576,COc1cc(NS(=O)(=O)C(F)(F)F)cc(OC)c1Oc1ccc(C#N)c(Cl)c1,4.5,experimental,,,sulfamide,,2026-06-26T20:13:20.052782+00:00
FIXED_chembl26.sdf,6577,COc1cc(NS(C)(=O)=O)cc(OC)c1Oc1ccc(C#N)c(Cl)c1,8.5,experimental,,,aniline,,2026-06-26T20:13:24.197301+00:00
FIXED_chembl26.sdf,6578,CN(C)C(=O)CN1CCC(CCOc2ccc(-c3cc4c(ncn4C)c(C#N)n3)cc2C(F)(F)F)CC1,7.5,experimental,,,tertiary_amine,,2026-06-26T20:13:27.897958+00:00
FIXED_chembl26.sdf,6579,Cc1noc(C)c1CN1CCC(CCOc2ccc(-c3cc4c(ncn4C)c(C#N)n3)cc2C(F)(F)F)CC1,7.9,experimental,,,tertiary_amine,,2026-06-26T20:13:29.204030+00:00
FIXED_chembl26.sdf,6580,Cn1cnc2c(C#N)nc(-c3ccc(OCCC4CCN(Cc5ncco5)CC4)c(C(F)(F)F)c3)cc21,6.3,experimental,,,tertiary_amine,,2026-06-26T20:13:33.420118+00:00
FIXED_chembl26.sdf,6627,O=C1NC(=O)/C(=C/c2ccc(-c3ccc(F)cc3O)o2)S1,8.4,experimental,,,phenol,,2026-06-26T20:17:57.031559+00:00
FIXED_chembl26.sdf,6628,O=C1NC(=O)/C(=C/c2ccc(-c3cc(C(=O)O)ccc3O)o2)S1,8.6,experimental,,,carboxylic_acid,,2026-06-26T20:18:00.500411+00:00
FIXED_chembl26.sdf,6629,Cc1ccc(O)c(-c2ccc(/C=C3\SC(=O)NC3=O)o2)c1,9.7,experimental,,,phenol,,2026-06-26T20:18:02.863627+00:00
FIXED_chembl26.sdf,6630,O=C1NC(=O)/C(=C/c2ccc(-c3cc(OC(F)(F)F)ccc3O)o2)S1,8.7,experimental,,,phenol,,2026-06-26T20:18:04.599615+00:00
FIXED_chembl26.sdf,6631,N#Cc1ccc(O)c(-c2ccc(/C=C3\SC(=O)NC3=O)o2)c1,7.3,experimental,,,phenol,,2026-06-26T20:18:08.826578+00:00
FIXED_chembl26.sdf,6632,O=C1NC(=O)/C(=C/c2ccc(-c3cc(Cl)ccc3O)o2)S1,8.9,experimental,,,phenol,,2026-06-26T20:18:10.278619+00:00
FIXED_chembl26.sdf,6633,O=C1NC(=O)/C(=C/c2ccc(-c3cc(F)ccc3O)o2)S1,9.1,experimental,,,phenol,,2026-06-26T20:18:12.324746+00:00
FIXED_chembl26.sdf,6634,COC(=O)c1ccc(-c2ccc(/C=C3\SC(=O)NC3=O)o2)c(O)c1,8.7,experimental,,,phenol,,2026-06-26T20:18:13.848945+00:00
FIXED_chembl26.sdf,6635,O=C1NC(=O)/C(=C/c2ccc(-c3ccc(O)cc3O)o2)S1,8.7,experimental,,,phenol,,2026-06-26T20:18:16.769011+00:00
FIXED_chembl26.sdf,6636,O=C1NC(=O)/C(=C/c2ccc(-c3ccccc3O)o2)S1,9.5,experimental,,,phenol,,2026-06-26T20:18:19.443465+00:00
FIXED_chembl26.sdf,6637,c1c(N2CCCCCC2)nc(C2CC2)nc1N1CCC1,7.4,experimental,,,tertiary_amine,,2026-06-26T20:18:25.151813+00:00
FIXED_chembl26.sdf,6639,CC1CN(c2cc(N3CCCCCC3)nc(C3CC3)n2)C1,7.5,experimental,,,tertiary_amine,,2026-06-26T20:18:31.992451+00:00
FIXED_chembl26.sdf,6645,Cc1c(N2CCCCCC2)nc(C2CC2)nc1N1CC(O)C1,7.0,experimental,,,tertiary_amine,,2026-06-26T20:18:46.136754+00:00
FIXED_chembl26.sdf,6646,Cc1c(N2CCCCCC2)nc(C2CC2)nc1N1CC(C)(C)C1,7.0,experimental,,,tertiary_amine,,2026-06-26T20:18:47.649224+00:00
FIXED_chembl26.sdf,6647,Cc1c(N2CCCCCC2)nc(C2CC2)nc1N1CC(C)C1,8.0,experimental,,,tertiary_amine,,2026-06-26T20:18:48.885574+00:00
FIXED_chembl26.sdf,6648,Cc1c(N2CCCCCC2)nc(C2CC2)nc1N1CCC1,7.1,experimental,,,tertiary_amine,,2026-06-26T20:18:50.159875+00:00
FIXED_chembl26.sdf,6649,CN1C2CCC1CC(NC(=O)N1CC(C)(C)c3ccccc31)C2,9.4,experimental,,,tertiary_amine,,2026-06-26T20:18:51.820670+00:00
FIXED_chembl26.sdf,6650,CN1C2COCC1CC(NC(=O)N1CC(C)(C)c3ccccc31)C2,7.1,experimental,,,tertiary_amine,,2026-06-26T20:18:53.825216+00:00
FIXED_chembl26.sdf,6674,Cc1ccccc1[C@@H]1CCN(C[C@@H]2CCc3cccnc3[C@@H](O)C2)C[C@H]1CO,8.9,experimental,,,tertiary_amine,,2026-06-26T20:20:28.829761+00:00
FIXED_chembl26.sdf,6675,Cc1ccccc1[C@@H]1CCN(C[C@@H]2CCc3cccnc3[C@@H](O)C2)C[C@H]1O,7.8,experimental,,,tertiary_amine,,2026-06-26T20:20:36.088102+00:00
FIXED_chembl26.sdf,6676,O[C@H]1C[C@H](CN2CC[C@H](c3ccc(F)cc3Cl)[C@@H](O)C2)Cc2cccnc21,7.4,experimental,,,tertiary_amine,,2026-06-26T20:20:38.418590+00:00
FIXED_chembl26.sdf,6690,CCCC12CCC(=O)C=C1c1c(cc(OCC(=O)OC(CC)(CC)C(=O)O)c(Cl)c1Cl)C2,3.4,experimental,,,carboxylic_acid,,2026-06-26T20:20:41.406390+00:00
FIXED_chembl26.sdf,6691,CCCC12CCC(=O)C(C)=C1c1c(cc(OCC(=O)O)c(Cl)c1Cl)C2,3.5,experimental,,,carboxylic_acid,,2026-06-26T20:20:43.363578+00:00
FIXED_chembl26.sdf,6692,CCC12CCC(=O)C=C1c1c(cc(OCC(=O)O)c(Cl)c1Cl)C2,3.6,experimental,,,carboxylic_acid,,2026-06-26T20:20:44.366219+00:00
FIXED_chembl26.sdf,6695,CCCC12CCC(=O)C=C1c1c(cc(OCC(=O)O)c(Cl)c1Cl)C2,3.6,experimental,,,carboxylic_acid,,2026-06-26T20:20:45.313534+00:00
FIXED_chembl26.sdf,6698,CCC12CCC(=O)C=C1c1c(cc(OCC(=O)OC(C)(C)C(=O)O)c(Cl)c1Cl)C2,3.8,experimental,,,carboxylic_acid,,2026-06-26T20:20:47.251594+00:00
FIXED_chembl26.sdf,6700,CCCC12CCC(=O)C=C1c1c(cc(OCC(=O)OC(C)(C)C(=O)O)c(Cl)c1Cl)C2,3.8,experimental,,,carboxylic_acid,,2026-06-26T20:20:48.420017+00:00
FIXED_chembl26.sdf,6701,CCCC12CCC(=O)C=C1c1c(cc(OCCCC(=O)O)c(Cl)c1Cl)C2,3.7,experimental,,,carboxylic_acid,,2026-06-26T20:20:50.344148+00:00
FIXED_chembl26.sdf,6702,CCCC12CCC(C(C)=O)=C1c1c(cc(OCC(=O)O)c(Cl)c1Cl)C2,4.1,experimental,,,carboxylic_acid,,2026-06-26T20:20:51.712686+00:00
FIXED_chembl26.sdf,6703,CC(C)C12CCC(=O)C=C1c1c(cc(OCC(=O)O)c(Cl)c1Cl)C2,3.83,experimental,,,carboxylic_acid,,2026-06-26T20:20:52.692608+00:00
FIXED_chembl26.sdf,6704,O=C(O)COc1cc2c(c(Cl)c1Cl)C1=CC(=O)CCC1(C1CCCC1)C2,3.83,experimental,,,carboxylic_acid,,2026-06-26T20:20:53.868503+00:00
FIXED_chembl26.sdf,6707,CCCCC12CCC(=O)C=C1c1c(cc(OCC(=O)O)c(Cl)c1Cl)C2,3.5,experimental,,,carboxylic_acid,,2026-06-26T20:21:07.843152+00:00
FIXED_chembl26.sdf,6708,CCCC12CCC(=O)C=C1c1c(cc(OCC(=O)O)c(C)c1C)C2,4.3,experimental,,,carboxylic_acid,,2026-06-26T20:21:08.822436+00:00
FIXED_chembl26.sdf,6709,CC12CCC(=O)C=C1c1c(cc(OCC(=O)O)c(Cl)c1Cl)C2,3.75,experimental,,,carboxylic_acid,,2026-06-26T20:21:09.962644+00:00
FIXED_chembl26.sdf,6713,CCCC12CCC(=O)C=C1c1c(cc(O)c(Cl)c1Cl)C2,6.18,experimental,,,phenol,,2026-06-26T20:21:23.331337+00:00
FIXED_chembl26.sdf,6714,CCC12C=CC(=O)C=C1c1c(cc(OCC(=O)O)c(Cl)c1Cl)C2,3.7,experimental,,,carboxylic_acid,,2026-06-26T20:21:36.989905+00:00
FIXED_chembl26.sdf,6715,CCCC12CC(=O)C=C1c1c(cc(OCC(=O)O)c(Cl)c1Cl)C2,3.84,experimental,,,carboxylic_acid,,2026-06-26T20:21:38.048970+00:00
FIXED_chembl26.sdf,6716,CCC12CCC(=O)C=C1c1c(cc(OCC(=O)OCCN3CCOCC3)c(Cl)c1Cl)C2,5.08,experimental,,,tertiary_amine,,2026-06-26T20:21:42.206196+00:00
FIXED_chembl26.sdf,6717,CCC12CCC(=O)C=C1c1c(cc(OCCCC(=O)O)c(Cl)c1Cl)C2,3.7,experimental,,,carboxylic_acid,,2026-06-26T20:21:44.247244+00:00
FIXED_chembl26.sdf,6718,CCCC12CCC(=O)C=C1c1ccc(OCC(=O)O)cc1C2,4.05,experimental,,,carboxylic_acid,,2026-06-26T20:21:45.293842+00:00
FIXED_chembl26.sdf,6719,CCCC12CCC(=O)C=C1c1c(cc(OCC(=O)NCCN(C)C)c(Cl)c1Cl)C2,7.7,experimental,,,tertiary_amine,,2026-06-26T20:21:47.608356+00:00
FIXED_chembl26.sdf,6720,CCC12CCC(=O)C=C1c1c(cc(OCC(=O)OCC(=O)O)c(Cl)c1Cl)C2,3.8,experimental,,,carboxylic_acid,,2026-06-26T20:21:49.573835+00:00
FIXED_chembl26.sdf,6722,CC(=O)CC(c1ccccc1)c1c(S)c2ccccc2oc1=O,6.6,experimental,,,thiol,,2026-06-26T20:21:52.564256+00:00
FIXED_chembl26.sdf,6723,c1ccc(-c2ccc3ccn4ccnc4c3n2)cc1,1.96,experimental,,,n-indole,,2026-06-26T20:22:11.153961+00:00
FIXED_chembl26.sdf,6724,c1cn2ccc3cc4c(nc3c2n1)CCCC4,4.59,experimental,,,n-indole,,2026-06-26T20:22:13.444108+00:00
FIXED_chembl26.sdf,6725,CCOC(=O)C1CCc2nc3c(ccn4ccnc34)cc2C1,4.08,experimental,,,n-indole,,2026-06-26T20:22:15.619806+00:00
FIXED_chembl26.sdf,6726,O=C1CCCc2nc3c(ccn4ccnc34)cc21,2.0,experimental,,,n-indole,,2026-06-26T20:22:17.000142+00:00
FIXED_chembl26.sdf,6727,c1ccc2c(c1)CCc1cc3ccn4ccnc4c3nc1-2,2.43,experimental,,,n-indole,,2026-06-26T20:22:18.363523+00:00
FIXED_chembl26.sdf,6728,c1ccc2c(c1)CCc1nc3c(ccn4ccnc34)cc1-2,3.53,experimental,,,n-indole,,2026-06-26T20:22:19.502291+00:00
FIXED_chembl26.sdf,6729,c1ccc2cc3nc4c(ccn5ccnc45)cc3cc2c1,2.43,experimental,,,quinoline,,2026-06-26T20:22:20.672228+00:00
FIXED_chembl26.sdf,6730,Cc1ccc2ccn3ccnc3c2n1,4.23,experimental,,,n-indole,,2026-06-26T20:22:23.399615+00:00
FIXED_chembl26.sdf,6731,Cc1cc2ccn3ccnc3c2nc1C,4.63,experimental,,,n-indole,,2026-06-26T20:22:26.873568+00:00
FIXED_chembl26.sdf,6732,COc1ccc2c(c1)N(CCCN(C)C)c1ccccc1S2,9.41,experimental,,,tertiary_amine,,2026-06-26T20:22:31.083224+00:00
FIXED_chembl26.sdf,6733,CN(C)CCCN1c2ccccc2Sc2ccc(C#N)cc21,9.29,experimental,,,tertiary_amine,,2026-06-26T20:22:32.415064+00:00
FIXED_chembl26.sdf,6734,CN1CCN(CCCN2c3ccccc3Sc3ccccc32)CC1,8.1,experimental,,,tertiary_amine,,2026-06-26T20:22:34.786063+00:00
FIXED_chembl26.sdf,6735,CCCC(=O)c1ccc2c(c1)N(CCCN1CCN(C)CC1)c1ccccc1S2,8.1,experimental,,,tertiary_amine,,2026-06-26T20:22:39.426347+00:00
FIXED_chembl26.sdf,6736,CC(CN1CCN(CCOCCO)CC1)CN1c2ccccc2Sc2ccccc21,8.0,experimental,,,tertiary_amine,,2026-06-26T20:22:41.702089+00:00
FIXED_chembl26.sdf,6740,FC(F)(F)c1ccc(Nc2nc(CCCN3CCOCC3)nc3cc(-c4ncccc4C(F)(F)F)ccc23)cc1,7.86,experimental,,,tertiary_amine,,2026-06-26T20:23:02.414328+00:00
FIXED_chembl26.sdf,6741,CN1CCN(Cc2nc(Nc3ccc(C(F)(F)F)cc3)c3ccc(-c4ncccc4C(F)(F)F)cc3n2)CC1,7.68,experimental,,,tertiary_amine,,2026-06-26T20:23:04.304207+00:00
FIXED_chembl26.sdf,6742,CC1CN(Cc2nc(Nc3ccc(C(F)(F)F)cc3)c3ccc(-c4ncccc4C(F)(F)F)cc3n2)CC(C)O1,7.51,experimental,,,tertiary_amine,,2026-06-26T20:23:06.103848+00:00
FIXED_chembl26.sdf,6751,CC(C)c1ccc(COc2cccc3c2CCc2c-3[nH]c(=O)c(C#N)c2-c2ccc(C(=O)O)cc2)cc1,4.4,experimental,,,carboxylic_acid,,2026-06-26T20:23:25.978200+00:00
FIXED_chembl26.sdf,6752,N#Cc1c(-c2ccc(C(=O)O)cc2)c2c([nH]c1=O)-c1cccc(-c3cn[nH]c3)c1CC2,4.4,experimental,,,carboxylic_acid,,2026-06-26T20:23:27.707611+00:00
FIXED_chembl26.sdf,6753,COc1cccc2c1CCc1c-2[nH]c(=O)c(C#N)c1-c1ccc(C(=O)O)cc1,4.4,experimental,,,carboxylic_acid,,2026-06-26T20:23:29.200311+00:00
FIXED_chembl26.sdf,6754,N#Cc1c(-c2ccc(C(=O)O)cc2)c2c([nH]c1=O)-c1cccc(O)c1CC2,4.4,experimental,,,carboxylic_acid,,2026-06-26T20:23:30.263157+00:00
FIXED_chembl26.sdf,6772,Cc1[nH]c2ccccc2c1CCN(Cc1ccc(/C=C/C(=O)NO)cc1)CC(F)F,4.65,experimental,,,isoquinoline,,2026-06-26T20:24:17.407139+00:00
FIXED_chembl26.sdf,6773,O=C(/C=C/c1ccc(CN(CCc2c[nH]c3ccccc23)CC(F)(F)F)cc1)NO,3.2,experimental,,,isoquinoline,,2026-06-26T20:24:20.833401+00:00
FIXED_chembl26.sdf,6775,Cc1[nH]c2ccccc2c1CCN(CCC(F)F)Cc1ccc(/C=C/C(=O)NO)cc1,5.8,experimental,,,isoquinoline,,2026-06-26T20:24:27.013793+00:00
FIXED_chembl26.sdf,6776,O=C(/C=C/c1ccc(CN(CCc2c[nH]c3ccccc23)CCC(F)(F)F)cc1)NO,4.75,experimental,,,isoquinoline,,2026-06-26T20:24:33.232769+00:00
FIXED_chembl26.sdf,6777,O=C(/C=C/c1ccc(CN(CCO)CCc2c[nH]c3ccccc23)cc1)NO,7.5,experimental,,,tertiary_amine,,2026-06-26T20:24:36.066137+00:00
FIXED_chembl26.sdf,6778,Cc1ccc(OCCN2CCN(C(=O)c3cccs3)CC2)cc1,6.4,experimental,,,tertiary_amine,,2026-06-26T20:24:39.318980+00:00
FIXED_chembl26.sdf,6788,CC(=O)NC(=N)N,7.6,experimental,,,guanidine,,2026-06-26T20:25:14.276638+00:00
FIXED_chembl26.sdf,6793,COc1ccc2ccc(S(=O)(=O)N[C@H]3CCN(Cc4cccc(C(=N)N)c4)C3=O)cc2c1,11.6,experimental,,,amidine,,2026-06-26T20:25:28.558218+00:00
FIXED_chembl26.sdf,6798,CC(C)[C@H](N)C(=O)N[C@H](C(=O)N[C@@H](Cc1ccc(O)cc1)C(=O)N1CCC[C@H]1C(=O)N[C@@H](Cc1c[nH]c2ccccc12)C(=O)N[C@H](C(=O)N[C@H](CCCN)C(N)=O)[C@@H](C)O)C(C)C,7.83,experimental,,,primary_amine,,2026-06-26T20:25:46.537024+00:00
FIXED_chembl26.sdf,6799,CC(C)[C@H](N)C(=O)N[C@H](C(=O)N[C@@H](Cc1ccc(O)cc1)C(=O)N1CCC[C@H]1C(=O)N[C@@H](Cc1c[nH]c2ccccc12)C(=O)N[C@H](C(=O)N[C@H](CCN)C(N)=O)[C@@H](C)O)C(C)C,8.12,experimental,,,primary_amine,,2026-06-26T20:25:49.146855+00:00
FIXED_chembl26.sdf,6800,CC(C)[C@H](N)C(=O)N[C@H](C(=O)N[C@@H](Cc1ccc(O)cc1)C(=O)N1CCC[C@H]1C(=O)N[C@@H](Cc1c[nH]c2ccccc12)C(=O)N[C@H](C(=O)N[C@H](CN)C(N)=O)[C@@H](C)O)C(C)C,9.23,experimental,,,primary_amine,,2026-06-26T20:25:51.317727+00:00
FIXED_chembl26.sdf,6814,COc1cc(OC2CCN(C)CC2)c2c(Nc3c(Cl)ccc4c3OCO4)ncnc2c1,8.2,experimental,,,tertiary_amine,,2026-06-26T20:26:42.174362+00:00
FIXED_chembl26.sdf,6815,Clc1ccc2c(c1Nc1ncnc3cc(OCCCN4CCCC4)cc(OC4CCOCC4)c13)OCO2,9.5,experimental,,,tertiary_amine,,2026-06-26T20:26:44.311562+00:00
FIXED_chembl26.sdf,6818,CN1CCN(CCOc2cc(OC3CCOCC3)c3c(Nc4c(Cl)ccc5c4OCO5)ncnc3c2)CC1,7.98,experimental,,,tertiary_amine,,2026-06-26T20:26:53.211038+00:00
FIXED_chembl26.sdf,6819,COc1ccc(Cl)c(Nc2ncnc3cc(OCC4CCN(C)CC4)c(OC)cc23)c1,9.0,experimental,,,tertiary_amine,,2026-06-26T20:26:55.171848+00:00
FIXED_chembl26.sdf,6835,CC#C[C@@H](CC(=O)O)c1ccc(OCc2ccc3nc(-c4c(C)cccc4C)nn3c2)cc1,4.3,experimental,,,carboxylic_acid,,2026-06-26T20:27:13.046697+00:00
FIXED_chembl26.sdf,6843,NS(=O)(=O)c1cc2cc(CN3CCOCC3)sc2o1,9.2,experimental,,,tertiary_amine,,2026-06-26T20:27:33.344090+00:00
FIXED_chembl26.sdf,6849,Nc1cc(C2CCNCC2)cc(NC2CCCC2)n1,6.1,experimental,,,secondary_amine,,2026-06-26T20:27:49.380316+00:00
FIXED_chembl26.sdf,6850,Nc1nc(NC2CCCC2)cc(C2CCNCC2)n1,6.1,experimental,,,secondary_amine,,2026-06-26T20:27:50.657502+00:00
FIXED_chembl26.sdf,6852,Nc1nc(C2CCCC2)cc(N2CCNCC2)n1,7.9,experimental,,,tertiary_amine,,2026-06-26T20:27:57.320613+00:00
FIXED_chembl26.sdf,6853,CN[C@@H]1CCN(c2ccnc(NC(C)C)c2)C1,6.6,experimental,,,tertiary_amine,,2026-06-26T20:28:03.274547+00:00
FIXED_chembl26.sdf,6854,CN[C@@H]1CCN(c2cc(N)nc(NC(C)C)c2)C1,6.5,experimental,,,tertiary_amine,,2026-06-26T20:28:05.018889+00:00
FIXED_chembl26.sdf,6855,CN[C@@H]1CCN(c2ccnc(NC(C)C)n2)C1,6.4,experimental,,,tertiary_amine,,2026-06-26T20:28:07.361619+00:00
FIXED_chembl26.sdf,6856,CN[C@@H]1CCN(c2cc(N)nc(NC(C)C)n2)C1,6.3,experimental,,,tertiary_amine,,2026-06-26T20:28:08.762170+00:00
FIXED_chembl26.sdf,6857,CN[C@@H]1CCN(c2ccnc(C(C)C)n2)C1,6.5,experimental,,,tertiary_amine,,2026-06-26T20:28:11.683745+00:00
FIXED_chembl26.sdf,6858,CN[C@@H]1CCN(c2cc(N)nc(C(C)C)n2)C1,6.3,experimental,,,tertiary_amine,,2026-06-26T20:28:13.181056+00:00
FIXED_chembl26.sdf,6859,CCc1cc(N2CC[C@@H](NC)C2)nc(N)n1,6.3,experimental,,,tertiary_amine,,2026-06-26T20:28:14.701288+00:00
FIXED_chembl26.sdf,6860,CCc1cc(N2CC[C@@H](NC)C2)nc(N)n1,7.5,experimental,,,tertiary_amine,,2026-06-26T20:28:16.393402+00:00
FIXED_chembl26.sdf,6869,CN[C@@H]1CCN(c2cc(CCC(F)(F)F)nc(N)n2)C1,7.8,experimental,,,tertiary_amine,,2026-06-26T20:28:34.570377+00:00
FIXED_chembl26.sdf,6870,OB(O)c1cc2ccccc2s1,6.39,experimental,,,boric_acid,,2026-06-26T20:28:38.848394+00:00
FIXED_chembl26.sdf,6871,OB(O)c1cc2ccccc2s1,7.44,experimental,,,boric_acid,,2026-06-26T20:28:44.584758+00:00
FIXED_chembl26.sdf,6873,Nn1cn[n+](Cc2ccc3sc(B(O)O)cc3c2)c1,6.39,experimental,,,boric_acid,,2026-06-26T20:28:47.335581+00:00
FIXED_chembl26.sdf,6874,OB(O)c1cc2cc(Cn3ccnc3)ccc2s1,6.39,experimental,,,boric_acid,,2026-06-26T20:28:48.612739+00:00
FIXED_chembl26.sdf,6875,O=C(O)CNCc1ccc2sc(B(O)O)cc2c1,6.39,experimental,,,boric_acid,,2026-06-26T20:28:49.913619+00:00
FIXED_chembl26.sdf,6876,OB(O)c1cc2cc(CNc3ccc(N4CCOCC4)cc3)ccc2s1,6.39,experimental,,,boric_acid,,2026-06-26T20:28:52.974122+00:00
FIXED_chembl26.sdf,6877,O=C(O)c1cccc(NCc2ccc3sc(B(O)O)cc3c2)c1,6.39,experimental,,,carboxylic_acid,,2026-06-26T20:28:57.799316+00:00
FIXED_chembl26.sdf,6878,CC(=O)c1ccc(NCc2ccc3sc(B(O)O)cc3c2)cc1,6.39,experimental,,,boric_acid,,2026-06-26T20:29:00.174711+00:00
FIXED_chembl26.sdf,6879,OB(O)c1cccc(NCc2ccc3sc(B(O)O)cc3c2)c1,6.39,experimental,,,boric_acid,,2026-06-26T20:29:02.448595+00:00
FIXED_chembl26.sdf,6880,OB(O)c1cc2cc(CN3CCNCC3)ccc2s1,6.39,experimental,,,boric_acid,,2026-06-26T20:29:05.793871+00:00
FIXED_chembl26.sdf,6881,OCCN(CCO)Cc1ccc2sc(B(O)O)cc2c1,6.39,experimental,,,boric_acid,,2026-06-26T20:29:07.331918+00:00
FIXED_chembl26.sdf,6882,COc1ccc(NCc2ccc3sc(B(O)O)cc3c2)cc1OC,6.39,experimental,,,boric_acid,,2026-06-26T20:29:08.322176+00:00
FIXED_chembl26.sdf,6883,OB(O)c1cc2cc(CSc3ccccc3)ccc2s1,6.39,experimental,,,boric_acid,,2026-06-26T20:29:10.043133+00:00
FIXED_chembl26.sdf,6884,OB(O)c1cc2cc(COCc3ccccc3)ccc2s1,6.39,experimental,,,boric_acid,,2026-06-26T20:29:11.813470+00:00
FIXED_chembl26.sdf,6885,OB(O)c1cc2cc(COc3ccc(Cl)c(Cl)c3)ccc2s1,6.39,experimental,,,boric_acid,,2026-06-26T20:29:13.075048+00:00
FIXED_chembl26.sdf,6886,OB(O)c1cc2cc(COc3ccccc3)ccc2s1,6.39,experimental,,,boric_acid,,2026-06-26T20:29:14.461196+00:00
FIXED_chembl26.sdf,6887,OB(O)c1cc2cc(CNc3ccc(Cl)c(Cl)c3)ccc2s1,6.39,experimental,,,boric_acid,,2026-06-26T20:29:15.703981+00:00
FIXED_chembl26.sdf,6888,OB(O)c1cc2cc(CNc3ccc(C(O)(C(F)(F)F)C(F)(F)F)cc3)ccc2s1,6.39,experimental,,,boric_acid,,2026-06-26T20:29:17.275011+00:00
FIXED_chembl26.sdf,6889,O=[N+]([O-])c1cccc(NCc2ccc3sc(B(O)O)cc3c2)c1,6.39,experimental,,,boric_acid,,2026-06-26T20:29:18.575781+00:00
FIXED_chembl26.sdf,6890,Nc1ccc2sc(B(O)O)cc2c1,6.39,experimental,,,boric_acid,,2026-06-26T20:29:19.779067+00:00
FIXED_chembl26.sdf,6891,O=CN(C=O)Cc1ccc2sc(B(O)O)cc2c1,6.39,experimental,,,boric_acid,,2026-06-26T20:29:21.337706+00:00
FIXED_chembl26.sdf,6892,OB(O)c1cc2cc(O)ccc2s1,6.39,experimental,,,boric_acid,,2026-06-26T20:29:22.686066+00:00
FIXED_chembl26.sdf,6893,OB(O)c1cc2cc(Br)ccc2s1,6.39,experimental,,,boric_acid,,2026-06-26T20:29:24.466853+00:00
FIXED_chembl26.sdf,6894,Cc1ccc2sc(B(O)O)cc2c1,6.39,experimental,,,boric_acid,,2026-06-26T20:29:26.398664+00:00
FIXED_chembl26.sdf,6895,O=CNCc1ccc2sc(B(O)O)cc2c1,6.39,experimental,,,boric_acid,,2026-06-26T20:29:27.384007+00:00
FIXED_chembl26.sdf,6900,CC(C)N1C[C@H](C(=O)Nc2ccc(Cl)cn2)[C@@H](C(=O)Nc2ccc(-n3ccccc3=O)cc2F)C1,7.55,experimental,,,tertiary_amine,,2026-06-26T20:29:36.190741+00:00
FIXED_chembl26.sdf,6906,COc1ccccc1N1CCN(CCCNC(=O)c2ccc(-n3ccnc3)cc2)CC1,7.53,experimental,,,tertiary_amine,,2026-06-26T20:29:49.351754+00:00
FIXED_chembl26.sdf,6907,COc1ccccc1N1CCN(CCCNC(=O)c2ccc3nonc3c2)CC1,7.43,experimental,,,tertiary_amine,,2026-06-26T20:29:51.632462+00:00
FIXED_chembl26.sdf,6908,COc1cccc(N2CCN(CCCCNC(=O)c3ccc(-n4ccnc4)cc3)CC2)c1,7.59,experimental,,,tertiary_amine,,2026-06-26T20:29:53.143610+00:00
FIXED_chembl26.sdf,6909,COc1cccc(N2CCN(CCCCNC(=O)c3ccc4nonc4c3)CC2)c1,7.44,experimental,,,tertiary_amine,,2026-06-26T20:29:54.263270+00:00
FIXED_chembl26.sdf,6910,COc1ccc(N2CCN(CCCCNC(=O)c3ccc(-n4ccnc4)cc3)CC2)cc1,7.64,experimental,,,tertiary_amine,,2026-06-26T20:29:56.718604+00:00
FIXED_chembl26.sdf,6911,COc1ccc(N2CCN(CCCCNC(=O)c3ccc4nonc4c3)CC2)cc1,7.51,experimental,,,tertiary_amine,,2026-06-26T20:29:58.114753+00:00
FIXED_chembl26.sdf,6912,O=C(NCCCCN1CCN(c2ccccc2OCCF)CC1)c1ccc(-n2ccnc2)cc1,7.74,experimental,,,tertiary_amine,,2026-06-26T20:29:59.517967+00:00
FIXED_chembl26.sdf,6913,O=C(NCCCCN1CCN(c2ccccc2OCCF)CC1)c1ccc2nonc2c1,7.78,experimental,,,tertiary_amine,,2026-06-26T20:30:00.752695+00:00
FIXED_chembl26.sdf,6914,O=C(NCCCCN1CCN(c2cccc(OCCF)c2)CC1)c1ccc(-n2ccnc2)cc1,7.56,experimental,,,tertiary_amine,,2026-06-26T20:30:01.911280+00:00
FIXED_chembl26.sdf,6915,O=C(NCCCCN1CCN(c2cccc(OCCF)c2)CC1)c1ccc2nonc2c1,7.47,experimental,,,tertiary_amine,,2026-06-26T20:30:02.884772+00:00
FIXED_chembl26.sdf,6916,COc1cc(F)cc(N2CCN(CCCCNC(=O)c3ccc(-n4ccnc4)cc3)CC2)c1,7.52,experimental,,,tertiary_amine,,2026-06-26T20:30:03.993409+00:00
FIXED_chembl26.sdf,6917,COc1cc(F)cc(N2CCN(CCCCNC(=O)c3ccc4nonc4c3)CC2)c1,7.34,experimental,,,tertiary_amine,,2026-06-26T20:30:06.431429+00:00
FIXED_chembl26.sdf,6918,CCCS(=O)(=O)n1c2c(c3cc(C(=O)N4CCC(C)CC4)ccc31)CN(C1CCOCC1)CC2,7.3,experimental,,,tertiary_amine,,2026-06-26T20:30:08.384970+00:00
FIXED_chembl26.sdf,6919,CCS(=O)(=O)n1c2c(c3cc(C(=O)N4CCC(C)CC4)ccc31)CN(C1CCOCC1)CC2,6.9,experimental,,,tertiary_amine,,2026-06-26T20:30:10.305510+00:00
FIXED_chembl26.sdf,6920,CCCS(=O)(=O)n1c2c(c3cc(C(=O)N4CCC(C)CC4)ccc31)CN(C1CCOC1)CC2,5.8,experimental,,,tertiary_amine,,2026-06-26T20:30:12.879306+00:00
FIXED_chembl26.sdf,6928,Oc1onc2c1CNCC2,3.0,experimental,,,isoxazolidine,,2026-06-26T20:30:31.829839+00:00
FIXED_chembl26.sdf,6929,Oc1onc2c1CCNCC2,3.3,experimental,,,isoxazolidine,,2026-06-26T20:30:33.888694+00:00
FIXED_chembl26.sdf,6930,Oc1noc2c1CCNCC2,4.8,experimental,,,isoxazolidine,,2026-06-26T20:30:35.598816+00:00
FIXED_chembl26.sdf,6932,Oc1noc2c1CCNCC2,9.2,experimental,,,secondary_amine,,2026-06-26T20:30:37.174271+00:00
FIXED_chembl26.sdf,6933,Oc1onc2c1CCCNC2,2.5,experimental,,,isoxazolidine,,2026-06-26T20:30:40.385477+00:00
FIXED_chembl26.sdf,6934,Oc1onc2c1CNCCC2,2.6,experimental,,,isoxazolidine,,2026-06-26T20:30:41.630141+00:00
FIXED_chembl26.sdf,6935,CN(C)Cc1cc(NS(C)(=O)=O)ccc1Oc1ccc(C(F)(F)F)cc1,9.0,experimental,,,tertiary_amine,,2026-06-26T20:30:44.303076+00:00
FIXED_chembl26.sdf,6936,CN[C@H]1CC[C@@H](c2ccc(Cl)c(Cl)c2)c2ccc(S(N)(=O)=O)cc21,8.5,experimental,,,secondary_amine,,2026-06-26T20:30:47.347827+00:00
FIXED_chembl26.sdf,6937,CN[C@H]1CC[C@@H](c2ccc(Cl)c(Cl)c2)c2ccc(S(N)(=O)=O)cc21,8.4,experimental,,,secondary_amine,,2026-06-26T20:30:48.502116+00:00
FIXED_chembl26.sdf,6939,C[C@H]1[C@H](NC(=O)/C(=N\OC(C)(C)C(=O)O)c2csc(N)n2)C(=O)N1S(=O)(=O)O,2.75,experimental,,,carboxylic_acid,,2026-06-26T20:31:13.404850+00:00
FIXED_chembl26.sdf,6940,Cc1nnc(SCC2=C(C(=O)O)N3C(=O)[C@@H](NC(=O)Cn4cnnn4)[C@H]3SC2)s1,2.1,experimental,,,carboxylic_acid,,2026-06-26T20:31:15.008008+00:00
FIXED_chembl26.sdf,6959,CCn1cc(C(=O)O)c(=O)c2cc(F)c(N3CCNC(C)C3)c(F)c21,5.99,experimental,,,carboxylic_acid,,2026-06-26T20:32:32.518488+00:00
FIXED_chembl26.sdf,6961,CCCCN1CCCCC1C(=O)Nc1c(C)cccc1C,8.16,experimental,,,tertiary_amine,,2026-06-26T20:32:39.169145+00:00
FIXED_chembl26.sdf,6976,C[C@H]1COC(N)=N[C@]1(C)c1cc(NC(=O)c2ccc(C#N)cn2)ccc1F,10.4,experimental,,,amidine,,2026-06-26T20:33:50.285005+00:00
FIXED_chembl26.sdf,6977,C[C@@H]1COC(N)=N[C@]1(C)c1cc(NC(=O)c2ccc(C#N)cn2)ccc1F,9.8,experimental,,,amidine,,2026-06-26T20:33:52.110238+00:00
FIXED_chembl26.sdf,6978,C[C@]1(c2cc(NC(=O)c3ccc(C#N)cn3)ccc2F)N=C(N)O[C@@H](CF)[C@@H]1F,7.1,experimental,,,amidine,,2026-06-26T20:33:54.005591+00:00
FIXED_chembl26.sdf,6979,C[C@]1(c2cc(NC(=O)c3ccc(C#N)cn3)ccc2F)N=C(N)O[C@H](CF)[C@@H]1F,7.3,experimental,,,amidine,,2026-06-26T20:33:55.888727+00:00
FIXED_chembl26.sdf,6980,CO[C@H]1[C@@H](CF)OC(N)=N[C@]1(C)c1cc(NC(=O)c2ccc(C#N)cn2)ccc1F,7.9,experimental,,,amidine,,2026-06-26T20:33:58.474463+00:00
FIXED_chembl26.sdf,6981,COC[C@H]1OC(N)=N[C@](C)(c2cc(NC(=O)c3ccc(C#N)cn3)ccc2F)[C@H]1F,7.6,experimental,,,amidine,,2026-06-26T20:33:59.519589+00:00
FIXED_chembl26.sdf,6982,C[C@]1(c2cc(NC(=O)c3cnc(OCF)cn3)ccc2F)N=C(N)O[C@H](CF)[C@@H]1F,7.4,experimental,,,amidine,,2026-06-26T20:34:00.936832+00:00
FIXED_chembl26.sdf,6983,CC(F)(F)[C@H]1OC(N)=N[C@](C)(c2cc(NC(=O)c3cnc(OCF)cn3)ccc2F)[C@H]1F,6.5,experimental,,,amidine,,2026-06-26T20:34:02.289267+00:00
FIXED_chembl26.sdf,6984,C[C@]1(c2cc(NC(=O)c3cnc(OCF)cn3)ccc2F)N=C(N)O[C@H](C2(F)CC2)[C@@H]1F,7.2,experimental,,,amidine,,2026-06-26T20:34:03.353398+00:00
FIXED_chembl26.sdf,6985,C[C@H](F)[C@H]1OC(N)=N[C@](C)(c2cc(NC(=O)c3cnc(OCF)cn3)ccc2F)[C@H]1F,7.1,experimental,,,amidine,,2026-06-26T20:34:04.344043+00:00
FIXED_chembl26.sdf,6986,C[C@@H](F)[C@H]1OC(N)=N[C@](C)(c2cc(NC(=O)c3cnc(OCF)cn3)ccc2F)[C@H]1F,7.2,experimental,,,amidine,,2026-06-26T20:34:05.536730+00:00
FIXED_chembl26.sdf,6990,N#Cc1ccc(Nc2nc(N)nc(Oc3c(Cl)cccc3Cl)n2)cc1,1.9,experimental,,,10,manual,2026-06-26T20:34:34.056820+00:00
FIXED_chembl26.sdf,7007,Cc1cc(OC(F)(F)F)ccc1-c1c(Oc2ccc(/C=C/C(=O)O)cc2)c2ccc(O)cc2oc1=O,8.2,experimental,,,phenol,,2026-06-26T20:35:26.148397+00:00
FIXED_chembl26.sdf,7013,CCCCc1cc(OC2CCN(CCS(=O)(=O)CC)CC2)c2ncccc2c1.Cl.Cl,6.5,experimental,,,quinoline,,2026-06-26T20:35:40.923026+00:00
FIXED_chembl26.sdf,7022,CC(=O)Nc1cc(-c2cccc(N3CCN(C)CC3)n2)nc(-n2nc(C)cc2C)n1,7.6,experimental,,,tertiary_amine,,2026-06-26T20:36:10.226086+00:00
FIXED_chembl26.sdf,7023,COc1c(OCC(O)CNC(=N)N)cc2oc3cc(OCC(O)CNC(=N)N)c(CC=C(C)C)c(O)c3c(=O)c2c1CC=C(C)C,12.48,experimental,,,guanidine,,2026-06-26T20:36:13.310986+00:00
FIXED_chembl26.sdf,7024,COc1c(OCC(O)CN2CCCC2)cc2oc3cc(OCC(O)CN4CCCC4)c(CC=C(C)C)c(O)c3c(=O)c2c1CC=C(C)C,11.27,experimental,,,tertiary_amine,,2026-06-26T20:36:16.021226+00:00
FIXED_chembl26.sdf,7025,COc1c(OCC(O)CN2CCCCC2)cc2oc3cc(OCC(O)CN4CCCCC4)c(CC=C(C)C)c(O)c3c(=O)c2c1CC=C(C)C,11.22,experimental,,,tertiary_amine,,2026-06-26T20:36:17.189067+00:00
FIXED_chembl26.sdf,7026,COc1c(OCC(O)CN2CCNCC2)cc2oc3cc(OCC(O)CN4CCNCC4)c(CC=C(C)C)c(O)c3c(=O)c2c1CC=C(C)C,9.55,experimental,,,tertiary_amine,,2026-06-26T20:36:19.876105+00:00
FIXED_chembl26.sdf,7027,COc1c(OCC(O)CN)cc2oc3cc(OCC(O)CN)c(CC=C(C)C)c(O)c3c(=O)c2c1CC=C(C)C,10.54,experimental,,,primary_amine,,2026-06-26T20:36:21.978540+00:00
FIXED_chembl26.sdf,7028,COC(=O)CC1c2ccc(Cl)cc2NC(=O)C1C#N,10.2,experimental,,,amide_secondary,,2026-06-26T20:36:52.946443+00:00
FIXED_chembl26.sdf,7029,COC(=O)CC1c2ccc(Cl)cc2NC(=O)C1S(=O)(=O)c1ccccc1,10.8,experimental,,,thiophenol,,2026-06-26T20:38:12.394951+00:00
FIXED_chembl26.sdf,7030,COC(=O)CC1c2ccc(Cl)cc2NC(=O)C1S(=O)(=O)c1ccc([N+](=O)[O-])cc1,9.9,experimental,,,thiophenol,,2026-06-26T20:38:14.203112+00:00
FIXED_chembl26.sdf,7038,COc1ccc(NC(=O)C2=CCN(C)CC2)cc1Nc1ncc(Cl)c(-c2cnn3ccccc23)n1,7.4,experimental,,,tertiary_amine,,2026-06-26T20:38:18.341362+00:00
FIXED_chembl26.sdf,7039,COc1ccc(NC(=O)C2=CCCN(C)C2)cc1Nc1ncc(Cl)c(-c2cnn3ccccc23)n1,7.9,experimental,,,tertiary_amine,,2026-06-26T20:38:19.912809+00:00
FIXED_chembl26.sdf,7040,COc1ccc(NC(=O)/C=C/CN(C)C)cc1Nc1ncc(Cl)c(-c2cnn3ccccc23)n1,7.8,experimental,,,tertiary_amine,,2026-06-26T20:38:21.228822+00:00
FIXED_chembl26.sdf,7058,N=C(N)Sc1c[nH]c2ccccc12,9.5,experimental,,,amidine,,2026-06-26T20:38:52.121736+00:00
FIXED_chembl26.sdf,7061,CCNC(=O)Nc1cc2c(-c3ccncc3)ccc(CNC(=O)OCCNCC(C)(C)C)c2cn1,8.7,experimental,,,secondary_amine,,2026-06-26T20:39:01.967565+00:00
FIXED_chembl26.sdf,7062,CCNC(=O)Nc1cc2c(-c3ccncc3)ccc(CNC(=O)OCCNC)c2cn1,9.0,experimental,,,secondary_amine,,2026-06-26T20:39:05.706363+00:00
FIXED_chembl26.sdf,7064,CCNC(=O)Nc1cc2c(-c3ccnc(C)c3)ccc(COC(=O)N3CCNCC3)c2cn1,8.1,experimental,,,secondary_amine,,2026-06-26T20:39:09.892033+00:00
FIXED_chembl26.sdf,7066,CCNC(=O)Nc1cc2c(-c3ccnc(C)c3)ccc(COC(=O)N3CCN(CC4CC4)CC3)c2cn1.Cl,7.4,experimental,,,tertiary_amine,,2026-06-26T20:39:14.161163+00:00
FIXED_chembl26.sdf,7067,CCNC(=O)Nc1cc2c(-c3ccnc(C)c3)ccc(COC(=O)NC3CCNCC3)c2cn1,9.8,experimental,,,secondary_amine,,2026-06-26T20:39:15.491970+00:00
FIXED_chembl26.sdf,7068,CCNC(=O)Nc1cc2c(-c3ccnc(C)c3)ccc(COC(=O)N[C@@H]3CCNC[C@@H]3F)c2cn1,8.1,experimental,,,secondary_amine,,2026-06-26T20:39:16.905221+00:00
FIXED_chembl26.sdf,7069,CCNC(=O)Nc1cc2c(-c3ccnc(C)c3)ccc(COC(=O)N[C@@H]3CCNC[C@H]3F)c2cn1,7.7,experimental,,,secondary_amine,,2026-06-26T20:39:17.800407+00:00
FIXED_chembl26.sdf,7070,C[C@H]1SC(N)=N[C@@]2(c3ccc(F)cc3F)CO[C@@H](c3cnn(C)c3)C[C@@H]12,7.8,experimental,,,amidine,,2026-06-26T20:39:19.865480+00:00
FIXED_chembl26.sdf,7071,Cc1cc([C@H]2C[C@H]3[C@@H](C)SC(N)=N[C@@]3(c3ccc(F)cc3F)CO2)on1,7.7,experimental,,,amidine,,2026-06-26T20:39:20.947640+00:00
FIXED_chembl26.sdf,7072,Cc1coc([C@H]2C[C@H]3[C@@H](C)SC(N)=N[C@@]3(c3ccc(F)cc3F)CO2)n1,7.8,experimental,,,amidine,,2026-06-26T20:39:23.448853+00:00
FIXED_chembl26.sdf,7073,Cc1coc([C@H]2C[C@H]3[C@@H](CF)SC(N)=N[C@@]3(c3ccc(F)cc3F)CO2)n1,7.0,experimental,,,amidine,,2026-06-26T20:39:24.514722+00:00
FIXED_chembl26.sdf,7074,Cc1cc([C@H]2C[C@H]3[C@@H](CF)SC(N)=N[C@@]3(c3ccc(F)cc3F)CO2)on1,7.0,experimental,,,amidine,,2026-06-26T20:39:25.658465+00:00
FIXED_chembl26.sdf,7075,Cn1cc([C@H]2C[C@H]3[C@@H](CF)SC(N)=N[C@@]3(c3ccc(F)cc3F)CO2)cn1,7.2,experimental,,,amidine,,2026-06-26T20:39:26.661916+00:00
FIXED_chembl26.sdf,7076,O=C1[C@H](NC[C@H](O)c2ccc(F)cc2)[C@@H](c2ccc(O)cc2)N1c1ccc(F)cc1,9.35,experimental,,,secondary_amine,,2026-06-26T20:39:28.680685+00:00
FIXED_chembl26.sdf,7077,O=C1[C@H](NC[C@@H](O)c2ccc(F)cc2)[C@@H](c2ccc(O)cc2)N1c1ccc(F)cc1,9.35,experimental,,,secondary_amine,,2026-06-26T20:39:30.234946+00:00
FIXED_chembl26.sdf,7078,O=C(O)CN(CCN(CC(=O)O)[C@@H]1CCCC[C@H]1N(CC(=O)O)CC(=O)O)CC(=O)O,12.3,experimental,,,tertiary_amine,,2026-06-26T20:39:34.347116+00:00
FIXED_chembl26.sdf,7079,O=C(O)CN(CCN(CC(=O)O)[C@@H]1CCCC[C@H]1N(CC(=O)O)CC(=O)O)CC(=O)O,9.24,experimental,,,tertiary_amine,,2026-06-26T20:39:36.403102+00:00
FIXED_chembl26.sdf,7080,O=C(O)CN(CCN(CC(=O)O)[C@@H]1CCCC[C@H]1N(CC(=O)O)CC(=O)O)CC(=O)O,5.23,experimental,,,tertiary_amine,,2026-06-26T20:39:37.239453+00:00
FIXED_chembl26.sdf,7081,O=C(O)CN(CCN(CC(=O)O)[C@@H]1CCCC[C@H]1N(CC(=O)O)CC(=O)O)CC(=O)O,3.32,experimental,,,tertiary_amine,,2026-06-26T20:39:38.257152+00:00
FIXED_chembl26.sdf,7082,O=C(O)CN(CCN(CC(=O)O)[C@@H]1CCCC[C@H]1N(CC(=O)O)CC(=O)O)CC(=O)O,2.18,experimental,,,carboxylic_acid,,2026-06-26T20:39:47.329994+00:00
FIXED_chembl26.sdf,7083,O=C(O)CN(CC(=O)O)[C@H](Cc1ccc([N+](=O)[O-])cc1)CN(CC(=O)O)[C@@H]1CCCC[C@H]1N(CC(=O)O)CC(=O)O,12.3,experimental,,,tertiary_amine,,2026-06-26T20:39:52.003038+00:00
FIXED_chembl26.sdf,7084,O=C(O)CN(CC(=O)O)[C@H](Cc1ccc([N+](=O)[O-])cc1)CN(CC(=O)O)[C@@H]1CCCC[C@H]1N(CC(=O)O)CC(=O)O,9.21,experimental,,,tertiary_amine,,2026-06-26T20:39:54.377875+00:00
FIXED_chembl26.sdf,7088,CC(CN(CC(=O)O)CC(Cc1ccc([N+](=O)[O-])cc1)N(CC(=O)O)CC(=O)O)N(CC(=O)O)CC(=O)O,11.31,experimental,,,tertiary_amine,,2026-06-26T20:40:02.787371+00:00
FIXED_chembl26.sdf,7089,CC(CN(CC(=O)O)CC(Cc1ccc([N+](=O)[O-])cc1)N(CC(=O)O)CC(=O)O)N(CC(=O)O)CC(=O)O,8.8,experimental,,,tertiary_amine,,2026-06-26T20:40:04.253164+00:00
FIXED_chembl26.sdf,7093,O=C(O)CN(CCN(CC(=O)O)C(Cc1ccc([N+](=O)[O-])cc1)CN(CC(=O)O)CC(=O)O)CC(=O)O,10.75,experimental,,,tertiary_amine,,2026-06-26T20:40:11.483450+00:00
FIXED_chembl26.sdf,7094,O=C(O)CN(CCN(CC(=O)O)C(Cc1ccc([N+](=O)[O-])cc1)CN(CC(=O)O)CC(=O)O)CC(=O)O,8.57,experimental,,,tertiary_amine,,2026-06-26T20:40:15.026327+00:00
FIXED_chembl26.sdf,7098,CC(CN(CC(=O)O)CC(=O)O)N(CC(=O)O)CC(Cc1ccc([N+](=O)[O-])cc1)N(CC(=O)O)CC(=O)O,11.46,experimental,,,tertiary_amine,,2026-06-26T20:40:20.142260+00:00
FIXED_chembl26.sdf,7099,CC(CN(CC(=O)O)CC(=O)O)N(CC(=O)O)CC(Cc1ccc([N+](=O)[O-])cc1)N(CC(=O)O)CC(=O)O,9.07,experimental,,,tertiary_amine,,2026-06-26T20:40:22.040243+00:00
FIXED_chembl26.sdf,7103,O=C(O)CN(CCN(CC(=O)O)CC(Cc1ccc([N+](=O)[O-])cc1)N(CC(=O)O)CC(=O)O)CC(=O)O,11.16,experimental,,,tertiary_amine,,2026-06-26T20:40:28.187003+00:00
FIXED_chembl26.sdf,7104,O=C(O)CN(CCN(CC(=O)O)CC(Cc1ccc([N+](=O)[O-])cc1)N(CC(=O)O)CC(=O)O)CC(=O)O,8.3,experimental,,,tertiary_amine,,2026-06-26T20:40:29.547873+00:00
FIXED_chembl26.sdf,7108,O=C(O)CN(CC(=O)O)[C@@H](Cc1ccc([N+](=O)[O-])cc1)CN(CC(=O)O)[C@@H]1CCCC[C@H]1N(CC(=O)O)CC(=O)O,12.3,experimental,,,tertiary_amine,,2026-06-26T20:40:34.880472+00:00
FIXED_chembl26.sdf,7109,O=C(O)CN(CC(=O)O)[C@@H](Cc1ccc([N+](=O)[O-])cc1)CN(CC(=O)O)[C@@H]1CCCC[C@H]1N(CC(=O)O)CC(=O)O,8.99,experimental,,,tertiary_amine,,2026-06-26T20:40:37.220470+00:00
FIXED_chembl26.sdf,7117,COc1cc2ncnc(Nc3cccc(Cl)c3F)c2cc1CN(C)C1(C(N)=O)CCN(C(C)C)CC1,9.1,experimental,,,tertiary_amine,,2026-06-26T20:40:50.683289+00:00
FIXED_chembl26.sdf,7118,COc1cc2ncnc(Nc3cccc(Cl)c3F)c2cc1CN(C)C1(C(N)=O)CCN(C)CC1,8.3,experimental,,,tertiary_amine,,2026-06-26T20:40:52.131560+00:00
FIXED_chembl26.sdf,7120,COc1ccc2ncc(=O)n(CCN3CC[C@@H](NCc4ccc5c(n4)NC(=O)CO5)[C@H](OC)C3)c2c1,7.45,experimental,,,tertiary_amine,,2026-06-26T20:40:58.504627+00:00
FIXED_chembl26.sdf,7121,COc1ccc2ncc(=O)n(CCN3CC[C@H](NCc4cc5c(cn4)OCCO5)[C@@H](OC)C3)c2c1,7.0,experimental,,,tertiary_amine,,2026-06-26T20:41:00.629357+00:00
FIXED_chembl26.sdf,7122,CO[C@@H]1CN(CCn2c(=O)ccc3ccc(C#N)cc32)CC[C@H]1NCc1ccc2c(n1)NC(=O)CO2,7.53,experimental,,,tertiary_amine,,2026-06-26T20:41:02.196776+00:00
FIXED_chembl26.sdf,7123,CO[C@H]1CN(CCn2c(=O)ccc3ccc(C#N)cc32)CC[C@@H]1NCc1cc2c(cn1)OCCO2,7.25,experimental,,,tertiary_amine,,2026-06-26T20:41:03.353214+00:00
FIXED_chembl26.sdf,7124,COc1ccc2ncc(=O)n(CCN3CC[C@@H](NCc4ccc5c(n4)NC(=O)CO5)[C@@H](OC)C3)c2c1,8.17,experimental,,,tertiary_amine,,2026-06-26T20:41:04.964982+00:00
FIXED_chembl26.sdf,7125,COc1ccc2ncc(=O)n(CCN3CC[C@@H](NCc4cc5c(cn4)OCCO5)[C@@H](OC)C3)c2c1,8.01,experimental,,,tertiary_amine,,2026-06-26T20:41:06.061375+00:00
FIXED_chembl26.sdf,7126,CO[C@H]1CN(CCn2c(=O)ccc3ccc(C#N)cc32)CC[C@H]1NCc1cc2c(cn1)OCCO2,7.99,experimental,,,tertiary_amine,,2026-06-26T20:41:08.035737+00:00
FIXED_chembl26.sdf,7127,COc1ccc2ncc(=O)n(CCN3CC[C@@H](NCc4cc5c(cn4)OCCO5)[C@H](O)C3)c2c1,7.4,experimental,,,tertiary_amine,,2026-06-26T20:41:09.561436+00:00
FIXED_chembl26.sdf,7128,COc1ccc2ncc(=O)n(CCN3CC[C@@H](NCc4cc5c(cn4)OCCO5)[C@@H](O)C3)c2c1,7.97,experimental,,,tertiary_amine,,2026-06-26T20:41:11.172484+00:00
FIXED_chembl26.sdf,7129,N#Cc1ccc2ccc(=O)n(CCN3CC[C@H](NCc4cc5c(cn4)OCCO5)[C@H](O)C3)c2c1,8.0,experimental,,,tertiary_amine,,2026-06-26T20:41:12.187973+00:00
FIXED_chembl26.sdf,7130,COc1ccc2ncc(=O)n(CCN3CC[C@H](NCc4ccc5c(n4)NC(=O)CO5)[C@@H](F)C3)c2c1,6.86,experimental,,,tertiary_amine,,2026-06-26T20:41:16.588770+00:00
FIXED_chembl26.sdf,7133,N#Cc1ccc2ccc(=O)n(CCN3CC[C@@H](NCc4ccc5c(n4)NC(=O)CO5)[C@@H](F)C3)c2c1,7.28,experimental,,,tertiary_amine,,2026-06-26T20:41:22.007426+00:00
FIXED_chembl26.sdf,7134,N#Cc1ccc2ccc(=O)n(CCN3CC[C@H](NCc4cc5c(cn4)OCCO5)[C@H](F)C3)c2c1,7.03,experimental,,,tertiary_amine,,2026-06-26T20:41:23.234638+00:00
FIXED_chembl26.sdf,7135,COc1ccc2ncc(=O)n(CCN3CCC(NCc4ccc5c(n4)NC(=O)CO5)CC3)c2c1,8.42,experimental,,,tertiary_amine,,2026-06-26T20:41:24.487085+00:00
FIXED_chembl26.sdf,7136,N#Cc1ccc2ccc(=O)n(CCN3CCC(NCc4cc5c(cn4)OCCO5)CC3)c2c1,8.27,experimental,,,tertiary_amine,,2026-06-26T20:41:25.578801+00:00
FIXED_chembl26.sdf,7137,Cc1[nH]c(/C=C2\C(=O)Nc3ccc(C(=O)N[C@H](Cc4ccccc4)C(=O)O)cc32)c(C)c1C(=O)N[C@@H](Cc1ccccc1)C(=O)O,3.0,experimental,,,carboxylic_acid,,2026-06-26T20:41:29.502097+00:00
FIXED_chembl26.sdf,7138,COC(=O)[C@H](Cc1ccccc1)NC(=O)c1c(C)[nH]c(/C=C2\C(=O)Nc3ccc(C(=O)O)cc32)c1C,4.61,experimental,,,carboxylic_acid,,2026-06-26T20:41:31.211475+00:00
FIXED_chembl26.sdf,7139,COC(=O)CC[C@@H](NC(=O)c1ccc2c(c1)/C(=C/c1[nH]c(C)c(C(=O)O)c1C)C(=O)N2)C(=O)OC,5.47,experimental,,,carboxylic_acid,,2026-06-26T20:41:32.708875+00:00
FIXED_chembl26.sdf,7140,COC(=O)c1ccc2c(c1)/C(=C/c1[nH]c(C)c(C(=O)N[C@@H](Cc3ccccc3)C(=O)O)c1C)C(=O)N2,3.0,experimental,,,carboxylic_acid,,2026-06-26T20:41:34.296115+00:00
FIXED_chembl26.sdf,7141,COC(=O)[C@@H](Cc1ccccc1)NC(=O)c1ccc2c(c1)/C(=C/c1[nH]c(C)c(C(=O)N[C@@H](Cc3ccccc3)C(=O)O)c1C)C(=O)N2,3.0,experimental,,,carboxylic_acid,,2026-06-26T20:41:35.413967+00:00
FIXED_chembl26.sdf,7142,COC(=O)CC[C@H](NC(=O)c1c(C)[nH]c(/C=C2\C(=O)Nc3ccc(C(=O)N[C@H](Cc4ccccc4)C(=O)O)cc32)c1C)C(=O)OC,3.01,experimental,,,carboxylic_acid,,2026-06-26T20:41:37.649920+00:00
FIXED_chembl26.sdf,7143,COC(=O)CC[C@H](NC(=O)c1ccc2c(c1)/C(=C/c1[nH]c(C)c(C(=O)N[C@@H](Cc3ccccc3)C(=O)O)c1C)C(=O)N2)C(=O)OC,3.04,experimental,,,carboxylic_acid,,2026-06-26T20:41:39.127308+00:00
FIXED_chembl26.sdf,7144,Cc1[nH]c(/C=C2\C(=O)Nc3ccccc32)c(C)c1CCC(=O)O,4.1,experimental,,,carboxylic_acid,,2026-06-26T20:41:41.788416+00:00
FIXED_chembl26.sdf,7145,CC(C)(CCC(CO[N+](=O)[O-])O[N+](=O)[O-])C(=O)Oc1ccccc1C(=O)O,3.69,experimental,,,carboxylic_acid,,2026-06-26T20:42:43.863747+00:00
FIXED_chembl26.sdf,7146,O=C(CCCCC(CO[N+](=O)[O-])O[N+](=O)[O-])Oc1ccccc1C(=O)O,3.69,experimental,,,carboxylic_acid,,2026-06-26T20:42:45.237465+00:00
FIXED_chembl26.sdf,7147,O=C(CCCC(CO[N+](=O)[O-])O[N+](=O)[O-])Oc1ccccc1C(=O)O,3.69,experimental,,,carboxylic_acid,,2026-06-26T20:42:46.466854+00:00
FIXED_chembl26.sdf,7148,O=C(CCC(CO[N+](=O)[O-])O[N+](=O)[O-])Oc1ccccc1C(=O)O,3.69,experimental,,,carboxylic_acid,,2026-06-26T20:42:47.906628+00:00
FIXED_chembl26.sdf,7149,O=C(CC(CO[N+](=O)[O-])O[N+](=O)[O-])Oc1ccccc1C(=O)O,3.69,experimental,,,carboxylic_acid,,2026-06-26T20:42:49.065930+00:00
FIXED_chembl26.sdf,7150,CC(C)(CO[N+](=O)[O-])C(=O)Oc1ccccc1C(=O)O,3.69,experimental,,,carboxylic_acid,,2026-06-26T20:42:50.276234+00:00
FIXED_chembl26.sdf,7151,O=C(CCCCCCO[N+](=O)[O-])Oc1ccccc1C(=O)O,3.69,experimental,,,carboxylic_acid,,2026-06-26T20:42:51.446526+00:00
FIXED_chembl26.sdf,7152,O=C(CCCCCO[N+](=O)[O-])Oc1ccccc1C(=O)O,3.69,experimental,,,carboxylic_acid,,2026-06-26T20:42:52.548209+00:00
FIXED_chembl26.sdf,7153,O=C(CCCCO[N+](=O)[O-])Oc1ccccc1C(=O)O,3.69,experimental,,,carboxylic_acid,,2026-06-26T20:42:53.666608+00:00
FIXED_chembl26.sdf,7154,O=C(CCCO[N+](=O)[O-])Oc1ccccc1C(=O)O,3.69,experimental,,,carboxylic_acid,,2026-06-26T20:42:54.951939+00:00
FIXED_chembl26.sdf,7155,O=C(CCO[N+](=O)[O-])Oc1ccccc1C(=O)O,3.69,experimental,,,carboxylic_acid,,2026-06-26T20:42:56.876659+00:00
FIXED_chembl26.sdf,7162,NC(Cc1ccc(O)cc1)C(=O)O,10.1,experimental,,,primary_amine,,2026-06-26T20:43:14.456269+00:00
FIXED_chembl26.sdf,7171,O=Cc1ccccc1O,8.3,experimental,,,phenol,,2026-06-26T20:43:49.444465+00:00
FIXED_chembl26.sdf,7175,Nc1ccc(O)cc1,10.3,experimental,,,phenol,,2026-06-26T20:43:56.021490+00:00
FIXED_chembl26.sdf,7181,COc1ccccc1O,9.9,experimental,,,phenol,,2026-06-26T20:43:58.245337+00:00
FIXED_chembl26.sdf,7185,COC(=O)c1ccc(O)cc1,8.5,experimental,,,phenol,,2026-06-26T20:43:59.978096+00:00
FIXED_chembl26.sdf,7187,O=[N+]([O-])c1cc([N+](=O)[O-])c(O)c([N+](=O)[O-])c1,0.8,experimental,,,aniline,,2026-06-26T20:44:25.049132+00:00
FIXED_chembl26.sdf,7188,COC(=O)c1ccccc1O,10.2,experimental,,,phenol,,2026-06-26T20:44:36.634422+00:00
FIXED_chembl26.sdf,7196,C[C@](Cc1c[nH]c2ccccc12)(NC(=O)OC1C2CC3CC(C2)CC1C3)C(=O)NC[C@@H](NC(=O)CCP(C)(=O)O)c1ccccc1,3.7,experimental,,,39,manual,2026-06-26T20:44:49.007102+00:00
FIXED_chembl26.sdf,7197,C[C@](Cc1c[nH]c2ccccc12)(NC(=O)OC1C2CC3CC(C2)CC1C3)C(=O)NC[C@@H](NC(=O)CP(C)(=O)O)c1ccccc1,3.8,experimental,,,38,manual,2026-06-26T20:45:02.148036+00:00
FIXED_chembl26.sdf,7198,C[C@](Cc1c[nH]c2ccccc12)(NC(=O)OC1C2CC3CC(C2)CC1C3)C(=O)NC[C@@H](NC(=O)CCC(=O)O)c1ccccc1,5.6,experimental,,,carboxylic_acid,,2026-06-26T20:45:13.288839+00:00
FIXED_chembl26.sdf,7207,C[C@](Cc1c[nH]c2ccccc12)(NC(=O)OC1C2CC3CC(C2)CC1C3)C(=O)NC[C@@H](NC(=O)CP(=O)(O)O)c1ccccc1,3.4,experimental,,,38,manual,2026-06-26T20:45:42.721619+00:00
FIXED_chembl26.sdf,7212,CC(C)C[C@H](N)C(=O)NCCCS(=O)(=O)Oc1ccc(C(F)(F)F)cc1,8.9,experimental,,,5,manual,2026-06-26T20:46:14.773229+00:00
FIXED_chembl26.sdf,7213,CC(C)C[C@H](N)C(=O)NCCCS(=O)(=O)Oc1ccc(Cl)cc1,9.6,experimental,,,5,manual,2026-06-26T20:46:25.288725+00:00
FIXED_chembl26.sdf,7214,Cc1ccc2cccc(OS(=O)(=O)CCCNC(=O)[C@@H](N)CC(C)C)c2n1,10.9,experimental,,,20,manual,2026-06-26T20:46:35.282148+00:00
FIXED_chembl26.sdf,7225,Cc1nn(C)c(C)c1NS(=O)(=O)c1ccc(NCCC2CCN(C)CC2)nc1,9.6,experimental,,,tertiary_amine,,2026-06-26T20:47:03.666368+00:00
FIXED_chembl26.sdf,7228,Cc1nn(C)c(C)c1NS(=O)(=O)c1ccc(NCCN2CCNCC2)nc1,9.3,experimental,,,tertiary_amine,,2026-06-26T20:47:11.240309+00:00
FIXED_chembl26.sdf,7229,CCNCc1cccnc1,8.96,experimental,,,secondary_amine,,2026-06-26T20:47:14.825715+00:00
FIXED_chembl26.sdf,7230,CCCNCc1cccnc1,8.38,experimental,,,secondary_amine,,2026-06-26T20:47:16.325503+00:00
FIXED_chembl26.sdf,7231,CC(C)NCc1cccnc1,8.46,experimental,,,secondary_amine,,2026-06-26T20:47:17.577582+00:00
FIXED_chembl26.sdf,7232,CCCCNCc1cccnc1,8.66,experimental,,,secondary_amine,,2026-06-26T20:47:18.694857+00:00
FIXED_chembl26.sdf,7233,CNCc1cccnc1,8.3,experimental,,,secondary_amine,,2026-06-26T20:47:20.860355+00:00
FIXED_chembl26.sdf,7240,c1cncc([C@@H]2CCCCN2)c1,8.48,experimental,,,secondary_amine,,2026-06-26T20:47:37.902414+00:00
FIXED_chembl26.sdf,7241,c1cncc([C@@H]2CCCCN2)c1,8.7,experimental,,,secondary_amine,,2026-06-26T20:47:39.225969+00:00
FIXED_chembl26.sdf,7242,c1cncc(C2CCCN2)c1,8.76,experimental,,,secondary_amine,,2026-06-26T20:47:40.527587+00:00
FIXED_chembl26.sdf,7243,c1cncc(C2CCCN2)c1,9.0,experimental,,,secondary_amine,,2026-06-26T20:47:41.607303+00:00
FIXED_chembl26.sdf,7244,CCN(CC)Cc1ccncc1,7.96,experimental,,,tertiary_amine,,2026-06-26T20:47:43.455139+00:00
FIXED_chembl26.sdf,7245,CCN(CC)Cc1ccccn1,8.42,experimental,,,tertiary_amine,,2026-06-26T20:47:44.433196+00:00
FIXED_chembl26.sdf,7246,c1cncc(CN2CCOCC2)c1,5.76,experimental,,,tertiary_amine,,2026-06-26T20:47:46.088569+00:00
FIXED_chembl26.sdf,7247,c1cncc(CN2CCCCC2)c1,8.16,experimental,,,tertiary_amine,,2026-06-26T20:47:47.711392+00:00
FIXED_chembl26.sdf,7248,c1cncc(CN2CCCC2)c1,8.11,experimental,,,tertiary_amine,,2026-06-26T20:47:48.878031+00:00
FIXED_chembl26.sdf,7249,CCCCN(CCCC)Cc1cccnc1,8.08,experimental,,,tertiary_amine,,2026-06-26T20:47:49.831562+00:00
FIXED_chembl26.sdf,7250,CCCN(CCC)Cc1cccnc1,8.13,experimental,,,tertiary_amine,,2026-06-26T20:47:50.919114+00:00
FIXED_chembl26.sdf,7251,CCN(CC)Cc1cccnc1,8.12,experimental,,,tertiary_amine,,2026-06-26T20:47:51.910341+00:00
FIXED_chembl26.sdf,7252,CN(C)Cc1cccnc1,7.76,experimental,,,tertiary_amine,,2026-06-26T20:47:52.951379+00:00
FIXED_chembl26.sdf,7293,COc1ccc(CCNCC(O)COc2ccc(-c3ncco3)cc2)cc1OC,8.4,experimental,,,secondary_amine,,2026-06-26T20:49:43.756604+00:00
FIXED_chembl26.sdf,7313,CC(C)C[C@H](O)[C@H](O)[C@H](CC1CCCCC1)NC(=O)[C@H](Cc1csc(N)n1)NC(=O)[C@H](Cc1ccccc1)NS(=O)(=O)N1CCOCC1,6.3,experimental,,,tertiary_amine,,2026-06-26T20:51:06.310158+00:00
FIXED_chembl26.sdf,7314,NC(/C=C\F)CCC(=O)O,9.35,experimental,,,primary_amine,,2026-06-26T20:51:09.046053+00:00
FIXED_chembl26.sdf,7315,C=C(F)C(N)CCC(=O)O,8.32,experimental,,,primary_amine,,2026-06-26T20:51:10.853687+00:00
FIXED_chembl26.sdf,7316,C#CC(N)CCC(=O)O,8.2,experimental,,,primary_amine,,2026-06-26T20:51:12.692309+00:00
FIXED_chembl26.sdf,7317,NC(CCC(=O)O)C(F)=C(F)F,7.87,experimental,,,primary_amine,,2026-06-26T20:51:13.946242+00:00
FIXED_chembl26.sdf,7318,NC(C=C(F)F)CCC(=O)O,9.32,experimental,,,primary_amine,,2026-06-26T20:51:15.113128+00:00
FIXED_chembl26.sdf,7319,C=CC(N)CCC(=O)O,9.5,experimental,,,primary_amine,,2026-06-26T20:51:16.301133+00:00
FIXED_chembl26.sdf,7324,CCOC(=O)c1c(C)n(Cc2ccccc2)c2ccc(OCCCNCc3ccc(Oc4nnnn4-c4ccccc4)c(OC)c3)cc12,7.21,experimental,,,secondary_amine,,2026-06-26T20:51:28.791073+00:00
FIXED_chembl26.sdf,7325,CCOC(=O)c1c(C)n(Cc2ccccc2)c2ccc(OCCCCNCc3ccc(Oc4nnnn4-c4ccccc4)c(OC)c3)cc12,8.2,experimental,,,secondary_amine,,2026-06-26T20:51:30.444331+00:00
FIXED_chembl26.sdf,7326,CN(C)c1ccc2nc3ccc(=[N+](C)C)cc-3sc2c1.[Cl-],0.0,experimental,,,tertiary_amine,,2026-06-26T20:51:54.546406+00:00
FIXED_chembl26.sdf,7335,CCn1cc(C(=O)O)c(=O)c2cc(F)c(N3CCN(CC(O)Cn4c([N+](=O)[O-])cnc4C)CC3)cc21,6.565,experimental,,,carboxylic_acid,,2026-06-26T20:52:24.655389+00:00
FIXED_chembl26.sdf,7336,CCn1cc(C(=O)O)c(=O)c2cc(F)c(N3CCN(CC(O)Cn4c(C)nc(N5CCCC5)c4[N+](=O)[O-])CC3)cc21,6.679,experimental,,,carboxylic_acid,,2026-06-26T20:52:26.316006+00:00
FIXED_chembl26.sdf,7337,CCn1cc(C(=O)O)c(=O)c2cc(F)c(N3CCN(CC(O)Cn4c(C)nc(N5CCCCC5)c4[N+](=O)[O-])CC3)cc21,6.754,experimental,,,carboxylic_acid,,2026-06-26T20:52:27.661143+00:00
FIXED_chembl26.sdf,7338,CCn1cc(C(=O)O)c(=O)c2cc(F)c(N3CCN(CC(O)Cn4c(C)nc(N5CCOCC5)c4[N+](=O)[O-])CC3)cc21,6.643,experimental,,,carboxylic_acid,,2026-06-26T20:52:29.194169+00:00
FIXED_chembl26.sdf,7339,Cc1ncc([N+](=O)[O-])n1CC(O)CN1CCN(c2cc3c(cc2F)c(=O)c(C(=O)O)cn3C2CC2)CC1,6.675,experimental,,,carboxylic_acid,,2026-06-26T20:52:30.713755+00:00
FIXED_chembl26.sdf,7340,Cc1nc(N2CCCC2)c([N+](=O)[O-])n1CC(O)CN1CCN(c2cc3c(cc2F)c(=O)c(C(=O)O)cn3C2CC2)CC1,6.725,experimental,,,carboxylic_acid,,2026-06-26T20:52:32.281994+00:00
FIXED_chembl26.sdf,7341,Cc1nc(N2CCCCC2)c([N+](=O)[O-])n1CC(O)CN1CCN(c2cc3c(cc2F)c(=O)c(C(=O)O)cn3C2CC2)CC1,6.898,experimental,,,carboxylic_acid,,2026-06-26T20:52:33.736279+00:00
FIXED_chembl26.sdf,7342,Cc1nc(N2CCOCC2)c([N+](=O)[O-])n1CC(O)CN1CCN(c2cc3c(cc2F)c(=O)c(C(=O)O)cn3C2CC2)CC1,6.767,experimental,,,carboxylic_acid,,2026-06-26T20:52:35.189007+00:00
FIXED_chembl26.sdf,7343,Cc1ncc([N+](=O)[O-])n1CC(O)CNC1CCN(c2c(F)cc3c(=O)c(C(=O)O)cn(C4CC4)c3c2Cl)C1,6.478,experimental,,,carboxylic_acid,,2026-06-26T20:52:38.101110+00:00
FIXED_chembl26.sdf,7344,Cc1nc(N2CCCC2)c([N+](=O)[O-])n1CC(O)CNC1CCN(c2c(F)cc3c(=O)c(C(=O)O)cn(C4CC4)c3c2Cl)C1,6.541,experimental,,,carboxylic_acid,,2026-06-26T20:52:39.901557+00:00
FIXED_chembl26.sdf,7345,Cc1nc(N2CCCCC2)c([N+](=O)[O-])n1CC(O)CNC1CCN(c2c(F)cc3c(=O)c(C(=O)O)cn(C4CC4)c3c2Cl)C1,6.687,experimental,,,carboxylic_acid,,2026-06-26T20:52:41.961553+00:00
FIXED_chembl26.sdf,7346,Cc1nc(N2CCOCC2)c([N+](=O)[O-])n1CC(O)CNC1CCN(c2c(F)cc3c(=O)c(C(=O)O)cn(C4CC4)c3c2Cl)C1,6.565,experimental,,,carboxylic_acid,,2026-06-26T20:52:43.346039+00:00
FIXED_chembl26.sdf,7348,CCON1CCN/C1=N\c1ccc(NC(=O)Nc2ccc(/N=C3\NCCN3OCC)cc2)cc1,8.27,experimental,,,guanidine,,2026-06-26T20:52:46.613658+00:00
FIXED_chembl26.sdf,7349,CON1CCN/C1=N\c1ccc(NC(=O)Nc2ccc(/N=C3\NCCN3OC)cc2)cc1,7.95,experimental,,,guanidine,,2026-06-26T20:52:48.494883+00:00
FIXED_chembl26.sdf,7350,O=C(Nc1ccc(NC2=NCCN2)cc1)Nc1ccc(NC2=NCCN2)cc1,10.34,experimental,,,guanidine,,2026-06-26T20:52:50.899980+00:00
FIXED_chembl26.sdf,7354,c1cc(NC2=NCCN2)ccc1CCc1ccc(NC2=NCCN2)cc1,10.71,experimental,,,guanidine,,2026-06-26T20:52:59.243309+00:00
FIXED_chembl26.sdf,7355,CCON1CCN/C1=N/c1ccc(C(=O)Nc2ccc(/N=C3\NCCN3OCC)cc2)cc1,7.34,experimental,,,guanidine,,2026-06-26T20:53:02.786000+00:00
FIXED_chembl26.sdf,7356,CON1CCN/C1=N/c1ccc(C(=O)Nc2ccc(/N=C3\NCCN3OC)cc2)cc1,7.27,experimental,,,guanidine,,2026-06-26T20:53:04.951259+00:00
FIXED_chembl26.sdf,7357,O=C(Nc1ccc(/N=C2\NCCN2O)cc1)c1ccc(/N=C2/NCCN2O)cc1,7.43,experimental,,,guanidine,,2026-06-26T20:53:06.870945+00:00
FIXED_chembl26.sdf,7358,O=C(Nc1ccc(NC2=NCCN2)cc1)c1ccc(NC2=NCCN2)cc1,9.29,experimental,,,guanidine,,2026-06-26T20:53:08.673044+00:00
FIXED_chembl26.sdf,7376,CC(C)Oc1ccc(-c2nc(-c3ccc4c(c3)CCN(C(CO)CO)C4)no2)cc1C#N,7.28,experimental,,,tertiary_amine,,2026-06-26T20:53:56.692273+00:00
FIXED_chembl26.sdf,7377,Cc1c(-c2noc(-c3ccc(OC(C)C)c(C#N)c3)n2)ccc2c1CCN(CC(=O)N[C@@H](C)CO)C2,6.07,experimental,,,tertiary_amine,,2026-06-26T20:53:58.104240+00:00
FIXED_chembl26.sdf,7378,CC(C)Oc1ccc(-c2nc(-c3cccc4c3OCCN(C(CO)CO)C4)no2)cc1C#N,6.03,experimental,,,tertiary_amine,,2026-06-26T20:54:04.710268+00:00
FIXED_chembl26.sdf,7384,NC(CCCCCS(=O)(=O)c1ccccc1O)C(=O)O,7.38,experimental,,,primary_amine,,2026-06-26T20:54:16.661601+00:00
FIXED_chembl26.sdf,7386,NC(CCCCCSc1cc(Cl)ccc1O)C(=O)O,8.55,experimental,,,primary_amine,,2026-06-26T20:54:18.336892+00:00
FIXED_chembl26.sdf,7389,NC(CCCCCSc1ccccc1O)C(=O)O,9.35,experimental,,,primary_amine,,2026-06-26T20:54:24.412714+00:00
FIXED_chembl26.sdf,7393,Cc1cc(C(=O)Nc2ccc(N3CC[C@H](N4CCC[C@@H]4C)C3)cc2C)n[nH]1,12.1,experimental,,,tertiary_amine,,2026-06-26T20:54:39.417696+00:00
FIXED_chembl26.sdf,7394,Cc1cc(N2CC[C@H](N3CCC[C@@H]3C)C2)ccc1NC(=O)c1c(C)noc1C,10.1,experimental,,,tertiary_amine,,2026-06-26T20:54:40.652035+00:00
FIXED_chembl26.sdf,7395,Cc1nc(C(=O)Nc2ccc(N3CC[C@H](N4CCC[C@@H]4C)C3)cc2C)co1,10.1,experimental,,,tertiary_amine,,2026-06-26T20:54:41.904736+00:00
FIXED_chembl26.sdf,7396,Cc1cc(C(=O)Nc2ccc(N3CC[C@H](N4CCC[C@@H]4C)C3)cc2C)on1,10.1,experimental,,,tertiary_amine,,2026-06-26T20:54:43.333986+00:00
FIXED_chembl26.sdf,7397,Cc1cc(N2CC[C@H](N3CCC[C@@H]3C)C2)ccc1NC(=O)c1cc(C)n(C)n1,10.1,experimental,,,tertiary_amine,,2026-06-26T20:54:44.464440+00:00
FIXED_chembl26.sdf,7398,Cc1cc(N2CC[C@H](N3CCC[C@@H]3C)C2)ccc1NC(=O)c1ccco1,10.1,experimental,,,tertiary_amine,,2026-06-26T20:54:45.495563+00:00
FIXED_chembl26.sdf,7399,Cc1cc(N2CC[C@H](N3CCC[C@@H]3C)C2)ccc1NC(=O)c1ccoc1,10.1,experimental,,,tertiary_amine,,2026-06-26T20:54:46.587636+00:00
FIXED_chembl26.sdf,7400,Cc1cccc(C(=O)Nc2ccc(N3CC[C@H](N4CCC[C@@H]4C)C3)cc2C)n1,10.1,experimental,,,tertiary_amine,,2026-06-26T20:54:47.993626+00:00
FIXED_chembl26.sdf,7401,Cc1cc(N2CC[C@H](N3CCC[C@@H]3C)C2)ccc1NC(=O)c1cc(F)ccc1C,10.1,experimental,,,tertiary_amine,,2026-06-26T20:54:50.305364+00:00
FIXED_chembl26.sdf,7402,Cc1nc(N2CC[C@H](N3CCC[C@@H]3C)C2)ccc1NS(=O)(=O)c1ccc(F)c(F)c1,10.0,experimental,,,tertiary_amine,,2026-06-26T20:54:52.650171+00:00
FIXED_chembl26.sdf,7403,Cc1nc(N2CC[C@H](N3CCC[C@@H]3C)C2)ccc1NC(=O)c1cccc2ccccc12,9.9,experimental,,,tertiary_amine,,2026-06-26T20:54:53.951828+00:00
FIXED_chembl26.sdf,7404,Cc1nc(N2CC[C@H](N3CCC[C@@H]3C)C2)ccc1NC(=O)Cc1ccccc1,9.9,experimental,,,tertiary_amine,,2026-06-26T20:54:55.757935+00:00
FIXED_chembl26.sdf,7405,Cc1nc(N2CC[C@H](N3CCC[C@@H]3C)C2)ccc1NC(=O)c1ccccc1,9.9,experimental,,,tertiary_amine,,2026-06-26T20:54:57.050893+00:00
FIXED_chembl26.sdf,7423,CNCCc1nc(-c2cn(C)c3ccccc23)no1,8.8,experimental,,,secondary_amine,,2026-06-26T20:55:39.782071+00:00
FIXED_chembl26.sdf,7424,Cn1cc(-c2noc(C3=CCCNC3)n2)c2ccccc21,7.9,experimental,,,secondary_amine,,2026-06-26T20:55:41.471052+00:00
FIXED_chembl26.sdf,7425,CN(C)Cc1nc(-c2cn(C)c3ccccc23)no1,5.6,experimental,,,isoquinoline,,2026-06-26T20:55:45.244575+00:00
FIXED_chembl26.sdf,7426,Cn1cc(-c2noc(CN)n2)c2ccccc21,6.4,experimental,,,isoquinoline,,2026-06-26T20:55:49.284754+00:00
FIXED_chembl26.sdf,7427,CNCc1nc(-c2cn(C)c3ccccc23)no1,6.5,experimental,,,secondary_amine,,2026-06-26T20:55:55.021251+00:00
FIXED_chembl26.sdf,7428,CN(C)CCc1nc(-c2cn(C)c3ccccc23)no1,7.7,experimental,,,tertiary_amine,,2026-06-26T20:55:56.779277+00:00
FIXED_chembl26.sdf,7429,CN1CC(C)(c2cccc(NC(=O)c3ccc(Cl)cn3)c2)N=C(N)C1=O,7.6,experimental,,,amidine,,2026-06-26T20:56:00.041160+00:00
FIXED_chembl26.sdf,7430,CN1CC(N)=NC(C)(c2cccc(NC(=O)c3ccc(Cl)cn3)c2)C1=O,7.8,experimental,,,amidine,,2026-06-26T20:56:01.714791+00:00
FIXED_chembl26.sdf,7452,CNCc1cn(S(=O)(=O)c2cccnc2)c(-c2cccnc2F)c1F,8.54,experimental,,,secondary_amine,,2026-06-26T20:57:19.062866+00:00
FIXED_chembl26.sdf,7454,CNCc1cn(S(=O)(=O)c2cc(C)ccn2)c(-c2cccnc2F)c1F,8.73,experimental,,,secondary_amine,,2026-06-26T20:57:21.175177+00:00
FIXED_chembl26.sdf,7522,Cl.NS(=O)(=O)c1cc2cc(CNCC(F)(F)F)sc2s1,3.75,experimental,,,sulfone,,2026-06-26T21:00:32.963636+00:00
FIXED_chembl26.sdf,7567,Cc1ccc(NC(=O)N[C@@H]2N=C(c3ccccc3)c3ccccc3N(C)C2=O)cc1Nc1nn[nH]n1,1.37,experimental,,,tetrazole,,2026-06-26T21:02:46.477695+00:00
FIXED_chembl26.sdf,7578,COc1cc(NC(=O)C2(NC(=O)c3ccc4c(C5CCCC5)c(-c5ccccn5)n(C)c4c3)CCC2)ccc1/C=C/C(=O)O,6.5,experimental,,,carboxylic_acid,,2026-06-26T21:03:35.948947+00:00
FIXED_chembl26.sdf,7579,CCOc1cc(NC(=O)C2(NC(=O)c3ccc4c(C5CCCC5)c(-c5ncc(Cl)cn5)n(C)c4c3)CCC2)ccc1/C=C/C(=O)O,6.5,experimental,,,carboxylic_acid,,2026-06-26T21:03:37.607156+00:00
FIXED_chembl26.sdf,7580,Cn1c(-c2ccccn2)c(C2CCCC2)c2ccc(C(=O)NC3(C(=O)Nc4ccc(/C=C/C(=O)O)cc4)CCC3)cc21,4.5,experimental,,,carboxylic_acid,,2026-06-26T21:03:39.738831+00:00
FIXED_chembl26.sdf,7584,CNCc1cc(-c2ccccc2F)n(S(=O)(=O)c2cccnc2)c1,9.3,experimental,,,secondary_amine,,2026-06-26T21:03:51.410741+00:00
FIXED_chembl26.sdf,7585,CNCc1cc(-c2ccccc2)n(S(=O)(=O)c2ccc(C)cc2)c1,9.49,experimental,,,secondary_amine,,2026-06-26T21:03:53.079190+00:00
FIXED_chembl26.sdf,7586,CNCc1cc(-c2ccccc2)n(S(=O)(=O)c2ccc(OC)cc2)c1,9.48,experimental,,,secondary_amine,,2026-06-26T21:03:54.678801+00:00
FIXED_chembl26.sdf,7587,CNCc1cc(-c2ccccc2F)n(S(=O)(=O)c2ccc(C)cc2)c1,9.48,experimental,,,secondary_amine,,2026-06-26T21:03:56.327602+00:00
FIXED_chembl26.sdf,7588,CNCc1cc(-c2cccc(F)c2)n(S(=O)(=O)c2ccc(C)cc2)c1,9.31,experimental,,,secondary_amine,,2026-06-26T21:03:57.743306+00:00
FIXED_chembl26.sdf,7589,CNCc1cc(-c2ccc(F)cc2)n(S(=O)(=O)c2ccc(C)cc2)c1,9.4,experimental,,,secondary_amine,,2026-06-26T21:03:59.260866+00:00
FIXED_chembl26.sdf,7590,CC(C)c1cc(C(=O)N2Cc3ccc(CN4CCN(C)CC4)cc3C2)c(O)cc1O,7.7,experimental,,,tertiary_amine,,2026-06-26T21:04:01.714816+00:00
FIXED_chembl26.sdf,7591,CC(C)c1cc(C(=O)N2Cc3ccc(CN(C)C)cc3C2)c(O)cc1O,9.2,experimental,,,tertiary_amine,,2026-06-26T21:04:07.476726+00:00
FIXED_chembl26.sdf,7594,CC(C)c1cc(C(=O)N2Cc3ccc(NC4CCN(C)CC4)cc3C2)c(O)cc1O,9.05,experimental,,,tertiary_amine,,2026-06-26T21:04:16.006211+00:00
FIXED_chembl26.sdf,7602,CC(C)c1cc(C(=O)N2Cc3ccc(N4CCN(C)CC4)cc3C2)c(O)cc1O,7.3,experimental,,,tertiary_amine,,2026-06-26T21:04:34.350025+00:00
FIXED_chembl26.sdf,7611,Cc1cc(C(=O)Nc2ccc(-c3ccccc3S(N)(=O)=O)cc2)n(-c2cccc(C(=N)N)c2)n1,10.7,experimental,,,amidine,,2026-06-26T21:05:45.227160+00:00
FIXED_chembl26.sdf,7612,Cc1cc(C(=O)Nc2ccc(-c3ccccc3S(N)(=O)=O)cc2)n(-c2cccc(C(=N)NO)c2)n1,7.0,experimental,,,amidine,,2026-06-26T21:05:47.191814+00:00
FIXED_chembl26.sdf,7641,N#C/C(=N\O)C(=O)Nc1ccc(C(F)(F)F)cc1,4.87,experimental,,,4,manual,2026-06-26T21:07:02.002776+00:00
FIXED_chembl26.sdf,7642,N#C/C(=N\O)C(=O)Nc1cccc(C(F)(F)F)c1,4.88,experimental,,,4,manual,2026-06-26T21:07:16.299461+00:00
FIXED_chembl26.sdf,7643,N#C/C(=N\O)C(=O)Nc1cc(C(F)(F)F)cc(C(F)(F)F)c1,4.73,experimental,,,4,manual,2026-06-26T21:07:25.373495+00:00
FIXED_chembl26.sdf,7644,N#C/C(=N\O)C(=O)Nc1ccc(F)cc1,5.01,experimental,,,4,manual,2026-06-26T21:07:34.566907+00:00
FIXED_chembl26.sdf,7645,N#C/C(=N\O)C(=O)Nc1cccc(F)c1,4.92,experimental,,,4,manual,2026-06-26T21:07:43.015250+00:00
FIXED_chembl26.sdf,7646,N#C/C(=N\O)C(=O)Nc1ccccc1F,4.87,experimental,,,4,manual,2026-06-26T21:07:51.889163+00:00
FIXED_chembl26.sdf,7647,N#C/C(=N\O)C(=O)Nc1cc(F)cc(F)c1,4.81,experimental,,,4,manual,2026-06-26T21:07:59.970385+00:00
FIXED_chembl26.sdf,7648,N#C/C(=N\O)C(=O)Nc1ccc([N+](=O)[O-])cc1,4.61,experimental,,,4,manual,2026-06-26T21:08:08.357678+00:00
FIXED_chembl26.sdf,7649,N#C/C(=N\O)C(=O)Nc1ccccc1,5.12,experimental,,,4,manual,2026-06-26T21:08:18.261503+00:00
FIXED_chembl26.sdf,7650,Cc1ccc(NC(=O)/C(C#N)=N/O)cc1,5.07,experimental,,,12,manual,2026-06-26T21:08:26.914633+00:00
FIXED_chembl26.sdf,7651,COc1ccc(NC(=O)/C(C#N)=N/O)cc1,5.08,experimental,,,13,manual,2026-06-26T21:08:38.863269+00:00
FIXED_chembl26.sdf,7652,N#C/C(=N\O)C(=O)Nc1ccc(-c2ccccc2)cc1,5.03,experimental,,,4,manual,2026-06-26T21:08:46.094376+00:00
FIXED_chembl26.sdf,7653,O=S(=O)(Nc1ccn(Cc2cccc3ccccc23)n1)c1ccc(Br)s1,1.93,experimental,,,1,manual,2026-06-26T21:08:58.899780+00:00
FIXED_chembl26.sdf,7663,O=c1ccc(-c2ccc(S(=O)(=O)Nc3cccc4c3CCCC4)s2)n[nH]1,-2.5,experimental,,,9,manual,2026-06-26T21:10:14.461860+00:00
FIXED_chembl26.sdf,7666,Cc1ccc(Nc2c(S(=O)(=O)c3ccccc3)cnc3ccc(Cl)cc23)cc1,2.34,experimental,,,8,manual,2026-06-26T21:10:36.576846+00:00
FIXED_chembl26.sdf,7667,NC(=O)C1CCN(c2c(S(=O)(=O)c3ccccc3)cnc3ccc(Cl)cc23)CC1,3.05,experimental,,,9,manual,2026-06-26T21:10:46.483991+00:00
FIXED_chembl26.sdf,7668,Cc1ccc(S(=O)(=O)c2cnc3ccc(F)cc3c2SCc2ccc(Cl)cc2)cc1,-0.25,experimental,,,5,manual,2026-06-26T21:10:54.947776+00:00
FIXED_chembl26.sdf,7669,COCCn1c(C)c(C)c(S(=O)(=O)c2ccc(Cl)cc2)c1N,-0.59,experimental,,,10,manual,2026-06-26T21:11:03.896174+00:00
FIXED_chembl26.sdf,7700,COc1ccccc1N1CCN(CCNS(=O)(=O)c2ccc(C)cc2)CC1,7.4,experimental,,,tertiary_amine,,2026-06-26T21:12:17.457657+00:00
FIXED_chembl26.sdf,7701,COc1ccccc1N1CCN(CCCNS(=O)(=O)c2ccc(C)cc2)CC1,7.5,experimental,,,tertiary_amine,,2026-06-26T21:12:18.944088+00:00
FIXED_chembl26.sdf,7702,COc1ccc(S(=O)(=O)NCCCN2CCN(c3ccccc3OC)CC2)cc1,7.5,experimental,,,tertiary_amine,,2026-06-26T21:12:20.991168+00:00
FIXED_chembl26.sdf,7703,COc1ccc2c(c1)CCN(CCCNS(=O)(=O)c1ccccc1)C2,7.0,experimental,,,tertiary_amine,,2026-06-26T21:12:23.474663+00:00
FIXED_chembl26.sdf,7704,CCN(CCCN1CCc2cc(OC)ccc2C1)S(=O)(=O)c1ccccc1,7.4,experimental,,,tertiary_amine,,2026-06-26T21:12:25.554177+00:00
FIXED_chembl26.sdf,7705,COc1ccc2c(c1)CCN(CCCNS(=O)(=O)c1ccc(C)cc1)C2,7.0,experimental,,,tertiary_amine,,2026-06-26T21:12:26.805205+00:00
FIXED_chembl26.sdf,7706,CCN(CCCN1CCc2cc(OC)ccc2C1)S(=O)(=O)c1ccc(C)cc1,7.4,experimental,,,tertiary_amine,,2026-06-26T21:12:28.214341+00:00
FIXED_chembl26.sdf,7707,COc1ccc(S(=O)(=O)NCCCN2CCc3cc(OC)ccc3C2)cc1,7.0,experimental,,,tertiary_amine,,2026-06-26T21:12:29.746983+00:00
FIXED_chembl26.sdf,7708,CCN(CCCN1CCc2cc(OC)ccc2C1)S(=O)(=O)c1ccc(OC)cc1,7.4,experimental,,,tertiary_amine,,2026-06-26T21:12:31.062979+00:00
FIXED_chembl26.sdf,7714,COc1ccc2c(c1)N(CCN(C)C)CCO2,8.6,experimental,,,tertiary_amine,,2026-06-26T21:13:14.046413+00:00
FIXED_chembl26.sdf,7716,O=C1OC(c2ccccc2)CC(O)=C1Sc1ccccc1Cl,2.4,experimental,,,12,manual,2026-06-26T21:13:34.653551+00:00
FIXED_chembl26.sdf,7717,O=C1CC(c2ccccc2)CC(O)=C1Sc1ccccc1Cl,3.0,experimental,,,12,manual,2026-06-26T21:13:52.720480+00:00
FIXED_chembl26.sdf,7718,O=C1NC(c2ccccc2)CC(O)=C1Sc1ccccc1Cl,4.1,experimental,,,12,manual,2026-06-26T21:14:06.881320+00:00
FIXED_chembl26.sdf,7719,O=C1OC(c2ccccc2)CC(O)=C1Oc1ccccc1Cl,3.4,experimental,,,12,manual,2026-06-26T21:14:15.087725+00:00
FIXED_chembl26.sdf,7720,O=C1CC(c2ccccc2)CC(O)=C1Oc1ccccc1Cl,3.7,experimental,,,12,manual,2026-06-26T21:14:24.145894+00:00
FIXED_chembl26.sdf,7721,O=C1NC(c2ccccc2)CC(O)=C1Oc1ccccc1Cl,5.3,experimental,,,12,manual,2026-06-26T21:14:31.490920+00:00
FIXED_chembl26.sdf,7722,O=C1OC(c2ccccc2)CC(O)=C1Nc1ccccc1Cl,4.2,experimental,,,12,manual,2026-06-26T21:14:40.665592+00:00
FIXED_chembl26.sdf,7723,O=C1CC(c2ccccc2)CC(O)=C1Nc1ccccc1Cl,4.6,experimental,,,12,manual,2026-06-26T21:14:49.555245+00:00
FIXED_chembl26.sdf,7724,O=C1NC(c2ccccc2)CC(O)=C1Nc1ccccc1Cl,6.0,experimental,,,12,manual,2026-06-26T21:14:57.810479+00:00
FIXED_chembl26.sdf,7725,Cl.Cl.O=C1Nc2cc(Br)ccc2/C1=C1/Nc2ccccc2/C1=N\OCCN1CCN(CCOCCO)CC1,7.58,experimental,,,tertiary_amine,,2026-06-26T21:15:20.216621+00:00
FIXED_chembl26.sdf,7726,COCCN1CCN(CCO/N=C2C(=C3/C(=O)Nc4cc(Br)ccc43)/Nc3ccccc3/2)CC1.Cl.Cl,7.47,experimental,,,tertiary_amine,,2026-06-26T21:15:23.875726+00:00
FIXED_chembl26.sdf,7727,Cl.Cl.O=C1Nc2cc(Br)ccc2/C1=C1/Nc2ccccc2/C1=N\OCCN1CCN(CCO)CC1,7.65,experimental,,,tertiary_amine,,2026-06-26T21:15:25.843699+00:00
FIXED_chembl26.sdf,7728,CN1CCN(CCO/N=C2C(=C3/C(=O)Nc4cc(Br)ccc43)/Nc3ccccc3/2)CC1.Cl.Cl,7.65,experimental,,,tertiary_amine,,2026-06-26T21:15:27.959068+00:00
FIXED_chembl26.sdf,7729,Cl.Cl.O=C1Nc2cc(Br)ccc2/C1=C1/Nc2ccccc2/C1=N\OCCN1CCNCC1,8.85,experimental,,,tertiary_amine,,2026-06-26T21:15:29.611049+00:00
FIXED_chembl26.sdf,7731,Cl.O=C1Nc2cc(Br)ccc2/C1=C1/Nc2ccccc2/C1=N\OCCN1CCCC1,9.18,experimental,,,tertiary_amine,,2026-06-26T21:15:58.648586+00:00
FIXED_chembl26.sdf,7732,CCN(CC)CCO/N=C1C(=C2/C(=O)Nc3cc(Br)ccc32)/Nc2ccccc2/1.Cl,9.38,experimental,,,tertiary_amine,,2026-06-26T21:16:00.137467+00:00
FIXED_chembl26.sdf,7733,CN(C)CCO/N=C1C(=C2/C(=O)Nc3cc(Br)ccc32)/Nc2ccccc2/1.Cl,8.59,experimental,,,tertiary_amine,,2026-06-26T21:16:01.479191+00:00
FIXED_chembl26.sdf,7755,NC(N)=NS(=O)(=O)c1ccc(N)cc1,12.0,experimental,,,guanidine,,2026-06-26T21:16:36.077701+00:00
FIXED_chembl26.sdf,7762,Cc1cc([N+](=O)[O-])ccc1Nc1nn[nH]n1,4.46,experimental,,,tetrazole,,2026-06-26T21:16:47.142398+00:00
FIXED_chembl26.sdf,7771,OB(O)c1cc2ccccc2o1,7.3,experimental,,,boric_acid,,2026-06-26T21:17:19.928915+00:00
FIXED_chembl26.sdf,7774,OB(O)c1ccc(O)cc1,10.0,experimental,,,phenol,,2026-06-26T21:17:24.034648+00:00
FIXED_chembl26.sdf,7776,CN1CCN(c2nc(-c3ccc(C(=O)NC4(C(=O)NCC#N)CCCCC4)cc3)cs2)CC1,7.01,experimental,,,tertiary_amine,,2026-06-26T21:17:31.692339+00:00
FIXED_chembl26.sdf,7777,CN1CCN(c2nc(-c3ccc(C(=O)NC4(C(=O)NCC(F)(F)F)CCCCC4)cc3)cs2)CC1,6.84,experimental,,,tertiary_amine,,2026-06-26T21:17:33.831100+00:00
FIXED_chembl26.sdf,7778,CCCN1CCN(c2ccc(C(=O)NC3(C(=O)NCC#N)CCCCC3)cc2)CC1,7.76,experimental,,,tertiary_amine,,2026-06-26T21:17:35.556875+00:00
FIXED_chembl26.sdf,7779,CC(C)C[C@@H](C(=O)NCC#N)c1cccc(-c2ccc(N3CCNCC3)cc2)c1,8.77,experimental,,,secondary_amine,,2026-06-26T21:17:39.205880+00:00
FIXED_chembl26.sdf,7780,CNCCc1ccc(O)c(O)c1,10.5,experimental,,,secondary_amine,,2026-06-26T21:17:41.992943+00:00
FIXED_chembl26.sdf,7793,CN1CCCCC1CCN1c2ccccc2Sc2ccc([S+](C)[O-])cc21,9.61,experimental,,,tertiary_amine,,2026-06-26T21:18:09.022474+00:00
FIXED_chembl26.sdf,7803,Oc1nsc2c1CCNCC2,2.6,experimental,,,phenol,,2026-06-26T21:19:04.888234+00:00
FIXED_chembl26.sdf,7824,Oc1ccc(O[C@@H]2OC[C@@H](O)[C@H](O)[C@H]2O)c2ccccc12,9.4,experimental,,,phenol,,2026-06-26T21:19:36.679502+00:00
FIXED_chembl26.sdf,7825,Oc1cccc2ccc(O[C@@H]3OC[C@@H](O)[C@H](O)[C@H]3O)cc12,9.29,experimental,,,phenol,,2026-06-26T21:19:38.625806+00:00
FIXED_chembl26.sdf,7826,Oc1ccc2cccc(O[C@@H]3OC[C@@H](O)[C@H](O)[C@H]3O)c2c1,9.35,experimental,,,phenol,,2026-06-26T21:19:40.537112+00:00
FIXED_chembl26.sdf,7827,Oc1cccc2cc(O[C@@H]3OC[C@@H](O)[C@H](O)[C@H]3O)ccc12,9.17,experimental,,,phenol,,2026-06-26T21:19:42.808544+00:00
FIXED_chembl26.sdf,7828,Oc1ccc2c(O[C@@H]3OC[C@@H](O)[C@H](O)[C@H]3O)cccc2c1,9.34,experimental,,,phenol,,2026-06-26T21:19:44.261111+00:00
FIXED_chembl26.sdf,7829,Oc1cc(O[C@@H]2OC[C@@H](O)[C@H](O)[C@H]2O)cc2ccccc12,8.66,experimental,,,phenol,,2026-06-26T21:19:46.649333+00:00
FIXED_chembl26.sdf,7830,Oc1cc(O[C@@H]2OC[C@@H](O)[C@H](O)[C@H]2O)c2ccccc2c1,9.22,experimental,,,phenol,,2026-06-26T21:19:48.689145+00:00
FIXED_chembl26.sdf,7831,Oc1c(O[C@@H]2OC[C@@H](O)[C@H](O)[C@H]2O)ccc2ccccc12,8.72,experimental,,,phenol,,2026-06-26T21:19:50.411547+00:00
FIXED_chembl26.sdf,7832,Oc1ccc2ccccc2c1O[C@@H]1OC[C@@H](O)[C@H](O)[C@H]1O,8.63,experimental,,,phenol,,2026-06-26T21:19:51.935123+00:00
FIXED_chembl26.sdf,7833,Oc1ccc2ccc(O[C@@H]3OC[C@@H](O)[C@H](O)[C@H]3O)cc2c1,9.41,experimental,,,phenol,,2026-06-26T21:19:53.238170+00:00
FIXED_chembl26.sdf,7834,Oc1ccc2cc(O[C@@H]3OC[C@@H](O)[C@H](O)[C@H]3O)ccc2c1,9.63,experimental,,,phenol,,2026-06-26T21:19:55.400950+00:00
FIXED_chembl26.sdf,7835,Oc1cc2ccccc2cc1O[C@@H]1OC[C@@H](O)[C@H](O)[C@H]1O,8.76,experimental,,,phenol,,2026-06-26T21:19:56.609359+00:00
FIXED_chembl26.sdf,7836,Oc1cccc2cccc(O[C@@H]3OC[C@@H](O)[C@H](O)[C@H]3O)c12,10.13,experimental,,,phenol,,2026-06-26T21:19:58.072240+00:00
FIXED_chembl26.sdf,7837,Oc1cccc2c(O[C@@H]3OC[C@@H](O)[C@H](O)[C@H]3O)cccc12,9.16,experimental,,,phenol,,2026-06-26T21:19:59.314041+00:00
FIXED_chembl26.sdf,7838,O=C(O)C[C@@H]1c2ccccc2C[C@H]1NC(=O)c1cc2cc(F)ccc2[nH]1,3.95,experimental,,,carboxylic_acid,,2026-06-26T21:20:01.402439+00:00
FIXED_chembl26.sdf,7839,O=C(O)CCC[C@@H]1c2ccccc2C[C@H]1NC(=O)c1cc2cc(F)ccc2[nH]1,4.24,experimental,,,carboxylic_acid,,2026-06-26T21:20:02.623711+00:00
FIXED_chembl26.sdf,7841,O=S(=O)(c1ccccc1)C1CCN(CCc2ccc(F)cc2F)CC1,7.3,experimental,,,tertiary_amine,,2026-06-26T21:20:08.254913+00:00
FIXED_chembl26.sdf,7842,O=S(=O)(c1ccc(F)cc1)C1(F)CCN(CCc2ccc(F)cc2F)CC1,6.3,experimental,,,tertiary_amine,,2026-06-26T21:20:09.970893+00:00
FIXED_chembl26.sdf,7860,C/C(=N\N=C(/S)N/N=C(\S)Nc1ccccn1)c1ccccn1,7.27,experimental,,,amidine,,2026-06-26T21:20:44.744767+00:00
FIXED_chembl26.sdf,7861,O=C(O)c1ccncc1,4.84,experimental,,,carboxylic_acid,,2026-06-26T21:20:47.923815+00:00
FIXED_chembl26.sdf,7927,CCc1oc2ccccc2c1C(O)c1cc(Br)c(O)c(Br)c1,8.8,experimental,,,phenol,,2026-06-26T21:22:53.300588+00:00
FIXED_chembl26.sdf,7928,Cc1oc2ccccc2c1C(=O)c1cc(I)c(O)c(I)c1,5.2,experimental,,,phenol,,2026-06-26T21:23:14.347941+00:00
FIXED_chembl26.sdf,7929,Cc1oc2ccccc2c1C(=O)c1cccc(O)c1,8.4,experimental,,,phenol,,2026-06-26T21:23:25.216597+00:00
FIXED_chembl26.sdf,7930,Cc1oc2ccccc2c1C(=O)c1ccc(O)cc1,8.4,experimental,,,phenol,,2026-06-26T21:23:26.751570+00:00
FIXED_chembl26.sdf,7931,CCc1oc2ccccc2c1C(=O)Cc1cc(Br)c(O)c(Br)c1,8.6,experimental,,,phenol,,2026-06-26T21:23:27.975485+00:00
FIXED_chembl26.sdf,7932,CCc1oc2ccccc2c1C(=O)c1cc(C)c(O)c(C)c1,8.5,experimental,,,phenol,,2026-06-26T21:23:29.169883+00:00
FIXED_chembl26.sdf,7933,CCc1oc2ccccc2c1C(=O)c1cc(Br)c(O)c(Br)c1,4.5,experimental,,,phenol,,2026-06-26T21:23:30.574536+00:00
FIXED_chembl26.sdf,7934,CN(C)C(=O)N1CC(c2cc(F)ccc2F)=C[C@@]1(CCCN)c1ccccc1,10.3,experimental,,,primary_amine,,2026-06-26T21:23:33.224635+00:00
FIXED_chembl26.sdf,7935,CN(C)C(=O)N1CC(c2cc(F)ccc2F)=C[C@@]1(CCCNCC(F)(F)F)c1ccccc1,5.2,experimental,,,secondary_amine,,2026-06-26T21:23:34.358125+00:00
FIXED_chembl26.sdf,7936,CN(C)C(=O)N1CC(c2cc(F)ccc2F)=C[C@@]1(CCCNCC(F)F)c1ccccc1,7.0,experimental,,,secondary_amine,,2026-06-26T21:23:35.527694+00:00
FIXED_chembl26.sdf,7937,CN(C)C(=O)N1CC(c2cc(F)ccc2F)=C[C@@]1(CCCNCCF)c1ccccc1,8.8,experimental,,,secondary_amine,,2026-06-26T21:23:36.803362+00:00
FIXED_chembl26.sdf,7938,CCNCCC[C@@]1(c2ccccc2)C=C(c2cc(F)ccc2F)CN1C(=O)N(C)C,10.7,experimental,,,secondary_amine,,2026-06-26T21:23:38.022762+00:00
FIXED_chembl26.sdf,7939,CN(C)C(=O)N1N=C(c2cc(F)ccc2F)C[C@@]1(CCCN)c1ccccc1,10.3,experimental,,,primary_amine,,2026-06-26T21:23:40.572825+00:00
FIXED_chembl26.sdf,7943,CC(C)(S)[C@@H](N)C(=O)O,8.53,experimental,,,primary_amine,,2026-06-26T21:23:42.590073+00:00
FIXED_chembl26.sdf,7944,CCOC(=O)[C@@H](N)CS,6.5,experimental,,,thiol,,2026-06-26T21:23:47.329121+00:00
FIXED_chembl26.sdf,7945,CC(=O)N[C@@H](CS)C(=O)O,9.52,experimental,,,thiol,,2026-06-26T21:23:52.420714+00:00
FIXED_chembl26.sdf,7946,CC(=O)NC(C(=O)O)C(C)(C)S,9.9,experimental,,,thiol,,2026-06-26T21:23:54.743970+00:00
FIXED_chembl26.sdf,7947,O=C(O)c1cn2c(c1O)C(=O)N(Cc1cccc(Cl)c1)CC2,3.8,experimental,,,carboxylic_acid,,2026-06-26T21:23:57.519533+00:00
FIXED_chembl26.sdf,7948,O=C(O)c1cn2c(c1O)C(=O)N(Cc1ccccc1)CC2,3.8,experimental,,,carboxylic_acid,,2026-06-26T21:23:59.046130+00:00
FIXED_chembl26.sdf,7949,CC(C)CN(C)Cc1cc(C(=O)c2csc(S(N)(=O)=O)c2)ccc1O.Cl,10.4,experimental,,,tertiary_amine,,2026-06-26T21:24:01.272880+00:00
FIXED_chembl26.sdf,8011,NS(=O)(=O)c1cc(C(=O)c2ccc(O)cc2)cs1,9.68,experimental,,,phenol,,2026-06-26T21:26:52.463687+00:00
FIXED_chembl26.sdf,8012,NS(=O)(=O)c1cc(C(=O)c2ccc(O)cc2)cs1,7.9,experimental,,,phenol,,2026-06-26T21:26:55.633987+00:00
