source_file,record_index,smiles,pka_value,pka_source_method,pka_type_canonical,atom_index_raw,review_id,review_decision,reviewed_site_label,reviewed_site_atom_indices_json,review_note,reviewed_at,model_abs_error,model_prediction,review_model_sha256
FIXED_chembl26.sdf,8306,O=C(Nc1noc2ccccc12)N1CCN(Cc2cccc(Oc3ccc(Cl)cc3)c2)CC1,-4.7,experimental,,,outlier_80778e2c1be437edd85b,confirm_assignment,tertiary_amine,[15],,2026-09-04T05:01:56.043700+00:00,11.511444386018145,6.811444386018145,06fa8292818d5cbfecebc0565d68b0853f6dd08177079454d347044a92869f4a
FIXED_chembl26.sdf,4289,c1cc[nH]c1,-3.8,experimental,,,outlier_58dcc3c341711949d4df,confirm_assignment,pyrrole,"[0,1,2,3,4]",,2026-09-04T05:02:05.729902+00:00,10.543715999866397,6.743715999866397,06fa8292818d5cbfecebc0565d68b0853f6dd08177079454d347044a92869f4a
literature_compilation.sdf,68,c1cc[nH]c1,-3.8,experimental,,,outlier_905e83b526791c349e60,confirm_assignment,pyrrole,"[0,1,2,3,4]",,2026-09-04T05:02:08.841138+00:00,10.543715999866397,6.743715999866397,06fa8292818d5cbfecebc0565d68b0853f6dd08177079454d347044a92869f4a
literature_compilation.sdf,69,Cn1cccc1,-2.9,experimental,,,outlier_f5865110a926d9ddb0a4,confirm_assignment,pyrrole,"[1,2,3,4,5]",,2026-09-04T05:02:11.435518+00:00,9.300279193688686,6.400279193688686,06fa8292818d5cbfecebc0565d68b0853f6dd08177079454d347044a92869f4a
FIXED_chembl26.sdf,8304,O=C(Nc1ccon1)N1CCN(Cc2cccc(Oc3ccc(Cl)cc3)c2)CC1,-2.97,experimental,,,outlier_8ae885c8b558d9233945,confirm_assignment,tertiary_amine,[11],,2026-09-04T05:02:36.074284+00:00,9.24643109096268,6.276431090962679,06fa8292818d5cbfecebc0565d68b0853f6dd08177079454d347044a92869f4a
FIXED_chembl26.sdf,7657,Cc1ccc(S(=O)(=O)c2nc(N3CCc4ccccc4C3)sc2Cl)cc1,-3.78,experimental,,,outlier_df49a615298342656a02,confirm_assignment,aniline,"[10,11]",,2026-09-04T05:02:44.762135+00:00,9.22255242948375,5.44255242948375,06fa8292818d5cbfecebc0565d68b0853f6dd08177079454d347044a92869f4a
FIXED_chembl26.sdf,34,N=C(N)N[N+](=O)[O-],-0.9,experimental,,,outlier_c56b03fa0eebf68bcc1d,exclude_wrong_site_unknown,,[],,2026-09-04T05:03:12.285568+00:00,8.518632179543992,7.618632179543992,06fa8292818d5cbfecebc0565d68b0853f6dd08177079454d347044a92869f4a
literature_compilation.sdf,71,Cc1cc[nH]c1,-1.0,experimental,,,outlier_a6f05e3d7f897957fd20,confirm_assignment,pyrrole,"[1,2,3,4,5]",,2026-09-04T05:03:16.801181+00:00,8.068143664796896,7.068143664796896,06fa8292818d5cbfecebc0565d68b0853f6dd08177079454d347044a92869f4a
FIXED_chembl26.sdf,6217,O=c1c(O)c(-c2ccccc2)c1=O,0.37,experimental,,,outlier_3df63cdd7dd3b6404913,confirm_assignment,phenol,"[2,3]",,2026-09-04T05:03:51.999934+00:00,7.273574511180159,7.643574511180159,06fa8292818d5cbfecebc0565d68b0853f6dd08177079454d347044a92869f4a
FIXED_chembl26.sdf,6812,Cn1ccc(=N)cc1,12.5,experimental,,,outlier_4b9beb4676dfe96f9198,exclude_wrong_site_unknown,,[],,2026-09-04T05:04:06.258101+00:00,6.972800257845445,5.527199742154555,06fa8292818d5cbfecebc0565d68b0853f6dd08177079454d347044a92869f4a
FIXED_chembl26.sdf,29,N#CNC(=N)N,-0.4,experimental,,,outlier_687971dd192c4b58d64a,exclude_wrong_site_unknown,,[],,2026-09-04T05:04:11.964846+00:00,6.831906056801871,6.43190605680187,06fa8292818d5cbfecebc0565d68b0853f6dd08177079454d347044a92869f4a
FIXED_chembl26.sdf,1921,O=[N+]([O-])c1ncc[nH]1,-0.81,experimental,,,outlier_f898e3066ea1077f3af6,exclude_wrong_site_unknown,,[],,2026-09-04T05:04:18.496218+00:00,6.792766181762185,6.792766181762185,06fa8292818d5cbfecebc0565d68b0853f6dd08177079454d347044a92869f4a
FIXED_chembl26.sdf,1922,O=[N+]([O-])c1ncc[nH]1,0.81,experimental,,,outlier_f2ae5176c89e27c00335,exclude_wrong_site_unknown,,[],,2026-09-04T05:04:21.242840+00:00,6.792766181762185,6.792766181762185,06fa8292818d5cbfecebc0565d68b0853f6dd08177079454d347044a92869f4a
FIXED_chembl26.sdf,3957,CC1CCN(C(=O)[C@H](CCCN=C(N)N)NS(=O)(=O)c2ccc3ccccc3c2)CC1,14.0,experimental,,,outlier_d44b3d7be597da109793,confirm_assignment,guanidine,"[11,12,13,14]",,2026-09-04T05:04:32.040973+00:00,6.768716583641658,7.231283416358342,06fa8292818d5cbfecebc0565d68b0853f6dd08177079454d347044a92869f4a
FIXED_chembl26.sdf,6813,Cn1ccc(=N)c2ccccc21,12.4,experimental,,,outlier_36d54b57da4e65cd3665,exclude_wrong_site_unknown,,[],,2026-09-04T05:04:50.955471+00:00,6.623960004814427,5.776039995185573,06fa8292818d5cbfecebc0565d68b0853f6dd08177079454d347044a92869f4a
literature_compilation.sdf,70,Cc1ccc[nH]1,-0.2,experimental,,,outlier_ffd3b07f6b876b44830a,exclude_wrong_site_unknown,,[],,2026-09-04T05:04:56.040776+00:00,6.535415290933706,6.335415290933706,06fa8292818d5cbfecebc0565d68b0853f6dd08177079454d347044a92869f4a
FIXED_chembl26.sdf,311,CC(=O)Nc1ccc2nc(F)ccc2c1,-1.39,experimental,,,outlier_6cc8666878776e12ee7e,exclude_wrong_site_unknown,,[],,2026-09-04T05:05:15.907473+00:00,6.491651034668694,5.101651034668694,06fa8292818d5cbfecebc0565d68b0853f6dd08177079454d347044a92869f4a
experimental_training_datasets.sdf,5216,O=C(c1ccccc1)c1ccn[nH]1,11.97,experimental,,,outlier_c0f69843f496a975ab8c,confirm_assignment,pyrazole,"[8,9,10,11,12]",,2026-09-04T05:05:20.201635+00:00,6.372696956117717,5.597303043882284,06fa8292818d5cbfecebc0565d68b0853f6dd08177079454d347044a92869f4a
experimental_training_datasets.sdf,5198,O=C(c1ccc(Cl)cc1)c1ccn[nH]1,11.87,experimental,,,outlier_768bef67f1e0c6610abe,confirm_assignment,pyrazole,"[8,9,10,11,12]",,2026-09-04T05:05:23.781015+00:00,6.143638081488267,5.726361918511732,06fa8292818d5cbfecebc0565d68b0853f6dd08177079454d347044a92869f4a
FIXED_chembl26.sdf,5593,NC(=O)C(c1ccccc1)(c1ccccc1)[C@@H]1CCN(CCc2ccc3c(c2)CCO3)C1,13.52,experimental,,,outlier_8f470cba701a2c9e60d5,confirm_assignment,tertiary_amine,[19],,2026-09-04T05:05:37.900911+00:00,5.982294609118865,7.5377053908811344,06fa8292818d5cbfecebc0565d68b0853f6dd08177079454d347044a92869f4a
FIXED_chembl26.sdf,7664,COc1cccc(-n2cc(C(=O)N(C)c3cccc(Cl)c3)c3ccccc3c2=O)c1,-1.37,experimental,,,outlier_36ff4ba10f29a195f6dd,confirm_assignment,isoquinoline,"[7,8,9,21,22,23,24,25,26,27]",,2026-09-04T05:05:45.960533+00:00,5.886244081860026,4.516244081860026,06fa8292818d5cbfecebc0565d68b0853f6dd08177079454d347044a92869f4a
experimental_training_datasets.sdf,447,CC(=O)c1ccn[nH]1,11.85,experimental,,,outlier_8d844d4eb8a7efd93f6d,confirm_assignment,pyrazole,"[3,4,5,6,7]",,2026-09-04T05:05:54.805643+00:00,5.837281222749365,6.012718777250635,06fa8292818d5cbfecebc0565d68b0853f6dd08177079454d347044a92869f4a
FIXED_chembl26.sdf,6035,CN(C)/C(=N\O)c1ccc(Sc2cc(F)cc(C3CCOCC3)c2)cc1,14.1,experimental,,,outlier_26f0a2e094e370ca9542,confirm_assignment,n-hydroxyamidine,"[1,3,4,5]",,2026-09-04T05:05:59.422865+00:00,5.829849737182554,8.270150262817445,06fa8292818d5cbfecebc0565d68b0853f6dd08177079454d347044a92869f4a
FIXED_chembl26.sdf,4002,C[n+]1c2ccccc2c(Nc2ccccc2)c2[nH]c3ccccc3c21.[Cl-],10.6,experimental,,,outlier_dff43e8d32d389c8de8a,reassign_site,quinoline,"[1,2,3,4,5,6,7,8,16,24]",,2026-09-04T05:06:09.143252+00:00,5.615602029022186,4.984397970977813,06fa8292818d5cbfecebc0565d68b0853f6dd08177079454d347044a92869f4a
experimental_training_datasets.sdf,5343,O=Cc1cccc(C2C(=O)c3ccccc3C(=O)C2=NC(=O)Cc2ccccc2)c1,11.4,experimental,,,outlier_7f05a77a1b3fa257843c,unsupported_site,aldehyde,"[26,28,29]",,2026-09-04T05:06:38.278752+00:00,5.220448389958368,6.179551610041632,06fa8292818d5cbfecebc0565d68b0853f6dd08177079454d347044a92869f4a
FIXED_chembl26.sdf,7385,c1ccc(CSc2ncc[nH]2)cc1,11.6,experimental,,,outlier_9f6ff80db2a7c3f1f581,confirm_assignment,imidazole_acidity,"[6,7,8,9,10]",user identified this as neutral imidazole N-H deprotonation,2026-09-04T05:06:41.481611+00:00,5.218807752142463,6.381192247857537,06fa8292818d5cbfecebc0565d68b0853f6dd08177079454d347044a92869f4a
FIXED_chembl26.sdf,7670,Cc1ccc(Cl)cc1N(C)C(=O)c1cn(-c2ccc(F)cc2F)c(=O)c2ccccc12,-1.07,experimental,,,outlier_79f95477d4c4b5f225c7,exclude_wrong_site_unknown,,[],,2026-09-04T05:06:56.539917+00:00,5.140742816260043,4.070742816260043,06fa8292818d5cbfecebc0565d68b0853f6dd08177079454d347044a92869f4a
experimental_training_datasets.sdf,3672,Cc1ccc2c(c1)sc(-c1ccc(N(C)C)cc1)[n+]2C,2.69,experimental,,,outlier_5e9a8bb46d52749de86f,unsupported_site,Sindole,"[1,2,3,4,5,6,7,8,9]",,2026-09-04T05:07:08.060240+00:00,5.090858504522952,7.780858504522952,06fa8292818d5cbfecebc0565d68b0853f6dd08177079454d347044a92869f4a
FIXED_chembl26.sdf,2884,O=C(c1ccccc1)C1CN=C2C=CC=CN2C1.[O-][Cl+3]([O-])([O-])O,12.4,experimental,,,outlier_a3414d352092bb619874,confirm_assignment,amidine,"[10,11,16]",,2026-09-04T05:07:16.534283+00:00,5.049387446159279,7.350612553840722,06fa8292818d5cbfecebc0565d68b0853f6dd08177079454d347044a92869f4a
FIXED_chembl26.sdf,7903,O=S(=O)(Nc1ncns1)c1ccc2c(-c3ccc(C(F)(F)F)cc3C3=CCNCC3)cccc2c1,3.6,experimental,,,outlier_a0c0873ff18a85d0460c,confirm_assignment,secondary_amine,"[26,27,28]",,2026-09-04T05:07:27.780820+00:00,5.039322290326597,8.639322290326596,06fa8292818d5cbfecebc0565d68b0853f6dd08177079454d347044a92869f4a
FIXED_chembl26.sdf,2883,O=C(c1ccc(Br)cc1)C1CN=C2C=CC=CN2C1.[O-][Cl+3]([O-])([O-])O,12.4,experimental,,,outlier_0b5febe2ccee795294db,confirm_assignment,amidine,"[11,12,17]",,2026-09-04T05:07:35.184316+00:00,4.955189388085365,7.444810611914636,06fa8292818d5cbfecebc0565d68b0853f6dd08177079454d347044a92869f4a
FIXED_chembl26.sdf,8488,COc1c(OCCCCn2cncn2)cc2oc3cc(OCCCCn4cncn4)c(CC=C(C)C)c(O)c3c(=O)c2c1CC=C(C)C,2.2,experimental,,,outlier_ffbf600c8fbd27c66056,confirm_assignment,phenol,"[36,37]",,2026-09-04T05:07:49.506512+00:00,4.907754913039649,7.107754913039649,06fa8292818d5cbfecebc0565d68b0853f6dd08177079454d347044a92869f4a
experimental_training_datasets.sdf,3420,Cc1cc(C)n(-c2cc(C)[nH]n2)n1,2.23,experimental,,,outlier_d0b0dbaa9d62e1ce5872,confirm_assignment,pyrazole,"[1,2,3,4,5]",,2026-09-04T05:08:00.103018+00:00,4.896086167638671,7.126086167638672,06fa8292818d5cbfecebc0565d68b0853f6dd08177079454d347044a92869f4a
experimental_training_datasets.sdf,5344,O=Cc1cccc(C2C(=O)c3ccccc3C(=O)C2=NC(=O)c2ccccc2)c1,10.9,experimental,,,outlier_1cacac0b98d157b3e3e8,confirm_assignment,imine,"[8,9]",,2026-09-04T05:08:04.999025+00:00,4.880280296132738,6.019719703867263,06fa8292818d5cbfecebc0565d68b0853f6dd08177079454d347044a92869f4a
FIXED_chembl26.sdf,5006,O=C(O)c1coc2ccccc2c1=O,8.85,experimental,,,outlier_9316236fff74b211baa1,confirm_assignment,carboxylic_acid,"[0,1,2]",,2026-09-04T05:08:13.128396+00:00,4.8137812302621885,4.036218769737811,06fa8292818d5cbfecebc0565d68b0853f6dd08177079454d347044a92869f4a
experimental_training_datasets.sdf,5178,O=c1c(C([O-])=[OH+])coc2ccccc12,8.85,experimental,,,outlier_c1d0b03623db00a9dd2a,exclude_wrong_endpoint,,[],,2026-09-04T05:08:19.138758+00:00,4.8137812302621885,4.036218769737811,06fa8292818d5cbfecebc0565d68b0853f6dd08177079454d347044a92869f4a
experimental_training_datasets.sdf,2418,COc1cc(S(C)=O)ccc1-c1cn2ccncc2[nH+]1,2.88,experimental,,,outlier_6e968a1593f4e388b477,exclude_wrong_site_unknown,,[],,2026-09-04T05:08:25.965860+00:00,4.799954876201088,7.679954876201088,06fa8292818d5cbfecebc0565d68b0853f6dd08177079454d347044a92869f4a
FIXED_chembl26.sdf,4611,Cc1cccc(S(=O)(=O)Nc2ccc(N)cc2)c1,10.44,experimental,,,outlier_22b24b0585fe9c1236e3,confirm_assignment,aniline,"[13,14]",,2026-09-04T05:08:31.165502+00:00,4.777106188556261,5.662893811443738,06fa8292818d5cbfecebc0565d68b0853f6dd08177079454d347044a92869f4a
FIXED_chembl26.sdf,8489,COc1c(OCCCCn2cccn2)cc2oc3cc(OCCCCn4cccn4)c(CC=C(C)C)c(O)c3c(=O)c2c1CC=C(C)C,2.25,experimental,,,outlier_57673b15f0c490d39558,confirm_assignment,phenol,"[36,37]",,2026-09-04T05:08:35.099174+00:00,4.776263969113273,7.026263969113273,06fa8292818d5cbfecebc0565d68b0853f6dd08177079454d347044a92869f4a
literature_compilation.sdf,1457,NC(=O)c1cnccn1,0.5,experimental,,,outlier_dd23b6459d8b7a6d420a,confirm_assignment,pyrazine,"[2,3,4,5,6,7]",,2026-09-04T05:08:42.445332+00:00,4.748314231836599,5.248314231836599,06fa8292818d5cbfecebc0565d68b0853f6dd08177079454d347044a92869f4a
FIXED_chembl26.sdf,7668,Cc1ccc(S(=O)(=O)c2cnc3ccc(F)cc3c2SCc2ccc(Cl)cc2)cc1,-0.25,experimental,,,outlier_385b782684be68caf323,exclude_wrong_site_unknown,,[],,2026-09-04T05:08:54.039414+00:00,4.689333053119479,4.439333053119479,06fa8292818d5cbfecebc0565d68b0853f6dd08177079454d347044a92869f4a
FIXED_chembl26.sdf,4609,Nc1ccc(NS(=O)(=O)c2ccccc2)cc1,10.29,experimental,,,outlier_0dbc8581dec3b18cb5fe,confirm_assignment,aniline,"[0,1]",,2026-09-04T05:09:01.295225+00:00,4.636094843159807,5.653905156840192,06fa8292818d5cbfecebc0565d68b0853f6dd08177079454d347044a92869f4a
FIXED_chembl26.sdf,4335,O=C(Nc1ccc(C2CCCCC2)cc1)C1=C(O)C(Cc2ncc[nH]2)NC1=O,3.0,experimental,,,outlier_988d72d2b4fe77481794,exclude_wrong_site_unknown,,[],,2026-09-04T05:09:09.094504+00:00,4.63546744065961,7.63546744065961,06fa8292818d5cbfecebc0565d68b0853f6dd08177079454d347044a92869f4a
FIXED_chembl26.sdf,3621,c1ccc2[nH]c(-c3ccncc3)nc2c1,10.95,experimental,,,outlier_3bf91a781c06c8b56bdc,confirm_assignment,pyridine,"[6,7,8,9,10,11]",,2026-09-04T05:09:12.027328+00:00,4.534388601383891,6.415611398616108,06fa8292818d5cbfecebc0565d68b0853f6dd08177079454d347044a92869f4a
FIXED_chembl26.sdf,4610,Cc1ccc(S(=O)(=O)Nc2ccc(N)cc2)cc1,10.53,experimental,,,outlier_7ab890c8a0343fb8d042,confirm_assignment,aniline,"[12,13]",,2026-09-04T05:09:14.780652+00:00,4.520181203211856,6.009818796788143,06fa8292818d5cbfecebc0565d68b0853f6dd08177079454d347044a92869f4a
literature_compilation.sdf,228,N/C(=[NH+]\O)c1ccccc1,12.49,experimental,,,outlier_e7964d5f2094beb0c6a1,confirm_assignment,n-hydroxyguanidine,"[0,1,2,3]",,2026-09-04T05:09:19.918582+00:00,4.437404771524845,8.052595228475155,06fa8292818d5cbfecebc0565d68b0853f6dd08177079454d347044a92869f4a
FIXED_chembl26.sdf,6705,CCCC12CCC(=O)C=C1c1c(cc(OCC(=O)NN(C)C)c(Cl)c1Cl)C2,3.9,experimental,,,outlier_68272ca239eb51434488,confirm_assignment,tertiary_amine,[19],,2026-09-04T05:09:25.630688+00:00,4.385540960470534,8.285540960470534,06fa8292818d5cbfecebc0565d68b0853f6dd08177079454d347044a92869f4a
FIXED_chembl26.sdf,7680,CCCCc1nc(Cl)c(CC(=O)OC)n1Cc1ccc(NC(=O)C(F)(F)F)cc1,9.5,experimental,,,outlier_18929d67a590fc562af5,confirm_assignment,imidazole,"[4,5,6,8,14]",,2026-09-04T05:09:28.598650+00:00,4.383068760996756,5.116931239003244,06fa8292818d5cbfecebc0565d68b0853f6dd08177079454d347044a92869f4a
FIXED_chembl26.sdf,3614,CS(=O)(=O)c1ccc(-c2c(Cl)nc(Cl)n2-c2ccc(F)cc2F)cc1,1.07,experimental,,,outlier_e2975fd1fbfdd2b9618f,exclude_wrong_site_unknown,,[],,2026-09-04T05:09:40.409823+00:00,4.333625506842793,5.403625506842793,06fa8292818d5cbfecebc0565d68b0853f6dd08177079454d347044a92869f4a
experimental_training_datasets.sdf,5473,O=c1c([O-])c1-c1ccc(F)cc1,2.07,experimental,,,outlier_b31a59b52e3c7bd5059c,confirm_assignment,phenolate,"[7,10]",,2026-09-04T05:09:43.357624+00:00,4.287137593408811,6.357137593408812,06fa8292818d5cbfecebc0565d68b0853f6dd08177079454d347044a92869f4a
experimental_training_datasets.sdf,2039,CN(C)c1cccc([N+](C)(C)C)c1,2.6,experimental,,,outlier_00969f1b6f19972ccdb0,exclude_wrong_site_unknown,,[],,2026-09-04T05:09:46.939244+00:00,4.240821094183428,6.840821094183427,06fa8292818d5cbfecebc0565d68b0853f6dd08177079454d347044a92869f4a
experimental_training_datasets.sdf,546,CC(C)(C)c1cc(/C=C/Cl)cc(C(C)(C)C)c1O,11.82,experimental,,,outlier_536f221039c2f118f56f,confirm_assignment,phenol,"[9,10]",,2026-09-04T05:09:49.354218+00:00,4.228447921677733,7.591552078322267,06fa8292818d5cbfecebc0565d68b0853f6dd08177079454d347044a92869f4a
FIXED_chembl26.sdf,8216,CNS(=O)(=O)c1ccc(N)cc1,10.77,experimental,,,outlier_1c6593de5f7825b9dd27,confirm_assignment,aniline,"[8,9]",,2026-09-04T05:09:56.967717+00:00,4.216763111812874,6.553236888187126,06fa8292818d5cbfecebc0565d68b0853f6dd08177079454d347044a92869f4a
FIXED_chembl26.sdf,5157,COc1ccccc1NC1Oc2ccccc2C=C1[N+](=O)[O-],2.52,experimental,,,outlier_7a14687c4c0ea960409a,exclude_wrong_site_unknown,,[],,2026-09-04T05:10:01.301129+00:00,4.19267180775768,6.712671807757681,06fa8292818d5cbfecebc0565d68b0853f6dd08177079454d347044a92869f4a
FIXED_chembl26.sdf,441,Cc1nc2c3c(c(C(=O)N(C)C)cn2c1CN(C)C)CCC(c1ccccc1)O3,4.09,experimental,,,outlier_4be4759ae25204c1f8f0,confirm_assignment,tertiary_amine,[16],,2026-09-04T05:10:05.439239+00:00,4.160448825656681,8.250448825656681,06fa8292818d5cbfecebc0565d68b0853f6dd08177079454d347044a92869f4a
FIXED_chembl26.sdf,30,NC(N)=[NH2+],13.6,experimental,,,outlier_ca7b442d4ee462b8f902,confirm_assignment,guanidinium,"[0,1,2,3]",,2026-09-04T05:10:07.420499+00:00,4.15617444846014,9.34382555153986,06fa8292818d5cbfecebc0565d68b0853f6dd08177079454d347044a92869f4a
FIXED_chembl26.sdf,31,NC(N)=[NH2+],12.6,experimental,,,outlier_06197f57163b2d906640,confirm_assignment,guanidinium,"[0,1,2,3]",,2026-09-04T05:10:08.942467+00:00,4.15617444846014,9.34382555153986,06fa8292818d5cbfecebc0565d68b0853f6dd08177079454d347044a92869f4a
FIXED_chembl26.sdf,32,NC(N)=[NH2+],13.5,experimental,,,outlier_549a4de17ad1af4a64c2,confirm_assignment,guanidinium,"[0,1,2,3]",,2026-09-04T05:10:10.302058+00:00,4.15617444846014,9.34382555153986,06fa8292818d5cbfecebc0565d68b0853f6dd08177079454d347044a92869f4a
FIXED_chembl26.sdf,33,NC(N)=[NH2+],12.5,experimental,,,outlier_0a21d38906eda51babe6,confirm_assignment,guanidinium,"[0,1,2,3]",,2026-09-04T05:10:11.713149+00:00,4.15617444846014,9.34382555153986,06fa8292818d5cbfecebc0565d68b0853f6dd08177079454d347044a92869f4a
literature_compilation.sdf,66,NC(N)=[NH2+],13.8,experimental,,,outlier_258e1b0e65a178470727,confirm_assignment,guanidinium,"[0,1,2,3]",,2026-09-04T05:10:12.846944+00:00,4.15617444846014,9.34382555153986,06fa8292818d5cbfecebc0565d68b0853f6dd08177079454d347044a92869f4a
experimental_training_datasets.sdf,698,CC(C)S(=O)(=O)n1c(N)nc2ccc(/C(=C/C(N)=O)c3cc(F)ccc3F)cc21,3.4,experimental,,,outlier_151a4b2b54e841c9aa6a,confirm_assignment,aniline,"[14,15]",,2026-09-04T05:10:18.554686+00:00,4.147720363836033,7.547720363836033,06fa8292818d5cbfecebc0565d68b0853f6dd08177079454d347044a92869f4a
literature_compilation.sdf,67,CNC(N)=[NH2+],13.4,experimental,,,outlier_6418e20bd35ef3db7e9d,confirm_assignment,guanidinium,"[1,2,3,4]",,2026-09-04T05:10:21.252987+00:00,4.143136509488112,9.256863490511888,06fa8292818d5cbfecebc0565d68b0853f6dd08177079454d347044a92869f4a
FIXED_chembl26.sdf,4068,NS(=O)(=O)c1cc(C(=O)NCCCC(=O)O)c(Cl)cc1Cl,8.9,experimental,,,outlier_94a89f93ebdcaa5d143f,confirm_assignment,carboxylic_acid,"[13,14,15]",,2026-09-04T05:10:40.239625+00:00,4.140503782341547,4.759496217658453,06fa8292818d5cbfecebc0565d68b0853f6dd08177079454d347044a92869f4a
experimental_training_datasets.sdf,3918,Cc1n[nH]c(C)c1Cl,2.23,experimental,,,outlier_4000794b1fb3bbc0f9ff,confirm_assignment,pyrazole,"[1,2,3,4,5]",,2026-09-04T05:10:42.596893+00:00,4.136798234202043,6.366798234202043,06fa8292818d5cbfecebc0565d68b0853f6dd08177079454d347044a92869f4a
FIXED_chembl26.sdf,8266,C[C@]12C=CC(=O)C=C1[C@@H](F)C[C@H]1[C@@H]3C[C@H]4CN(c5ccccc5)C[C@@]4(C(=O)CF)[C@@]3(C)C[C@H](O)[C@@]12F,8.74,experimental,,,outlier_83ad5fcbb5216304171c,confirm_assignment,aniline,"[23,24]",,2026-09-04T05:10:46.745575+00:00,4.122331729542979,4.617668270457021,06fa8292818d5cbfecebc0565d68b0853f6dd08177079454d347044a92869f4a
experimental_training_datasets.sdf,2444,COc1ccc(-c2c([O-])c2=O)cc1,2.33,experimental,,,outlier_c93dfe8039c6caaf1852,confirm_assignment,phenolate,"[9,12]",,2026-09-04T05:10:51.203746+00:00,4.117324492277983,6.447324492277983,06fa8292818d5cbfecebc0565d68b0853f6dd08177079454d347044a92869f4a
FIXED_chembl26.sdf,7904,O=S(=O)(Nc1ncns1)c1ccc2c(-c3ccc(C(F)(F)F)cc3O)cccc2c1,3.6,experimental,,,outlier_f5bbe80890fc6bee5838,confirm_assignment,phenol,"[23,24]",,2026-09-04T05:10:54.308665+00:00,4.115137740861433,7.715137740861434,06fa8292818d5cbfecebc0565d68b0853f6dd08177079454d347044a92869f4a
experimental_training_datasets.sdf,3267,Cc1[nH]n(-c2ccccc2)c(=S)c1C(=O)c1ccccc1,2.9,experimental,,,outlier_2faebc6f5566232302c4,confirm_assignment,pyrazole,"[1,2,3,5,6]",,2026-09-04T05:10:57.541417+00:00,4.050496940322384,6.950496940322384,06fa8292818d5cbfecebc0565d68b0853f6dd08177079454d347044a92869f4a
experimental_training_datasets.sdf,5474,O=c1c([O-])c1-c1ccccc1,2.01,experimental,,,outlier_4defa7117a4abf6afe3a,exclude_wrong_site_unknown,,[],,2026-09-04T05:10:59.138021+00:00,4.046426419881314,6.056426419881314,06fa8292818d5cbfecebc0565d68b0853f6dd08177079454d347044a92869f4a
experimental_training_datasets.sdf,548,CC(C)(C)c1ccc(-c2c([O-])c2=O)cc1,2.21,experimental,,,outlier_8c0554b427cc1e9b9168,confirm_assignment,phenolate,"[11,14]",,2026-09-04T05:11:01.560656+00:00,4.044666428742035,6.254666428742035,06fa8292818d5cbfecebc0565d68b0853f6dd08177079454d347044a92869f4a
FIXED_chembl26.sdf,4612,Nc1ccc(NS(=O)(=O)c2ccc(Cl)cc2)cc1,9.76,experimental,,,outlier_1e23cf93c06042cf95d0,confirm_assignment,aniline,"[0,1]",,2026-09-04T05:11:05.572990+00:00,4.038349099758466,5.721650900241534,06fa8292818d5cbfecebc0565d68b0853f6dd08177079454d347044a92869f4a
FIXED_chembl26.sdf,7866,Fc1ccccn1,0.44,experimental,,,outlier_3bdbe49b7b3d0ffad9db,confirm_assignment,pyridine,"[1,2,3,4,5,6]",,2026-09-04T05:11:08.190268+00:00,3.996524254264399,3.996524254264399,06fa8292818d5cbfecebc0565d68b0853f6dd08177079454d347044a92869f4a
FIXED_chembl26.sdf,7867,Fc1ccccn1,-0.44,experimental,,,outlier_5fb0ad896fbbedd8c976,confirm_assignment,pyridine,"[1,2,3,4,5,6]",,2026-09-04T05:11:09.458644+00:00,3.996524254264399,3.996524254264399,06fa8292818d5cbfecebc0565d68b0853f6dd08177079454d347044a92869f4a
experimental_training_datasets.sdf,3266,Cc1[nH]n(-c2ccccc2)c(=O)c1C,11.3,experimental,,,outlier_25f177181aef09974c7e,confirm_assignment,pyrazole,"[1,2,3,4,5]",,2026-09-04T05:11:11.807923+00:00,3.984550766533704,7.315449233466297,06fa8292818d5cbfecebc0565d68b0853f6dd08177079454d347044a92869f4a
experimental_training_datasets.sdf,699,CC(C)S(=O)(=O)n1c(N)nc2ccc(/C(=C/C(N)=O)c3cccc(F)c3)cc21,3.41,experimental,,,outlier_2a19a10fe8d2d044ed88,confirm_assignment,aniline,"[14,15]",,2026-09-04T05:11:16.899286+00:00,3.976370200785058,7.386370200785058,06fa8292818d5cbfecebc0565d68b0853f6dd08177079454d347044a92869f4a
experimental_training_datasets.sdf,5818,[O-]Nc1nc[nH+]c2nc[nH]c12,9.83,experimental,,,outlier_12eafb159b8bbf02e4ac,unsupported_site,nn-indazole,"[2,3,4,5,6,7,8,9,10]",,2026-09-04T05:11:25.812238+00:00,3.963514852874296,5.8664851471257045,06fa8292818d5cbfecebc0565d68b0853f6dd08177079454d347044a92869f4a
experimental_training_datasets.sdf,1885,CCc1c(C)[nH]n(C)c1=O,3.5,experimental,,,outlier_9b140afa24d941f54477,confirm_assignment,pyrazole,"[2,3,4,5,6]",,2026-09-04T05:11:28.608507+00:00,3.936781550570151,7.436781550570151,06fa8292818d5cbfecebc0565d68b0853f6dd08177079454d347044a92869f4a
experimental_training_datasets.sdf,2034,CN(C)c1ccc([N+](C)(C)C)cc1,2.64,experimental,,,outlier_2f6f0a2d0de0181e09a0,exclude_wrong_site_unknown,,[],,2026-09-04T05:11:33.600607+00:00,3.885183144030704,6.525183144030704,06fa8292818d5cbfecebc0565d68b0853f6dd08177079454d347044a92869f4a
FIXED_chembl26.sdf,8218,Nc1ccc(S(N)(=O)=O)cc1,10.43,experimental,,,outlier_74e9328386384d778915,confirm_assignment,aniline,"[0,1]",,2026-09-04T05:11:36.693121+00:00,3.8611877220305626,6.5538122779694366,06fa8292818d5cbfecebc0565d68b0853f6dd08177079454d347044a92869f4a
literature_compilation.sdf,159,NS(=O)(=O)c1ccc([NH3+])cc1,10.4,experimental,,,outlier_bec35b2f4a4c4c4e63ca,confirm_assignment,aryl_ammonium,"[7,8]",,2026-09-04T05:11:43.986746+00:00,3.8611877220305626,6.5538122779694366,06fa8292818d5cbfecebc0565d68b0853f6dd08177079454d347044a92869f4a
FIXED_chembl26.sdf,1674,CCCCc1oc2ccccc2c1C(=O)c1cc(I)c(OCC[N+](CC)(CC)COP(=O)(O)O)c(I)c1.O=C([O-])C(F)(F)F,6.56,experimental,,,outlier_d2872e13f19844d9c2d7,confirm_assignment,carboxylate,"[37,38,39]",,2026-09-04T05:11:48.184832+00:00,3.860574420434867,2.6994255795651325,06fa8292818d5cbfecebc0565d68b0853f6dd08177079454d347044a92869f4a
FIXED_chembl26.sdf,1289,CCOP(=O)(OCC)c1ccc(-c2cc(O)on2)o1,3.23,experimental,,,outlier_c481e4a304d308766f53,reassign_site,phenol,"[14,15]",,2026-09-04T05:11:59.689360+00:00,3.81076238231584,7.04076238231584,06fa8292818d5cbfecebc0565d68b0853f6dd08177079454d347044a92869f4a
FIXED_chembl26.sdf,1188,CCOC(=O)C1(c2ccccc2)CCN(CC(F)(F)F)CC1.Cl,3.13,experimental,,,outlier_107577abf23291446d2a,confirm_assignment,tertiary_amine,[14],,2026-09-04T05:12:18.885190+00:00,3.78008262419252,6.91008262419252,06fa8292818d5cbfecebc0565d68b0853f6dd08177079454d347044a92869f4a
experimental_training_datasets.sdf,2996,C[N+](C)(C)CCOC(=O)/C=C/c1cnc[nH]1,4.6,experimental,,,outlier_ce6b8d456dc46092ee9f,confirm_assignment,imidazole,"[11,12,13,14,15]",,2026-09-04T05:12:26.155126+00:00,3.760375466339015,8.360375466339015,06fa8292818d5cbfecebc0565d68b0853f6dd08177079454d347044a92869f4a
FIXED_chembl26.sdf,1383,NC1=NS(=O)(=O)c2ccccc21,11.4,experimental,,,outlier_3d10e44861f0594b4713,confirm_assignment,amidine,"[0,1,2]",,2026-09-04T05:12:29.626690+00:00,3.753129843729792,7.646870156270208,06fa8292818d5cbfecebc0565d68b0853f6dd08177079454d347044a92869f4a
experimental_training_datasets.sdf,2042,C[NH+](C)c1ccccc1C(=O)[O-],8.46,experimental,,,outlier_4083d17005101efb8062,exclude_wrong_site_unknown,,[],,2026-09-04T05:12:33.081498+00:00,3.725901305065604,4.734098694934397,06fa8292818d5cbfecebc0565d68b0853f6dd08177079454d347044a92869f4a
FIXED_chembl26.sdf,3792,NC12CC3CC(CC(C3)C1)C2,10.8,experimental,,,outlier_1cc5e772086473751de1,confirm_assignment,primary_amine,"[0,1]",,2026-09-04T05:12:36.054714+00:00,3.718448656480888,6.961551343519112,06fa8292818d5cbfecebc0565d68b0853f6dd08177079454d347044a92869f4a
FIXED_chembl26.sdf,3794,NC12CC3CC(CC(C3)C1)C2,10.55,experimental,,,outlier_43d29c50b60105bf0ea7,confirm_assignment,primary_amine,"[0,1]",,2026-09-04T05:12:37.942969+00:00,3.718448656480888,6.961551343519112,06fa8292818d5cbfecebc0565d68b0853f6dd08177079454d347044a92869f4a
FIXED_chembl26.sdf,3795,NC12CC3CC(CC(C3)C1)C2,10.68,experimental,,,outlier_ffb93c2e0a31f1a77567,confirm_assignment,primary_amine,"[0,1]",,2026-09-04T05:12:39.283876+00:00,3.718448656480888,6.961551343519112,06fa8292818d5cbfecebc0565d68b0853f6dd08177079454d347044a92869f4a
FIXED_chembl26.sdf,3797,NC12CC3CC(CC(C3)C1)C2,10.63,experimental,,,outlier_51da8c753a20e9229287,confirm_assignment,primary_amine,"[0,1]",,2026-09-04T05:12:41.152256+00:00,3.718448656480888,6.961551343519112,06fa8292818d5cbfecebc0565d68b0853f6dd08177079454d347044a92869f4a
experimental_training_datasets.sdf,5739,[NH3+]C12CC3CC(CC(C3)C1)C2,10.71,experimental,,,outlier_27d89ef103f6549eb5ff,confirm_assignment,primary_ammonium,"[7,10]",,2026-09-04T05:12:43.497046+00:00,3.718448656480888,6.961551343519112,06fa8292818d5cbfecebc0565d68b0853f6dd08177079454d347044a92869f4a
literature_compilation.sdf,212,C1CNC2=[NH+]CCCN2C1,12.24,experimental,,,outlier_721eeeba3daa440630d8,confirm_assignment,guanidinium,"[2,3,4,8]",,2026-09-04T05:12:45.524995+00:00,3.715154076119069,8.524845923880932,06fa8292818d5cbfecebc0565d68b0853f6dd08177079454d347044a92869f4a
experimental_training_datasets.sdf,2233,COC(=O)c1cc(Br)c(=O)n(N)c1,2.4,experimental,,,outlier_877fb2e8796fcc8e4b63,confirm_assignment,pyridine,"[4,5,6,7,9,10]",,2026-09-04T05:12:50.046103+00:00,3.690203622642244,6.090203622642244,06fa8292818d5cbfecebc0565d68b0853f6dd08177079454d347044a92869f4a
experimental_training_datasets.sdf,1060,CCC(=O)c1cc(C(=O)C(C)(C)C)n[nH]1,9.7,experimental,,,outlier_7c0c172066dace19e118,confirm_assignment,pyrazole,"[4,5,6,7,8]",,2026-09-04T05:12:52.924184+00:00,3.65844843327774,6.04155156672226,06fa8292818d5cbfecebc0565d68b0853f6dd08177079454d347044a92869f4a
FIXED_chembl26.sdf,6597,CC(C)C[C@H](N[C@@H](c1ccc(-c2ccc(S(C)(=O)=O)cc2)cc1)C(F)F)C(=O)NC1(C#N)CC1,2.7,experimental,,,outlier_0b56cff62cb72e413914,confirm_assignment,secondary_amine,"[4,5,6]",,2026-09-04T05:12:57.609740+00:00,3.6491355175172897,6.34913551751729,06fa8292818d5cbfecebc0565d68b0853f6dd08177079454d347044a92869f4a
FIXED_chembl26.sdf,1654,O=C(O)/C(O)=C/C(=O)c1cc(C2CCCCC2)ccc1C1CCCCC1,7.56,experimental,,,outlier_5f4b7854efc45eb8c289,confirm_assignment,carboxylic_acid,"[0,1,2]",,2026-09-04T05:13:02.065649+00:00,3.6457001012827055,3.914299898717294,06fa8292818d5cbfecebc0565d68b0853f6dd08177079454d347044a92869f4a
FIXED_chembl26.sdf,4291,c1cn[nH]c1,2.52,experimental,,,outlier_7f7f2bbff46c53f6e685,confirm_assignment,pyrazole_basicity,"[0,1,2,3,4]",user identified parent pyrazole 2.49-scale value as pyrazolium to neutral,2026-09-04T05:13:04.646497+00:00,3.597870812941601,6.140370812941601,06fa8292818d5cbfecebc0565d68b0853f6dd08177079454d347044a92869f4a
experimental_training_datasets.sdf,5970,c1cn[nH]c1,2.565,experimental,,,outlier_b40e94f52d4410576767,confirm_assignment,pyrazole_basicity,"[0,1,2,3,4]",user identified parent pyrazole 2.49-scale value as pyrazolium to neutral,2026-09-04T05:13:06.457773+00:00,3.597870812941601,6.140370812941601,06fa8292818d5cbfecebc0565d68b0853f6dd08177079454d347044a92869f4a
literature_compilation.sdf,52,c1cn[nH]c1,2.5,experimental,,,outlier_4eb1ac7ba7794f9f50cf,confirm_assignment,pyrazole_basicity,"[0,1,2,3,4]",user identified parent pyrazole 2.49-scale value as pyrazolium to neutral,2026-09-04T05:13:08.046049+00:00,3.597870812941601,6.140370812941601,06fa8292818d5cbfecebc0565d68b0853f6dd08177079454d347044a92869f4a
literature_compilation.sdf,207,c1cn[nH]c1,2.62,experimental,,,outlier_e1ac312fc2d068b396a6,confirm_assignment,pyrazole_basicity,"[0,1,2,3,4]",user identified parent pyrazole 2.49-scale value as pyrazolium to neutral,2026-09-04T05:13:09.474811+00:00,3.597870812941601,6.140370812941601,06fa8292818d5cbfecebc0565d68b0853f6dd08177079454d347044a92869f4a
experimental_training_datasets.sdf,423,CC(=O)c1cc(C(=O)C(C)(C)C)n[nH]1,9.7,experimental,,,outlier_6953a540c65fc7f62640,confirm_assignment,pyrazole,"[3,4,5,6,7]",,2026-09-04T05:13:14.429895+00:00,3.5959961065927635,6.104003893407236,06fa8292818d5cbfecebc0565d68b0853f6dd08177079454d347044a92869f4a
FIXED_chembl26.sdf,8471,O=C1NC2(CCc3ccccc32)C(=O)N1CCCN1CCc2ccccc2C1,10.93,experimental,,,outlier_3b0a14fcb03ffd4555c8,confirm_assignment,tertiary_amine,[18],,2026-09-04T05:13:19.345088+00:00,3.588951233398804,7.341048766601196,06fa8292818d5cbfecebc0565d68b0853f6dd08177079454d347044a92869f4a
literature_compilation.sdf,133,O=C([O-])C(F)(F)C(F)(F)F,-0.4,experimental,,,outlier_303cc4d80993b0b13540,confirm_assignment,carboxylate,"[0,1,2]",,2026-09-04T05:13:21.615291+00:00,3.588930960179638,3.188930960179638,06fa8292818d5cbfecebc0565d68b0853f6dd08177079454d347044a92869f4a
FIXED_chembl26.sdf,1382,CCNC1=NS(=O)(=O)c2ccccc21,11.7,experimental,,,outlier_9667ead44bf8df2104ca,confirm_assignment,amidine,"[2,3,4]",,2026-09-04T05:13:23.429537+00:00,3.5829043984736835,8.117095601526316,06fa8292818d5cbfecebc0565d68b0853f6dd08177079454d347044a92869f4a
FIXED_chembl26.sdf,2334,c1cnccn1,0.7,experimental,,,outlier_36916fdb7b9b015cb846,confirm_assignment,pyrazine,"[0,1,2,3,4,5]",,2026-09-04T05:13:26.257729+00:00,3.57250979006642,4.27250979006642,06fa8292818d5cbfecebc0565d68b0853f6dd08177079454d347044a92869f4a
FIXED_chembl26.sdf,2335,c1cnccn1,0.4,experimental,,,outlier_a3db7654144a1ae47386,confirm_assignment,pyrazine,"[0,1,2,3,4,5]",,2026-09-04T05:13:27.443108+00:00,3.57250979006642,4.27250979006642,06fa8292818d5cbfecebc0565d68b0853f6dd08177079454d347044a92869f4a
literature_compilation.sdf,51,c1cnccn1,0.7,experimental,,,outlier_24ef0cab3d7113e5df65,confirm_assignment,pyrazine,"[0,1,2,3,4,5]",,2026-09-04T05:13:28.719643+00:00,3.57250979006642,4.27250979006642,06fa8292818d5cbfecebc0565d68b0853f6dd08177079454d347044a92869f4a
experimental_training_datasets.sdf,5355,O=NC(=O)CCc1ccc(CN(CCc2c[nH]c3ccccc23)CC(F)(F)F)cc1,3.2,experimental,,,outlier_3432974a03d70c950572,confirm_assignment,tertiary_amine,[11],,2026-09-04T05:13:34.395687+00:00,3.530636654341988,6.730636654341988,06fa8292818d5cbfecebc0565d68b0853f6dd08177079454d347044a92869f4a
FIXED_chembl26.sdf,608,O=S1NC(CCc2ccccc2)=NO1,5.23,experimental,,,outlier_3c9c0b9f13962f990ec0,confirm_assignment,n-hydroxyamidine,"[2,3,12,13]",,2026-09-04T05:13:37.097718+00:00,3.529042500725751,8.759042500725752,06fa8292818d5cbfecebc0565d68b0853f6dd08177079454d347044a92869f4a
experimental_training_datasets.sdf,5438,O=S1N=C(CCc2ccccc2)NO1,5.23,experimental,,,outlier_b9aea48f84021fb1d94a,confirm_assignment,amidine,"[8,9,13]",,2026-09-04T05:13:40.484763+00:00,3.529042500725751,8.759042500725752,06fa8292818d5cbfecebc0565d68b0853f6dd08177079454d347044a92869f4a
literature_compilation.sdf,1023,NC1=NC(=O)C([C@@H]2O[C@H](CO)[C@@H](O)[C@@H]2O)C=C1,4.3,experimental,,,outlier_92aee3ca5778b74eb9a1,confirm_assignment,amidine,"[10,11,12]",,2026-09-04T05:13:43.906970+00:00,3.506244916003664,7.806244916003663,06fa8292818d5cbfecebc0565d68b0853f6dd08177079454d347044a92869f4a
FIXED_chembl26.sdf,6494,O=c1c2ccccc2n(CCCCl)c2ccc(Cl)cc12,8.65,experimental,,,outlier_55844d529b0adc801854,confirm_assignment,quinoline,"[1,2,3,4,5,6,7,8,13,19]",,2026-09-04T05:13:47.010679+00:00,3.4982570485594904,5.15174295144051,06fa8292818d5cbfecebc0565d68b0853f6dd08177079454d347044a92869f4a
FIXED_chembl26.sdf,5860,CN(C(=O)N1CC(c2cc(F)ccc2F)=C[C@@]1(CO)c1ccccc1)C1CCN(CC(F)F)CC1,4.9,experimental,,,outlier_723b1d4673faa7c94572,confirm_assignment,tertiary_amine,[28],,2026-09-04T05:13:52.884114+00:00,3.494752797382425,8.394752797382425,06fa8292818d5cbfecebc0565d68b0853f6dd08177079454d347044a92869f4a
experimental_training_datasets.sdf,1980,CN(C(=O)N1CC(c2cc(F)ccc2F)=C[C@@]1(CO)c1ccccc1)C1CCN(CC(F)F)CC1,4.9,experimental,,,outlier_0c1db6b01d3219d1e313,confirm_assignment,tertiary_amine,[5],,2026-09-04T05:13:55.343682+00:00,3.494752797382425,8.394752797382425,06fa8292818d5cbfecebc0565d68b0853f6dd08177079454d347044a92869f4a
experimental_training_datasets.sdf,91,C/C(N)=[NH+]/O,5.9,experimental,,,outlier_c588b98a8e8797e6f8e4,confirm_assignment,n-hydroxyguanidine,"[1,2,3,4]",,2026-09-04T05:13:57.786274+00:00,3.493834730592388,9.393834730592388,06fa8292818d5cbfecebc0565d68b0853f6dd08177079454d347044a92869f4a
experimental_training_datasets.sdf,3947,Cc1nc2c(N)cccc2[nH]1,8.1,experimental,,,outlier_9aba33f537fec8767e14,confirm_assignment,aniline,"[7,10]",,2026-09-04T05:14:00.601684+00:00,3.491278769745361,4.608721230254639,06fa8292818d5cbfecebc0565d68b0853f6dd08177079454d347044a92869f4a
FIXED_chembl26.sdf,6486,O=c1c2ccccc2n(CCCCCl)c2ccc(Cl)cc12,8.85,experimental,,,outlier_65081564e60ae004750a,confirm_assignment,quinoline,"[1,2,3,4,5,6,7,8,14,20]",,2026-09-04T05:14:02.990598+00:00,3.4894638050914084,5.360536194908591,06fa8292818d5cbfecebc0565d68b0853f6dd08177079454d347044a92869f4a
FIXED_chembl26.sdf,938,CN1CC(=O)N=C1N,4.85,experimental,,,outlier_a24e1c23a4149cd2c3ff,confirm_assignment,guanidine,"[1,5,6,7]",,2026-09-04T05:14:05.118897+00:00,3.44944092370413,8.20444092370413,06fa8292818d5cbfecebc0565d68b0853f6dd08177079454d347044a92869f4a
FIXED_chembl26.sdf,939,CN1CC(=O)N=C1N,4.66,experimental,,,outlier_60da38bea325c6e5a68b,confirm_assignment,guanidine,"[1,5,6,7]",,2026-09-04T05:14:06.922833+00:00,3.44944092370413,8.20444092370413,06fa8292818d5cbfecebc0565d68b0853f6dd08177079454d347044a92869f4a
experimental_training_datasets.sdf,481,CC(C)(C)/C(N)=[NH+]/O,5.8,experimental,,,outlier_18b54d18c9cd9958962a,confirm_assignment,n-hydroxyguanidine,"[4,5,6,7]",,2026-09-04T05:14:08.707296+00:00,3.44902886099258,9.24902886099258,06fa8292818d5cbfecebc0565d68b0853f6dd08177079454d347044a92869f4a
experimental_training_datasets.sdf,1618,CCOC(=O)C1(c2ccccc2)CCN(CC(F)(F)F)CC1,3.13,experimental,,,outlier_ac690c9d81637e1d9aa9,confirm_assignment,tertiary_amine,[8],,2026-09-04T05:14:11.441504+00:00,3.447429389168983,6.577429389168983,06fa8292818d5cbfecebc0565d68b0853f6dd08177079454d347044a92869f4a
FIXED_chembl26.sdf,3031,Cc1nc2ccccc2n1[C@H]1C[C@H]2CC[C@@H](C1)N2CCC1(c2ccccc2)CCN(C(=O)C(C)(C)C)CC1,10.73,experimental,,,outlier_6f15b0ccc8ecec6c5e77,confirm_assignment,tertiary_amine,[17],,2026-09-04T05:14:16.741565+00:00,3.4413337136787243,7.288666286321276,06fa8292818d5cbfecebc0565d68b0853f6dd08177079454d347044a92869f4a
experimental_training_datasets.sdf,1061,CCC(=O)c1cc(C(=O)c2ccccc2)[nH]n1,9.14,experimental,,,outlier_8e464fbefda0a977895d,confirm_assignment,pyrazole,"[4,5,6,7,8]",,2026-09-04T05:14:19.245252+00:00,3.4331339203514126,5.706866079648588,06fa8292818d5cbfecebc0565d68b0853f6dd08177079454d347044a92869f4a
literature_compilation.sdf,227,N/C(=[NH+]\O)c1ccc(F)cc1,11.81,experimental,,,outlier_4d297a5036eae02c1a82,confirm_assignment,n-hydroxyguanidine,"[0,1,2,3]",,2026-09-04T05:14:22.025794+00:00,3.4319528274796784,8.378047172520322,06fa8292818d5cbfecebc0565d68b0853f6dd08177079454d347044a92869f4a
experimental_training_datasets.sdf,4356,N/C=[NH+]/O,5.05,experimental,,,outlier_9aea5eccf5047a537ea4,confirm_assignment,n-hydroxyguanidine,"[0,1,2,3]",,2026-09-04T05:14:23.476780+00:00,3.4272957150707155,8.477295715070715,06fa8292818d5cbfecebc0565d68b0853f6dd08177079454d347044a92869f4a
experimental_training_datasets.sdf,3349,Cc1cc(=O)n(C)cn1,2.1,experimental,,,outlier_f1e99eac19b3fb03fc91,confirm_assignment,pyrimidine,"[1,2,3,5,6,7]",,2026-09-04T05:14:25.061563+00:00,3.4267086253811434,5.526708625381144,06fa8292818d5cbfecebc0565d68b0853f6dd08177079454d347044a92869f4a
FIXED_chembl26.sdf,2892,O=c1ncnc2[nH][nH]cc1-2,9.7,experimental,,,outlier_0957a79d62ad53dea7b7,confirm_assignment,pyrimidine,"[1,2,3,4,5,9]",,2026-09-04T05:14:29.784300+00:00,3.415380995472046,5.934619004527954,06fa8292818d5cbfecebc0565d68b0853f6dd08177079454d347044a92869f4a
FIXED_chembl26.sdf,2893,O=c1ncnc2[nH][nH]cc1-2,9.0,experimental,,,outlier_dd4b927808dce0fb35b7,confirm_assignment,pyrimidine,"[1,2,3,4,5,9]",,2026-09-04T05:14:32.340040+00:00,3.415380995472046,5.934619004527954,06fa8292818d5cbfecebc0565d68b0853f6dd08177079454d347044a92869f4a
literature_compilation.sdf,230,NC1=C(/C(N)=C/O)[NH2+]C=N1,11.8,experimental,,,outlier_69b3f03dba670ad8216f,confirm_assignment,imine,"[8,9]",,2026-09-04T05:14:47.927378+00:00,3.405334481043093,8.394665518956907,06fa8292818d5cbfecebc0565d68b0853f6dd08177079454d347044a92869f4a
FIXED_chembl26.sdf,7868,Clc1ccccn1,0.72,experimental,,,outlier_37b1a69ee03b0edcef58,confirm_assignment,pyridine,"[1,2,3,4,5,6]",,2026-09-04T05:14:50.193134+00:00,3.402892374173555,4.122892374173555,06fa8292818d5cbfecebc0565d68b0853f6dd08177079454d347044a92869f4a
experimental_training_datasets.sdf,3268,Cc1[nH]n(C)c(=O)c1Cc1ccccc1,10.9,experimental,,,outlier_98ae245f3bec3cb853d5,confirm_assignment,pyrazole,"[1,2,3,5,6]",,2026-09-04T05:14:51.764808+00:00,3.3986206707605664,7.501379329239434,06fa8292818d5cbfecebc0565d68b0853f6dd08177079454d347044a92869f4a
experimental_training_datasets.sdf,2501,COc1ccc(C(=O)[S-])cc1,2.79,experimental,,,outlier_8098dc29fafc5826665a,confirm_assignment,sulfide,[10],,2026-09-04T05:14:54.757267+00:00,3.3971613937139704,6.18716139371397,06fa8292818d5cbfecebc0565d68b0853f6dd08177079454d347044a92869f4a
experimental_training_datasets.sdf,4713,Nc1n[nH]c2ccccc12,3.15,experimental,,,outlier_9cc385f1520e4b9ab905,confirm_assignment,aniline,"[6,9]",,2026-09-04T05:14:57.887501+00:00,3.3902822451533114,6.540282245153311,06fa8292818d5cbfecebc0565d68b0853f6dd08177079454d347044a92869f4a
FIXED_chembl26.sdf,2583,Cc1cc(COc2ccc(C(=O)NC3(CC(=O)NO)CCCCC3)cc2)c2ccccc2n1,10.1,experimental,,,outlier_f17b5c9bbb5945d7b8d3,exclude_wrong_site_unknown,,[],,2026-09-04T05:15:04.873755+00:00,3.369868190147965,6.730131809852034,06fa8292818d5cbfecebc0565d68b0853f6dd08177079454d347044a92869f4a
FIXED_chembl26.sdf,3623,Clc1ccc2[nH]c(-c3ccncc3)nc2c1,10.0,experimental,,,outlier_2e69d5d517f792c77b72,confirm_assignment,pyridine,"[7,8,9,10,11,12]",,2026-09-04T05:15:06.658097+00:00,3.35920924059993,6.64079075940007,06fa8292818d5cbfecebc0565d68b0853f6dd08177079454d347044a92869f4a
FIXED_chembl26.sdf,5957,COC(=O)c1ccccc1-c1c2ccc(=N)cc-2oc2cc(N)ccc12,4.57,experimental,,,outlier_099eb87323cda8d747b0,confirm_assignment,aniline,"[21,22]",,2026-09-04T05:15:08.740088+00:00,3.354910011318955,7.449910011318956,06fa8292818d5cbfecebc0565d68b0853f6dd08177079454d347044a92869f4a
FIXED_chembl26.sdf,5958,COC(=O)c1ccccc1-c1c2ccc(=N)cc-2oc2cc(N)ccc12,3.62,experimental,,,outlier_518cbe822ffcce76de4d,confirm_assignment,aniline,"[21,22]",,2026-09-04T05:15:12.102311+00:00,3.354910011318955,7.449910011318956,06fa8292818d5cbfecebc0565d68b0853f6dd08177079454d347044a92869f4a
experimental_training_datasets.sdf,2710,COc1cccc(C2NCCS2)c1,5.12,experimental,,,outlier_f1c637e95d58b70a3c36,confirm_assignment,secondary_amine,"[7,8,9]",,2026-09-04T05:15:15.303782+00:00,3.3349464503795625,8.454946450379563,06fa8292818d5cbfecebc0565d68b0853f6dd08177079454d347044a92869f4a
FIXED_chembl26.sdf,1810,CC1(C)Cc2cc(Cl)ccc2C(N[C@@H](Cc2ccccc2)c2noc(=O)[nH]2)=N1,4.0,experimental,,,outlier_37086e87a25a169553c9,confirm_assignment,amidine,"[11,12,27]",,2026-09-04T05:15:18.291398+00:00,3.330446396948416,7.330446396948416,06fa8292818d5cbfecebc0565d68b0853f6dd08177079454d347044a92869f4a
FIXED_chembl26.sdf,7940,CCC12CC3CC(CC(N)(C3)C1)C2,10.61,experimental,,,outlier_bc6785b92ec335317cc3,confirm_assignment,primary_amine,"[8,9]",,2026-09-04T05:15:20.814543+00:00,3.3219479840238995,7.2880520159761,06fa8292818d5cbfecebc0565d68b0853f6dd08177079454d347044a92869f4a
experimental_training_datasets.sdf,1135,CCC12CC3CC(CC([NH3+])(C3)C1)C2,10.61,experimental,,,outlier_8844c5472763f12df429,confirm_assignment,primary_ammonium,"[9,12]",,2026-09-04T05:15:22.445996+00:00,3.3219479840238995,7.2880520159761,06fa8292818d5cbfecebc0565d68b0853f6dd08177079454d347044a92869f4a
FIXED_chembl26.sdf,1795,C[C@H](CO)Nc1nc(SCc2ccccc2)nc2[nH]c(=O)[nH]c12,9.1,experimental,,,outlier_06118571d437520a1cef,confirm_assignment,aniline,"[4,5]",,2026-09-04T05:15:25.497969+00:00,3.321587076395451,5.778412923604549,06fa8292818d5cbfecebc0565d68b0853f6dd08177079454d347044a92869f4a
FIXED_chembl26.sdf,2367,CC1(C)C(=O)NC(=N)N1CCc1cccc(Cl)c1,4.4,experimental,,,outlier_e5154062c455980cf528,confirm_assignment,guanidine,"[5,6,7,8]",,2026-09-04T05:15:27.476440+00:00,3.319936722274264,7.719936722274264,06fa8292818d5cbfecebc0565d68b0853f6dd08177079454d347044a92869f4a
FIXED_chembl26.sdf,7685,CCCCc1nc(Cl)c(CC(=O)OC)n1Cc1ccc(NC(=O)c2ccccc2NS(C)(=O)=O)cc1,8.9,experimental,,,outlier_e900b38f867ac1b5e1f3,confirm_assignment,imidazole,"[4,5,6,8,14]",,2026-09-04T05:15:31.192568+00:00,3.315555076363577,5.584444923636423,06fa8292818d5cbfecebc0565d68b0853f6dd08177079454d347044a92869f4a
literature_compilation.sdf,1360,CCCCC1C(=O)N(c2ccccc2)N(c2ccc(O)cc2)C1=O,4.7,experimental,,,outlier_286f39f5f5ef02fb6cb0,confirm_assignment,phenol,"[12,13]",,2026-09-04T05:15:35.451565+00:00,3.3132824997066725,8.013282499706673,06fa8292818d5cbfecebc0565d68b0853f6dd08177079454d347044a92869f4a
FIXED_chembl26.sdf,2933,Cc1cc(C)nc(SC(F)(F)c2nc3ccccc3o2)n1,1.3,experimental,,,outlier_f14a7baa6d42c35da001,confirm_assignment,pyrimidine,"[1,2,3,5,6,20]",,2026-09-04T05:15:37.635226+00:00,3.2984792856979768,4.598479285697977,06fa8292818d5cbfecebc0565d68b0853f6dd08177079454d347044a92869f4a
experimental_training_datasets.sdf,4260,N#CC(C#N)N=Nc1ccccc1C(=O)[O-],6.7,experimental,,,outlier_fab3f1a99ccbbdfc3c6c,confirm_assignment,carboxylate,"[6,7,8]",,2026-09-04T05:15:40.560769+00:00,3.29771623312409,3.40228376687591,06fa8292818d5cbfecebc0565d68b0853f6dd08177079454d347044a92869f4a
FIXED_chembl26.sdf,897,O=S1(=O)NCN(CCF)c2ccc(Cl)cc21,9.35,experimental,,,outlier_ba17fb66b08c953fd0fb,confirm_assignment,aniline,"[5,9]",,2026-09-04T05:15:42.386802+00:00,3.2827701897705124,6.067229810229487,06fa8292818d5cbfecebc0565d68b0853f6dd08177079454d347044a92869f4a
experimental_training_datasets.sdf,880,CC1(C)C=C2N=C3CC(C)(C)CC(=O)C3CC2C(=O)C1,3.6,experimental,,,outlier_beec7dedf59a26d654a7,confirm_assignment,imine,"[3,4]",,2026-09-04T05:15:45.338900+00:00,3.275686637687135,6.875686637687135,06fa8292818d5cbfecebc0565d68b0853f6dd08177079454d347044a92869f4a
FIXED_chembl26.sdf,894,CCN1CNS(=O)(=O)c2cc(Cl)ccc21,9.33,experimental,,,outlier_c54353d29fc3c8b95e6d,confirm_assignment,aniline,"[2,14]",,2026-09-04T05:15:47.429686+00:00,3.2734196683109014,6.056580331689099,06fa8292818d5cbfecebc0565d68b0853f6dd08177079454d347044a92869f4a
novartis_testdata.sdf,250,O=C1CN=C(c2ccccc2)c2cc3ccccc3cc2N1,3.8,experimental,,,outlier_9025e9048dc2765c1143,confirm_assignment,imine,"[6,7]",,2026-09-04T05:15:49.367158+00:00,3.269548295003294,7.069548295003294,06fa8292818d5cbfecebc0565d68b0853f6dd08177079454d347044a92869f4a
FIXED_chembl26.sdf,5741,CCCn1c(=O)c2nc(-c3ccccc3N)[nH]c2n(CCC)c1=O,9.1,experimental,,,outlier_0c5bd1f396fbab6cc7a8,confirm_assignment,aniline,"[14,15]",,2026-09-04T05:15:51.130141+00:00,3.2680896028993365,5.831910397100663,06fa8292818d5cbfecebc0565d68b0853f6dd08177079454d347044a92869f4a
FIXED_chembl26.sdf,6769,BP(=O)(OC[C@H]1O[C@@H](n2cnc3c(N)nc(SC)nc32)[C@H](O)[C@@H]1O)OP(=O)(O)CP(=O)(O)O,8.4,experimental,,,outlier_cb38109f7ba520f4c8bb,confirm_assignment,aniline,"[12,13]",,2026-09-04T05:15:56.842978+00:00,3.249821490980729,5.150178509019272,06fa8292818d5cbfecebc0565d68b0853f6dd08177079454d347044a92869f4a
FIXED_chembl26.sdf,2009,Cn1ccnc1F,2.3,experimental,,,outlier_695be55b7927400a7a9d,confirm_assignment,imidazole,"[1,2,3,4,5]",,2026-09-04T05:15:59.286375+00:00,3.246345171803812,5.546345171803812,06fa8292818d5cbfecebc0565d68b0853f6dd08177079454d347044a92869f4a
experimental_training_datasets.sdf,4151,Cn1ccnc1F,2.3,experimental,,,outlier_74f9bde5487ee468c18d,confirm_assignment,imidazole,"[1,2,3,4,5]",,2026-09-04T05:16:00.787189+00:00,3.246345171803812,5.546345171803812,06fa8292818d5cbfecebc0565d68b0853f6dd08177079454d347044a92869f4a
literature_compilation.sdf,62,O=C1CN=C(c2ccccc2)c2ccccc2N1,3.5,experimental,,,outlier_c9e3c386a052c3526f46,confirm_assignment,imine,"[3,4]",,2026-09-04T05:16:02.984638+00:00,3.23370835601299,6.73370835601299,06fa8292818d5cbfecebc0565d68b0853f6dd08177079454d347044a92869f4a
FIXED_chembl26.sdf,8327,CCCCc1nc(Cl)c(CO)n1Cc1ccc(-c2ccccc2-c2nnn[nH]2)cc1,2.95,experimental,,,outlier_d73c1cedd7c2f9c39eba,confirm_assignment,imidazole,"[4,5,6,8,11]",,2026-09-04T05:16:07.676278+00:00,3.23133502845989,6.18133502845989,06fa8292818d5cbfecebc0565d68b0853f6dd08177079454d347044a92869f4a
novartis_testdata.sdf,59,CCc1ccc(-c2cn3c([nH+]2)SCC3)cc1,4.8,experimental,,,outlier_6cc4e1f307c197a29120,confirm_assignment,imidazolium,"[8,9,10,11,12]",,2026-09-04T05:16:09.860181+00:00,3.2220192964552856,8.022019296455285,06fa8292818d5cbfecebc0565d68b0853f6dd08177079454d347044a92869f4a
FIXED_chembl26.sdf,2859,COC(=O)N[C@H](C(=O)N1CC(F)(F)C[C@H]1c1ncc(-c2ccc(-c3ccc4c(ccc5nc([C@@H]6C[Si](C)(C)CN6C(=O)[C@@H](NC(=O)OC)C(C)C)[nH]c54)c3)cc2)[nH]1)C(C)C,3.57,experimental,,,outlier_538a7464f0cf66195c4e,confirm_assignment,imidazole,"[15,16,17,18,56]",,2026-09-04T05:16:14.291546+00:00,3.2127790675040884,6.782779067504088,06fa8292818d5cbfecebc0565d68b0853f6dd08177079454d347044a92869f4a
experimental_training_datasets.sdf,5819,[O-][n+]1ccc(O)cc1,5.76,experimental,,,outlier_1fe6115bf2646fb069e5,confirm_assignment,phenol,"[6,7]",,2026-09-04T05:16:20.485145+00:00,3.209404075694259,8.969404075694259,06fa8292818d5cbfecebc0565d68b0853f6dd08177079454d347044a92869f4a
experimental_training_datasets.sdf,4292,N#CCN1CCOCC1,2.0,experimental,,,outlier_e43bbc6f69066e8de3f1,confirm_assignment,tertiary_amine,[5],,2026-09-04T05:16:25.054512+00:00,3.199068141261812,5.199068141261812,06fa8292818d5cbfecebc0565d68b0853f6dd08177079454d347044a92869f4a
experimental_training_datasets.sdf,424,CC(=O)c1cc(C(=O)c2ccccc2)[nH]n1,9.01,experimental,,,outlier_049eeb7ad9aa6c3d5535,confirm_assignment,pyrazole,"[3,4,5,6,7]",,2026-09-04T05:16:27.029352+00:00,3.1726165701868565,5.837383429813143,06fa8292818d5cbfecebc0565d68b0853f6dd08177079454d347044a92869f4a
experimental_training_datasets.sdf,1163,CCCC(=O)c1cc(C(C)=O)n[nH]1,9.28,experimental,,,outlier_0e6f6641c3ccc771d4b4,confirm_assignment,pyrazole,"[5,6,7,8,9]",,2026-09-04T05:16:28.543549+00:00,3.1653082581571947,6.114691741842805,06fa8292818d5cbfecebc0565d68b0853f6dd08177079454d347044a92869f4a
novartis_testdata.sdf,209,Nc1n[nH]c2cc(Br)ccc12,2.9,experimental,,,outlier_d01efbf3fc8672e25d76,confirm_assignment,aniline,"[9,10]",,2026-09-04T05:16:30.074305+00:00,3.161179357069128,6.061179357069127,06fa8292818d5cbfecebc0565d68b0853f6dd08177079454d347044a92869f4a
FIXED_chembl26.sdf,8213,N#CNS(=O)(=O)c1ccc(N)cc1,2.92,experimental,,,outlier_648aee778040cc64dc30,confirm_assignment,aniline,"[9,10]",,2026-09-04T05:16:33.230051+00:00,3.1441053025314485,6.064105302531448,06fa8292818d5cbfecebc0565d68b0853f6dd08177079454d347044a92869f4a
experimental_training_datasets.sdf,4295,N#CNS(=O)(=O)c1ccc(N)cc1,2.92,experimental,,,outlier_5e9f261c982ebf136a51,confirm_assignment,aniline,"[5,6]",,2026-09-04T05:16:35.281171+00:00,3.1441053025314485,6.064105302531448,06fa8292818d5cbfecebc0565d68b0853f6dd08177079454d347044a92869f4a
FIXED_chembl26.sdf,7942,CC12CC3CC(C1)CC(N)(C3)C2,10.56,experimental,,,outlier_bf55907f6b0ff62deff8,confirm_assignment,primary_amine,"[8,9]",,2026-09-04T05:16:38.040080+00:00,3.13192678222811,7.428073217771891,06fa8292818d5cbfecebc0565d68b0853f6dd08177079454d347044a92869f4a
experimental_training_datasets.sdf,948,CC12CC3CC(C1)CC([NH3+])(C3)C2,10.56,experimental,,,outlier_513fc7cf7ab211f6c248,confirm_assignment,primary_ammonium,"[8,11]",,2026-09-04T05:16:39.692423+00:00,3.13192678222811,7.428073217771891,06fa8292818d5cbfecebc0565d68b0853f6dd08177079454d347044a92869f4a
experimental_training_datasets.sdf,3448,Cc1cc(Cl)n(C)c2nc3ccccc3c1-2,7.45,experimental,,,outlier_4add0e46faf6b482d2c8,confirm_assignment,pyridine,"[1,2,3,4,5,13]",,2026-09-04T05:16:44.071100+00:00,3.114529274105105,4.335470725894895,06fa8292818d5cbfecebc0565d68b0853f6dd08177079454d347044a92869f4a
FIXED_chembl26.sdf,6032,CC(C)/C(=N\O)c1ccc(Sc2cc(F)cc(C3CCOCC3)c2)cc1,10.8,experimental,,,outlier_58edc292a86d926c1c8d,confirm_assignment,imine,"[3,4]",,2026-09-04T05:16:45.724033+00:00,3.11446539267264,7.685534607327361,06fa8292818d5cbfecebc0565d68b0853f6dd08177079454d347044a92869f4a
FIXED_chembl26.sdf,2875,O=C(O)C(F)(F)F,0.5,experimental,,,outlier_2729f306905fee875b72,confirm_assignment,carboxylic_acid,"[0,1,2]",,2026-09-04T05:16:48.566434+00:00,3.1114934886038386,3.3414934886038385,06fa8292818d5cbfecebc0565d68b0853f6dd08177079454d347044a92869f4a
FIXED_chembl26.sdf,2876,O=C(O)C(F)(F)F,0.23,experimental,,,outlier_9334ce38fd808cdfd846,confirm_assignment,carboxylic_acid,"[0,1,2]",,2026-09-04T05:16:50.230662+00:00,3.1114934886038386,3.3414934886038385,06fa8292818d5cbfecebc0565d68b0853f6dd08177079454d347044a92869f4a
literature_compilation.sdf,140,O=C([O-])C(F)(F)F,0.2,experimental,,,outlier_5e4cb2eeec02ea8fb85b,confirm_assignment,carboxylate,"[0,1,2]",,2026-09-04T05:16:51.563559+00:00,3.1114934886038386,3.3414934886038385,06fa8292818d5cbfecebc0565d68b0853f6dd08177079454d347044a92869f4a
experimental_training_datasets.sdf,3873,Cc1cn2nc(-c3ccccc3)ccc2[nH+]1,5.09,experimental,,,outlier_9e16df7b9a133e5ba05f,confirm_assignment,imidazolium,"[1,2,3,4,5]",,2026-09-04T05:16:54.526203+00:00,3.101338567346282,8.191338567346282,06fa8292818d5cbfecebc0565d68b0853f6dd08177079454d347044a92869f4a
FIXED_chembl26.sdf,7869,Brc1ccccn1,0.9,experimental,,,outlier_0204970721a3f879e5d0,confirm_assignment,pyridine,"[1,2,3,4,5,6]",,2026-09-04T05:16:56.004924+00:00,3.100337856351778,4.000337856351778,06fa8292818d5cbfecebc0565d68b0853f6dd08177079454d347044a92869f4a
experimental_training_datasets.sdf,5751,[NH3+]CC(N=O)c1ccc(Sc2cc(F)cc(C3CCOCC3)c2)cc1,11.5,experimental,,,outlier_b806dfde65b880ce3785,confirm_assignment,primary_ammonium,"[7,8]",,2026-09-04T05:17:21.481110+00:00,3.091470190021621,8.40852980997838,06fa8292818d5cbfecebc0565d68b0853f6dd08177079454d347044a92869f4a
literature_compilation.sdf,294,O=C([O-])O,6.352,experimental,-h,,outlier_a1c18e3d373653b1363d,confirm_assignment,carboxylate,"[0,1,2]",,2026-09-04T05:17:23.346234+00:00,3.0695775116210364,3.282422488378964,06fa8292818d5cbfecebc0565d68b0853f6dd08177079454d347044a92869f4a
experimental_training_datasets.sdf,2223,COC(=O)[C@@H]1CSCN1,3.92,experimental,,,outlier_ab5197f60a94ed9cda4c,confirm_assignment,secondary_amine,"[4,7,8]",,2026-09-04T05:17:26.993806+00:00,3.063587753921009,6.983587753921009,06fa8292818d5cbfecebc0565d68b0853f6dd08177079454d347044a92869f4a
FIXED_chembl26.sdf,1945,Cc1ncc[nH]1,7.86,experimental,,,outlier_759eef638f541667e94d,confirm_assignment,imidazole,"[1,2,3,4,5]",,2026-09-04T05:17:29.146189+00:00,3.0622314272958,4.8344355727042,06fa8292818d5cbfecebc0565d68b0853f6dd08177079454d347044a92869f4a
experimental_training_datasets.sdf,4015,Cc1ncc[nH]1,7.896667,experimental,,,outlier_4108db0ae02585574309,confirm_assignment,imidazole,"[1,2,3,4,5]",,2026-09-04T05:17:30.490224+00:00,3.0622314272958,4.8344355727042,06fa8292818d5cbfecebc0565d68b0853f6dd08177079454d347044a92869f4a
literature_compilation.sdf,43,Cc1[nH]cc[nH+]1,8.0,experimental,,,outlier_80cc56b0dbd5f38f3ba4,confirm_assignment,imidazolium,"[1,2,3,4,5]",,2026-09-04T05:17:31.947053+00:00,3.0622314272958,4.8344355727042,06fa8292818d5cbfecebc0565d68b0853f6dd08177079454d347044a92869f4a
FIXED_chembl26.sdf,5152,COc1cccc(NC2Oc3ccccc3C=C2[N+](=O)[O-])c1,4.2,experimental,,,outlier_306bbe4960b5392d61ca,exclude_wrong_site_unknown,,[],,2026-09-04T05:17:40.643720+00:00,3.0620815778626183,7.262081577862618,06fa8292818d5cbfecebc0565d68b0853f6dd08177079454d347044a92869f4a
FIXED_chembl26.sdf,5728,NS(=O)(=O)c1cc2c(s1)SC(CCO)CN2,9.62,experimental,,,outlier_793fd3532db0c60c4b66,confirm_assignment,aniline,"[6,15]",,2026-09-04T05:17:44.381833+00:00,3.0599339328847472,6.560066067115252,06fa8292818d5cbfecebc0565d68b0853f6dd08177079454d347044a92869f4a
experimental_training_datasets.sdf,4439,NC(=[NH2+])c1ccccc1,11.8,experimental,,,outlier_4f18c1caa93adf8ad071,confirm_assignment,amidinium,"[6,7,8]",,2026-09-04T05:17:51.578382+00:00,3.050406237328035,8.749593762671966,06fa8292818d5cbfecebc0565d68b0853f6dd08177079454d347044a92869f4a
FIXED_chembl26.sdf,6124,COc1ccc(C(CCC(N)C(F)(F)F)(c2ccccc2)c2ccc(C)cc2)cc1,4.63,experimental,,,outlier_7fda0e617c0fd4a1714f,confirm_assignment,primary_amine,"[9,10]",,2026-09-04T05:17:55.337712+00:00,3.048375528985389,7.678375528985389,06fa8292818d5cbfecebc0565d68b0853f6dd08177079454d347044a92869f4a
experimental_training_datasets.sdf,2515,COc1ccc(C(CCC(N)C(F)(F)F)(c2ccccc2)c2ccc(C)cc2)cc1,4.63,experimental,,,outlier_5e8051c3caeae57e5cfb,confirm_assignment,primary_amine,"[10,15]",,2026-09-04T05:17:58.157783+00:00,3.048375528985389,7.678375528985389,06fa8292818d5cbfecebc0565d68b0853f6dd08177079454d347044a92869f4a
experimental_training_datasets.sdf,3686,Cc1ccc2nc(C)c3c(c2c1)OC(C)C3C,7.65,experimental,,,outlier_d64c61311971c53dc0a0,confirm_assignment,quinoline,"[1,2,3,4,5,6,7,8,9,10]",,2026-09-04T05:18:01.297665+00:00,3.036385123033493,4.613614876966508,06fa8292818d5cbfecebc0565d68b0853f6dd08177079454d347044a92869f4a
FIXED_chembl26.sdf,5263,CSc1nc(N)c2ncn([C@@H]3O[C@H](COP(=O)(O)OP(=O)(O)CP(=O)(O)O)[C@@H](O)[C@H]3O)c2n1,8.4,experimental,,,outlier_4087123364ab3d07ed1a,confirm_assignment,aniline,"[4,5]",,2026-09-04T05:18:08.686341+00:00,3.0301862187237427,5.369813781276258,06fa8292818d5cbfecebc0565d68b0853f6dd08177079454d347044a92869f4a
FIXED_chembl26.sdf,6767,BP(=O)(OC[C@H]1O[C@@H](n2cnc3c(N)ncnc32)[C@H](O)[C@@H]1O)OP(=O)(O)CP(=O)(O)O,8.4,experimental,,,outlier_2ccb3fa4ea3f6046ba90,confirm_assignment,aniline,"[12,13]",,2026-09-04T05:18:12.293563+00:00,3.026446155464381,5.37355384453562,06fa8292818d5cbfecebc0565d68b0853f6dd08177079454d347044a92869f4a
experimental_training_datasets.sdf,3905,Cc1cncc(C)n1,2.11,experimental,,,outlier_0290d9f776f267706952,confirm_assignment,pyrazine,"[1,2,3,4,5,6]",,2026-09-04T05:18:13.875832+00:00,3.02226977243915,5.13226977243915,06fa8292818d5cbfecebc0565d68b0853f6dd08177079454d347044a92869f4a
experimental_training_datasets.sdf,2552,COc1ccc(C[NH+]=C(N)C(Cl)(Cl)Cl)cc1,6.0,experimental,,,outlier_de793366bd5fa97a71ef,confirm_assignment,amidinium,"[9,10,15]",,2026-09-04T05:18:16.386011+00:00,3.011306995854282,9.011306995854282,06fa8292818d5cbfecebc0565d68b0853f6dd08177079454d347044a92869f4a
experimental_training_datasets.sdf,3547,Cc1ccc(C(=O)[S-])cc1,2.59,experimental,,,outlier_ae745aa2ca0885f5fc2f,confirm_assignment,sulfide,[9],,2026-09-04T05:18:18.452325+00:00,3.00894635839026,5.5989463583902594,06fa8292818d5cbfecebc0565d68b0853f6dd08177079454d347044a92869f4a
FIXED_chembl26.sdf,2877,O=C(O)C[N+](=O)[O-],1.68,experimental,,,outlier_512fbce542bdbeaef8a0,confirm_assignment,carboxylic_acid,"[0,1,2]",,2026-09-04T05:18:22.104178+00:00,3.0083071976485707,4.68830719764857,06fa8292818d5cbfecebc0565d68b0853f6dd08177079454d347044a92869f4a
FIXED_chembl26.sdf,895,O=S1(=O)NCN(CC(F)(F)F)c2ccc(Cl)cc21,9.01,experimental,,,outlier_251fbcb14384486b73ab,confirm_assignment,aniline,"[5,11]",,2026-09-04T05:18:24.917514+00:00,3.008123283917186,6.001876716082814,06fa8292818d5cbfecebc0565d68b0853f6dd08177079454d347044a92869f4a
FIXED_chembl26.sdf,3625,Clc1cc2nc(-c3ccncc3)[nH]c2cc1Cl,9.33,experimental,,,outlier_7b057a2bcfdcf28af9dd,confirm_assignment,pyridine,"[6,7,8,9,10,11]",,2026-09-04T05:18:26.423093+00:00,3.0080854503519445,6.321914549648056,06fa8292818d5cbfecebc0565d68b0853f6dd08177079454d347044a92869f4a
FIXED_chembl26.sdf,3336,NCCCOP(=O)(O)NCCCl,1.6,experimental,,,outlier_77158a951a7fcf1ab8c4,confirm_assignment,primary_amine,"[0,1]",,2026-09-04T06:19:00.517525+00:00,6.692532359268059,8.292532359268058,06fa8292818d5cbfecebc0565d68b0853f6dd08177079454d347044a92869f4a
FIXED_chembl26.sdf,5585,O[C@H](CNC[C@@H](O)[C@H]1CCc2cc(F)ccc2O1)[C@@H]1CCc2cc(F)ccc2O1,13.98,experimental,,,outlier_344fc437873fcf650a90,confirm_assignment,secondary_amine,"[2,3,4]",,2026-09-04T06:19:08.130318+00:00,6.499599727594523,7.480400272405477,06fa8292818d5cbfecebc0565d68b0853f6dd08177079454d347044a92869f4a
FIXED_chembl26.sdf,3343,O=P(O)(NCCCl)OCCCNCCCl,1.6,experimental,,,outlier_6862a41ae2fb8d57d4b6,confirm_assignment,secondary_amine,"[10,11,12]",,2026-09-04T06:19:12.104403+00:00,5.907037689919784,7.507037689919784,06fa8292818d5cbfecebc0565d68b0853f6dd08177079454d347044a92869f4a
FIXED_chembl26.sdf,1995,Cn1ccnc1[N+](=O)[O-],-0.48,experimental,,,outlier_630654f5c1590b1c3e7a,confirm_assignment,imidazole,"[1,2,3,4,5]",,2026-09-04T06:19:15.799783+00:00,5.4990212762564425,5.4990212762564425,06fa8292818d5cbfecebc0565d68b0853f6dd08177079454d347044a92869f4a
FIXED_chembl26.sdf,1996,Cn1ccnc1[N+](=O)[O-],0.48,experimental,,,outlier_bc53a59e43d08844a23b,confirm_assignment,imidazole,"[1,2,3,4,5]",,2026-09-04T06:19:18.094065+00:00,5.4990212762564425,5.4990212762564425,06fa8292818d5cbfecebc0565d68b0853f6dd08177079454d347044a92869f4a
FIXED_chembl26.sdf,947,CS(=O)(=O)c1ccc([C@@H](CC2CCCC2)C(=O)Nc2cnc([C@H](O)CO)cn2)cc1Cl,11.42,experimental,,,outlier_df40011db2965144509d,confirm_assignment,pyrazine,"[18,19,20,21,26,27]",,2026-09-04T06:19:26.492805+00:00,5.308316948712397,6.111683051287603,06fa8292818d5cbfecebc0565d68b0853f6dd08177079454d347044a92869f4a
FIXED_chembl26.sdf,3342,NP(=O)(O)OCCCNCCCl,2.3,experimental,,,outlier_62964e39db34a269dbb0,confirm_assignment,secondary_amine,"[7,8,9]",,2026-09-04T06:19:40.445696+00:00,4.998315924486756,7.298315924486756,06fa8292818d5cbfecebc0565d68b0853f6dd08177079454d347044a92869f4a
literature_compilation.sdf,61,CN1C(=O)C(O)N=C(c2ccccc2)c2ccccc21,1.6,experimental,,,outlier_60bb6660349328ec9d8c,confirm_assignment,imine,"[4,5]",,2026-09-04T06:19:45.139170+00:00,4.692965299216896,6.292965299216895,06fa8292818d5cbfecebc0565d68b0853f6dd08177079454d347044a92869f4a
FIXED_chembl26.sdf,6938,Nc1ncnc2c1ncn2CCOCP(=O)(O)O,1.3,experimental,,,outlier_b1dcdde04075d1a5c8b0,confirm_assignment,aniline,"[0,1]",,2026-09-04T06:19:51.856950+00:00,4.68928932704764,5.98928932704764,06fa8292818d5cbfecebc0565d68b0853f6dd08177079454d347044a92869f4a
FIXED_chembl26.sdf,5491,CCCCNP(=O)(O)OCC1OC(n2cc(C)c(=O)[nH]c2=O)CC1N=[N+]=[N-],10.64,experimental,,,outlier_7c65fbb4fd770af7bf9d,reassign_site,pyrimidine,"[13,14,15,17,19,20]",,2026-09-04T06:20:39.151991+00:00,3.0929595551801,7.547040444819901,06fa8292818d5cbfecebc0565d68b0853f6dd08177079454d347044a92869f4a
FIXED_chembl26.sdf,7435,OCc1c(C(F)(F)F)nc2c(OCc3ccccc3)cccn12,2.0,experimental,,,outlier_a6dd13b73ba1af75c7a9,reassign_site,primary_alcohol,"[0,1]",,2026-09-04T06:21:03.219174+00:00,,,functional_group_detector:2.0.0
experimental_training_datasets.sdf,2640,COc1ccc2c(c1)C(O)[NH+](C)C=C2,2.15,experimental,,,outlier_45550c3a1a25d1ba2aec,reassign_site,secondary_alcohol,"[10,11]",,2026-09-04T06:21:16.652375+00:00,,,functional_group_detector:2.0.0
experimental_training_datasets.sdf,595,CC(C)=CC[C@@H]1C([O-])=C(C(=O)CC(C)C)C(=O)[C@H]1[O-],2.35,experimental,,,outlier_d8775ef4607f36961640,confirm_assignment,alkoxide,"[17,18]",,2026-09-04T06:21:22.166469+00:00,,,functional_group_detector:2.0.0
experimental_training_datasets.sdf,5563,[O-]CCNC(=S)S,2.82,experimental,,,outlier_856105debb8ea43b110f,reassign_site,alkoxide,"[0,1]",,2026-09-04T06:21:25.484169+00:00,,,functional_group_detector:2.0.0
FIXED_chembl26.sdf,4812,COc1cc(C)c(C(=O)NS(=O)(=O)c2ccccc2)cc1-c1ccc(C#CCO)s1,3.8,experimental,,,outlier_529916e10d7ec6e91e98,reassign_site,primary_alcohol,"[27,28]",,2026-09-04T06:21:35.717957+00:00,,,functional_group_detector:2.0.0
FIXED_chembl26.sdf,4815,COc1cccc(S(=O)(=O)NC(=O)c2cc(-c3ccc(C#CCO)s3)c(Cl)cc2OC)c1,3.8,experimental,,,outlier_864852594dbb4c399993,reassign_site,primary_alcohol,"[22,23]",,2026-09-04T06:21:39.544141+00:00,,,functional_group_detector:2.0.0
experimental_training_datasets.sdf,2381,COc1cc(C)c(C(=O)NS(=O)(=O)c2ccccc2)cc1-c1ccc(C#CC[O-])s1,3.8,experimental,,,outlier_2704e3182c1485beaee7,reassign_site,alkoxide,"[27,28]",,2026-09-04T06:21:42.733088+00:00,,,functional_group_detector:2.0.0
experimental_training_datasets.sdf,2723,COc1cccc(S(=O)(=O)NC(=O)c2cc(-c3ccc(C#CC[O-])s3)c(Cl)cc2OC)c1,3.8,experimental,,,outlier_df7792137bb15df61de2,reassign_site,alkoxide,"[22,23]",,2026-09-04T06:21:45.578302+00:00,,,functional_group_detector:2.0.0
experimental_training_datasets.sdf,2382,COc1cc(C)c(C(=O)NS(C)(=O)=O)cc1-c1ccc(C#CC[O-])s1,4.0,experimental,,,outlier_a3d71651fc63c1a19504,reassign_site,alkoxide,"[22,23]",,2026-09-04T06:21:47.865497+00:00,,,functional_group_detector:2.0.0
experimental_training_datasets.sdf,4127,Cn1c(C[O-])nc2ccccc21,4.36,experimental,,,outlier_3129fafccedb57fcb727,reassign_site,alkoxide,"[3,4]",,2026-09-04T06:21:50.063349+00:00,,,functional_group_detector:2.0.0
FIXED_chembl26.sdf,4814,COc1cccc(S(=O)(=O)NC(=O)c2cc(-c3ccc(C#CCO)s3)c(OC)cc2OC)c1,4.7,experimental,,,outlier_d269acc25a77eb76f8f3,reassign_site,primary_alcohol,"[22,23]",,2026-09-04T06:21:54.930039+00:00,,,functional_group_detector:2.0.0
experimental_training_datasets.sdf,2724,COc1cccc(S(=O)(=O)NC(=O)c2cc(-c3ccc(C#CC[O-])s3)c(OC)cc2OC)c1,4.7,experimental,,,outlier_4b09da09c04ab0ab8fef,reassign_site,alkoxide,"[22,23]",,2026-09-04T06:21:57.952308+00:00,,,functional_group_detector:2.0.0
FIXED_chembl26.sdf,4811,COc1cc(C)c(S(=O)(=O)NC(C)=O)cc1-c1ccc(C#CCO)s1,4.8,experimental,,,outlier_b7e0de81cccdc134001a,reassign_site,primary_alcohol,"[22,23]",,2026-09-04T06:22:00.879175+00:00,,,functional_group_detector:2.0.0
FIXED_chembl26.sdf,4813,COc1cc(OC)c(-c2ccc(C#CCO)s2)cc1C(=O)NS(=O)(=O)c1ccccc1,4.8,experimental,,,outlier_027b401e904643b3ad63,reassign_site,primary_alcohol,"[14,15]",,2026-09-04T06:22:03.757908+00:00,,,functional_group_detector:2.0.0
experimental_training_datasets.sdf,2385,COc1cc(C)c(S(=O)(=O)NC(C)=O)cc1-c1ccc(C#CC[O-])s1,4.8,experimental,,,outlier_166ab73f7531443e1c06,reassign_site,alkoxide,"[22,23]",,2026-09-04T06:22:06.271964+00:00,,,functional_group_detector:2.0.0
experimental_training_datasets.sdf,2408,COc1cc(OC)c(-c2ccc(C#CC[O-])s2)cc1C(=O)NS(=O)(=O)c1ccccc1,4.8,experimental,,,outlier_d3b4d61ea378e277721f,reassign_site,alkoxide,"[14,15]",,2026-09-04T06:22:08.551828+00:00,,,functional_group_detector:2.0.0
experimental_training_datasets.sdf,2614,COc1ccc(OC)c2c1nc(C[O-])n2C,5.24,experimental,,,outlier_6ddf1a426755363bb2d6,reassign_site,alkoxide,"[12,13]",,2026-09-04T06:22:10.982559+00:00,,,functional_group_detector:2.0.0
experimental_training_datasets.sdf,5576,[O-]CCn1cnc2ccccc21,5.29,experimental,,,outlier_f86cdd76f368962ef182,reassign_site,alkoxide,"[0,1]",,2026-09-04T06:22:14.082763+00:00,,,functional_group_detector:2.0.0
experimental_training_datasets.sdf,578,CC(C)(O)c1ccn2ccnc2c1F,5.4,experimental,,,outlier_749bf8191e61d013bde3,reassign_site,tertiary_alcohol,"[1,13]",,2026-09-04T06:22:18.654721+00:00,,,functional_group_detector:2.0.0
experimental_training_datasets.sdf,5600,[O-]Cn1cnc2ccccc21,5.44,experimental,,,outlier_75eba55317c0bc97410f,reassign_site,alkoxide,"[0,1]",,2026-09-04T06:22:20.594007+00:00,,,functional_group_detector:2.0.0
FIXED_chembl26.sdf,7626,CC(=O)NCc1cccc(Cn2nc(NS(=O)(=O)c3ccc(Cl)s3)c3c(C(C)(C)O)cccc32)c1,5.46,experimental,,,outlier_a1cd37c1c8bfb2fdb8f5,reassign_site,tertiary_alcohol,"[26,29]",,2026-09-04T06:22:28.115012+00:00,,,functional_group_detector:2.0.0
experimental_training_datasets.sdf,336,CC(=O)NCc1cccc(Cn2nc(NS(=O)(=O)c3ccc(Cl)s3)c3c(C(C)(C)O)cccc32)c1,5.46,experimental,,,outlier_aa9d86acf3a43d80f73b,reassign_site,tertiary_alcohol,"[31,34]",,2026-09-04T06:22:33.162783+00:00,,,functional_group_detector:2.0.0
experimental_training_datasets.sdf,2380,COc1cc(C)c(-c2noc(=O)[nH]2)cc1-c1ccc(C#CC[O-])s1,5.5,experimental,,,outlier_73b2cf1ead75f1e4625d,reassign_site,alkoxide,"[21,22]",,2026-09-04T06:22:35.643488+00:00,,,functional_group_detector:2.0.0
FIXED_chembl26.sdf,445,CC#CC(O)c1c(C)nc2c3c(c(C(=O)N(C)C)cn12)CCC(c1ccccc1)O3,5.58,experimental,,,outlier_42fa306066e205940523,reassign_site,secondary_alcohol,"[3,4]",,2026-09-04T06:22:39.562165+00:00,,,functional_group_detector:2.0.0
experimental_training_datasets.sdf,259,CC#CC(O)c1c(C)nc2c3c(c(C(=O)N(C)C)cn12)CCC(c1ccccc1)O3,5.58,experimental,,,outlier_7f39716eeee64a357315,reassign_site,secondary_alcohol,"[3,29]",,2026-09-04T06:22:41.591680+00:00,,,functional_group_detector:2.0.0
FIXED_chembl26.sdf,7627,CC(=O)NCc1cccc(Cn2nc(NS(=O)(=O)c3ccc(Cl)s3)c3c(C(C)O)cccc32)c1,5.62,experimental,,,outlier_832325e6fb45501f67e6,reassign_site,secondary_alcohol,"[26,28]",,2026-09-04T06:22:45.667793+00:00,,,functional_group_detector:2.0.0
experimental_training_datasets.sdf,337,CC(=O)NCc1cccc(Cn2nc(NS(=O)(=O)c3ccc(Cl)s3)c3c(C(C)O)cccc32)c1,5.62,experimental,,,outlier_ad4e1bac8628fd22eadd,reassign_site,secondary_alcohol,"[1,33]",,2026-09-04T06:22:50.290266+00:00,,,functional_group_detector:2.0.0
FIXED_chembl26.sdf,7628,CC(=O)NCc1cccc(Cn2nc(NS(=O)(=O)c3ccc(Cl)s3)c3c(CO)cccc32)c1,5.66,experimental,,,outlier_f3453169ba382c2b6566,reassign_site,primary_alcohol,"[26,27]",,2026-09-04T06:22:53.115565+00:00,,,functional_group_detector:2.0.0
experimental_training_datasets.sdf,338,CC(=O)NCc1cccc(Cn2nc(NS(=O)(=O)c3ccc(Cl)s3)c3c(CO)cccc32)c1,5.66,experimental,,,outlier_0803b73c5e425875065b,reassign_site,primary_alcohol,"[31,32]",,2026-09-04T06:22:55.513524+00:00,,,functional_group_detector:2.0.0
FIXED_chembl26.sdf,448,Cc1nc2c3c(c(C(=O)N(C)C)cn2c1CO)CCC(c1ccccc1)O3,5.86,experimental,,,outlier_558b4281360d66420f64,reassign_site,primary_alcohol,"[15,16]",,2026-09-04T06:22:58.586117+00:00,,,functional_group_detector:2.0.0
experimental_training_datasets.sdf,3974,Cc1nc2c3c(c(C(=O)N(C)C)cn2c1CO)CCC(c1ccccc1)O3,5.86,experimental,,,outlier_0fdb64b97a417c21f2a0,reassign_site,primary_alcohol,"[25,26]",,2026-09-04T06:23:00.792014+00:00,,,functional_group_detector:2.0.0
FIXED_chembl26.sdf,7442,Cc1nc2c(OCc3ccccc3)cccn2c1CO,6.1,experimental,,,outlier_0dd1e9dd2d7efa6a828a,reassign_site,primary_alcohol,"[18,19]",,2026-09-04T06:23:02.767904+00:00,,,functional_group_detector:2.0.0
experimental_training_datasets.sdf,3952,Cc1nc2c(OCc3ccccc3)cccn2c1CO,6.1,experimental,,,outlier_64320b7c5f0c8fc38d85,reassign_site,primary_alcohol,"[18,19]",,2026-09-04T06:23:04.621684+00:00,,,functional_group_detector:2.0.0
FIXED_chembl26.sdf,7446,Cc1nc2c(O[C@H]3c4ccccc4C[C@@H]3O)cc(C(=O)N(C)C)cn2c1C,6.21,experimental,,,outlier_4041893a67c94d58cb7b,reassign_site,secondary_alcohol,"[14,15]",,2026-09-04T06:23:06.897095+00:00,,,functional_group_detector:2.0.0
experimental_training_datasets.sdf,3956,Cc1nc2c(O[C@H]3c4ccccc4C[C@@H]3O)cc(C(=O)N(C)C)cn2c1C,6.21,experimental,,,outlier_f0018b8b05afeac7e352,reassign_site,secondary_alcohol,"[19,20]",,2026-09-04T06:23:09.242489+00:00,,,functional_group_detector:2.0.0
FIXED_chembl26.sdf,7445,Cc1cccc2c1[C@H](Oc1cc(C(=O)N(C)C)cn3c(C)c(C)nc13)[C@@H](O)C2,6.22,experimental,,,outlier_72f7dd1921e19e504f33,reassign_site,secondary_alcohol,"[25,26]",,2026-09-04T06:23:12.177915+00:00,,,functional_group_detector:2.0.0
experimental_training_datasets.sdf,3796,Cc1cccc2c1[C@H](Oc1cc(C(=O)N(C)C)cn3c(C)c(C)nc13)[C@@H](O)C2,6.22,experimental,,,outlier_99823a0798b9b173ec1c,reassign_site,secondary_alcohol,"[8,10]",,2026-09-04T06:23:14.521105+00:00,,,functional_group_detector:2.0.0
FIXED_chembl26.sdf,7444,COc1cccc2c1[C@H](Oc1cc(C(=O)N(C)C)cn3c(C)c(C)nc13)[C@@H](O)C2,6.27,experimental,,,outlier_5f0d11bae975ccbe4e6a,reassign_site,secondary_alcohol,"[26,27]",,2026-09-04T06:23:17.138895+00:00,,,functional_group_detector:2.0.0
experimental_training_datasets.sdf,621,CC(C)CCC1=C([O-])C([O-])C(CCC(C)C)(CCC(C)C)C1=O,6.3,experimental,,,outlier_7511c8fc554810185522,reassign_site,alkoxide,"[8,9]",,2026-09-04T06:23:34.198868+00:00,,,functional_group_detector:2.0.0
experimental_training_datasets.sdf,2734,COc1cccc2c1c(NS(=O)(=O)c1ccc(Cl)c(Cl)c1)nn2Cc1cccc(CNC(=O)C(C)(C)O)c1,6.76,experimental,,,outlier_0fe829ea86ee961b6803,reassign_site,tertiary_alcohol,"[1,37]",,2026-09-04T06:24:15.654926+00:00,,,functional_group_detector:2.0.0
FIXED_chembl26.sdf,7622,COc1cccc2c1c(NS(=O)(=O)c1cccc(Cl)c1Cl)nn2Cc1cccc(CNC(=O)C(C)(C)O)c1,6.82,experimental,,,outlier_b8412722128a6e873ab7,confirm_assignment,tertiary_alcohol,"[33,36]",,2026-09-04T06:24:19.667410+00:00,,,functional_group_detector:2.0.0
literature_compilation.sdf,222,O=c1[nH]c2ccc(S(=O)(=O)CCO)cc2o1,7.23,experimental,,,outlier_84416941a3119ac749f8,reassign_site,primary_alcohol,"[10,11]",,2026-09-04T06:25:46.450220+00:00,,,functional_group_detector:2.0.0
FIXED_chembl26.sdf,1898,NS(=O)(=O)c1ccc(S(=O)(=O)CCCO)c([N+](=O)[O-])c1,8.0,experimental,,,outlier_eede66abd1edd56bb61a,reassign_site,primary_alcohol,"[13,14]",,2026-09-04T06:26:11.627219+00:00,,,functional_group_detector:2.0.0
FIXED_chembl26.sdf,8175,NS(=O)(=O)c1cc2c(s1)S(=O)(=O)CC[C@@H]2O,8.3,experimental,,,outlier_fc9bef6eb76ef1ec254f,reassign_site,secondary_alcohol,"[14,15]",,2026-09-04T06:26:20.590315+00:00,,,functional_group_detector:2.0.0
FIXED_chembl26.sdf,8176,NS(=O)(=O)c1cc2c(s1)C(O)CCS2(=O)=O,8.34,experimental,,,outlier_95bf5b61db1d6d577134,confirm_assignment,secondary_alcohol,"[9,10]",,2026-09-04T06:26:23.951739+00:00,,,functional_group_detector:2.0.0
FIXED_chembl26.sdf,8172,NS(=O)(=O)c1cc2c(s1)S(=O)(=O)CC[C@H]2O,8.35,experimental,,,outlier_c9a157d8894c77f686e3,confirm_assignment,secondary_alcohol,"[14,15]",,2026-09-04T06:26:26.098032+00:00,,,functional_group_detector:2.0.0
FIXED_chembl26.sdf,8174,NS(=O)(=O)c1cc2c(s1)CC(O)CS2(=O)=O,8.52,experimental,,,outlier_ce34110135f061c7d6c6,confirm_assignment,secondary_alcohol,"[10,11]",,2026-09-04T06:26:27.922408+00:00,,,functional_group_detector:2.0.0
FIXED_chembl26.sdf,8179,NS(=O)(=O)c1cc2c(s1)S(=O)(=O)CC(O)C2,8.6,experimental,,,outlier_adcddcdbb015f05ef61f,confirm_assignment,secondary_alcohol,"[13,14]",,2026-09-04T06:26:30.089839+00:00,,,functional_group_detector:2.0.0
FIXED_chembl26.sdf,8183,NS(=O)(=O)c1cc2c(s1)[S+]([O-])CCC2O,8.68,experimental,,,outlier_a066465614d0ca74d6ad,confirm_assignment,secondary_alcohol,"[13,14]",,2026-09-04T06:26:31.587315+00:00,,,functional_group_detector:2.0.0
FIXED_chembl26.sdf,4055,NS(=O)(=O)c1cc(C(=O)NCCO)c(Cl)cc1Cl,8.8,experimental,,,outlier_25cd073b02e6e60ca598,confirm_assignment,primary_alcohol,"[11,12]",,2026-09-04T06:26:39.968446+00:00,,,functional_group_detector:2.0.0
FIXED_chembl26.sdf,4058,NS(=O)(=O)c1cc(C(=O)NCCCO)c(Cl)cc1Cl,8.8,experimental,,,outlier_ba51d1134973538d8c84,confirm_assignment,primary_alcohol,"[12,13]",,2026-09-04T06:26:42.629504+00:00,,,functional_group_detector:2.0.0
FIXED_chembl26.sdf,8170,NS(=O)(=O)c1cc2c(s1)C(O)CC[S+]2[O-],8.82,experimental,,,outlier_53021d6b33163f9043d9,confirm_assignment,secondary_alcohol,"[9,10]",,2026-09-04T06:27:05.610892+00:00,,,functional_group_detector:2.0.0
FIXED_chembl26.sdf,8182,NS(=O)(=O)c1cc2c(s1)C(O)CCS2,9.0,experimental,,,outlier_f3086e8206208aaf9d72,confirm_assignment,secondary_alcohol,"[9,10]",,2026-09-04T06:27:09.493443+00:00,,,functional_group_detector:2.0.0
literature_compilation.sdf,310,NS(=O)(=O)c1cc(C2(O)NC(=O)c3ccccc32)ccc1Cl,9.355,experimental,-h,,outlier_184bd3e4030e235bda38,confirm_assignment,tertiary_alcohol,"[7,8]",,2026-09-04T06:27:41.586917+00:00,,,functional_group_detector:2.0.0
FIXED_chembl26.sdf,1874,NS(=O)(=O)c1ccc(SCCCO)c([N+](=O)[O-])c1,9.38,experimental,,,outlier_a12a4299e367da70e1b0,confirm_assignment,primary_alcohol,"[11,12]",,2026-09-04T06:27:49.507672+00:00,,,functional_group_detector:2.0.0
FIXED_chembl26.sdf,8178,NS(=O)(=O)c1cc2c(s1)SCCC2O,9.4,experimental,,,outlier_f6bd7e0fcd4aeb5ceaba,confirm_assignment,secondary_alcohol,"[12,13]",,2026-09-04T06:27:51.650253+00:00,,,functional_group_detector:2.0.0
literature_compilation.sdf,987,NS(=O)(=O)c1cc(C2(O)NC(=O)c3ccccc32)ccc1Cl,9.4,experimental,,,outlier_7bc184491f55cd417925,confirm_assignment,tertiary_alcohol,"[3,4]",,2026-09-04T06:28:09.321690+00:00,,,functional_group_detector:2.0.0
experimental_training_datasets.sdf,5536,OC(CBr)(Oc1ccccc1)c1ccccc1,11.18,experimental,,,outlier_0eff7c7e3df1768f7ba3,confirm_assignment,tertiary_alcohol,"[6,9]",,2026-09-04T06:28:39.499799+00:00,,,functional_group_detector:2.0.0
experimental_training_datasets.sdf,3786,Cc1cccc(OC(O)(CBr)c2ccccc2)c1,11.21,experimental,,,outlier_ce967126cd21936f725b,confirm_assignment,tertiary_alcohol,"[8,17]",,2026-09-04T06:28:41.394322+00:00,,,functional_group_detector:2.0.0
experimental_training_datasets.sdf,3633,Cc1ccc(OC(O)(CBr)c2ccccc2)cc1,11.23,experimental,,,outlier_87da766b7c5f6fa57d46,confirm_assignment,tertiary_alcohol,"[8,17]",,2026-09-04T06:28:44.356232+00:00,,,functional_group_detector:2.0.0
FIXED_chembl26.sdf,8442,OCC(F)(F)F,12.37,experimental,,,outlier_432321fdb4c6a282a075,confirm_assignment,primary_alcohol,"[0,1]",,2026-09-04T06:28:46.069170+00:00,,,functional_group_detector:2.0.0
literature_compilation.sdf,76,CO,15.5,experimental,,,outlier_1d668a90a7fcfd3492ee,confirm_assignment,primary_alcohol,"[0,1]",,2026-09-04T06:28:52.310459+00:00,,,functional_group_detector:2.0.0
FIXED_chembl26.sdf,8417,CCO,16.0,experimental,,,outlier_8112a0d042bf16ec81a4,confirm_assignment,primary_alcohol,"[1,2]",,2026-09-04T06:28:54.463275+00:00,,,functional_group_detector:2.0.0
experimental_training_datasets.sdf,2800,CP(C)(=O)[O-],3.08,experimental,,,outlier_d94d7ce85cf5f81ad564,confirm_assignment,phosphinate_anion,[4],,2026-09-04T06:28:56.624220+00:00,,,functional_group_detector:2.0.0
FIXED_chembl26.sdf,7196,C[C@](Cc1c[nH]c2ccccc12)(NC(=O)OC1C2CC3CC(C2)CC1C3)C(=O)NC[C@@H](NC(=O)CCP(C)(=O)O)c1ccccc1,3.7,experimental,,,outlier_670e986dc50ff0354e1e,confirm_assignment,phosphinic_acid,[39],,2026-09-04T06:29:00.854112+00:00,,,functional_group_detector:2.0.0
FIXED_chembl26.sdf,7197,C[C@](Cc1c[nH]c2ccccc12)(NC(=O)OC1C2CC3CC(C2)CC1C3)C(=O)NC[C@@H](NC(=O)CP(C)(=O)O)c1ccccc1,3.8,experimental,,,outlier_b230a5700787758224e8,confirm_assignment,phosphinic_acid,[38],,2026-09-04T06:29:04.605513+00:00,,,functional_group_detector:2.0.0
FIXED_chembl26.sdf,3811,CCCCCCCCCCCCCCCCCC(=O)OC[C@@H]1CC(F)(F)P(=O)(O)O1,4.62,experimental,,,outlier_206e2c0fd88de4722d5b,confirm_assignment,phosphonic_acid,[28],,2026-09-04T06:29:07.030622+00:00,,,functional_group_detector:2.0.0
FIXED_chembl26.sdf,3812,CCCCCCCCCCCCCCCCCC(=O)OC[C@@H]1CC(F)P(=O)(O)O1,5.6,experimental,,,outlier_df08599c8130d2e4669e,confirm_assignment,phosphonic_acid,[27],,2026-09-04T06:29:08.944247+00:00,,,functional_group_detector:2.0.0
FIXED_chembl26.sdf,7203,CCOP(=O)(O)CC(=O)N[C@H](CNC(=O)[C@@](C)(Cc1c[nH]c2ccccc12)NC(=O)OC1C2CC3CC(C2)CC1C3)c1ccccc1,6.5,experimental,,,outlier_3a8c27856ec9d429ce3a,confirm_assignment,phosphonic_acid,[5],,2026-09-04T06:29:11.238019+00:00,,,functional_group_detector:2.0.0
FIXED_chembl26.sdf,3810,CCCCCCCCCCCCCCCCCC(=O)OCC1CCP(=O)(O)O1,6.58,experimental,,,outlier_bd989ef16e352deabb0f,confirm_assignment,phosphonic_acid,[26],,2026-09-04T06:29:13.000832+00:00,,,functional_group_detector:2.0.0
FIXED_chembl26.sdf,3339,O=P1(O)NCCCO1,4.1,experimental,,,outlier_baad7c85e189e089d4c3,confirm_assignment,phosphoramidic_acid,[2],,2026-09-04T06:29:15.969508+00:00,,,functional_group_detector:2.0.0
experimental_training_datasets.sdf,5382,O=P1([O-])NCCCO1,4.1,experimental,,,outlier_3504a3f036afadb64eb7,confirm_assignment,phosphoramidate_anion,[7],,2026-09-04T06:29:17.860011+00:00,,,functional_group_detector:2.0.0
FIXED_chembl26.sdf,1307,NP(=O)(O)N(CCCl)CCCl,4.75,experimental,,,outlier_d30f1384df6a3cc38aca,confirm_assignment,phosphoramidic_acid,[3],,2026-09-04T06:29:19.627638+00:00,,,functional_group_detector:2.0.0
experimental_training_datasets.sdf,4487,NP(=O)([O-])N(CCCl)CCCl,4.766667,experimental,,,outlier_ef6b17b4ed7d9f201ec7,confirm_assignment,phosphoramidate_anion,[10],,2026-09-04T06:29:21.002345+00:00,,,functional_group_detector:2.0.0
FIXED_chembl26.sdf,1309,NP(=O)(O)N(CCCl)CCCl,4.8,experimental,,,outlier_41cc1cf39cd26810479f,confirm_assignment,phosphoramidic_acid,[3],,2026-09-04T06:29:22.187290+00:00,,,functional_group_detector:2.0.0
experimental_training_datasets.sdf,2818,CS(=O)(=O)c1ccc([C@@H](CC2CCCC2)C(=O)Nc2cnc([C@H]([OH2+])CO)cn2)cc1Cl,11.42,experimental,,,outlier_89d085f7964cfa33cc9d,reassign_site,protonated_alcohol,[23],,2026-09-04T06:47:12.541614+00:00,5.308316948712397,6.111683051287603,06fa8292818d5cbfecebc0565d68b0853f6dd08177079454d347044a92869f4a
literature_compilation.sdf,60,O=C1Nc2ccccc2C(c2ccccc2)=NC1O,1.7,experimental,,,outlier_016a91bad6d9ddb5505b,reassign_site,secondary_alcohol,"[2,3]",,2026-09-04T06:47:19.437293+00:00,5.141145897612527,6.841145897612528,06fa8292818d5cbfecebc0565d68b0853f6dd08177079454d347044a92869f4a
literature_compilation.sdf,1537,CN1C(=O)C(O)N=C(c2ccccc2)c2cc(Cl)ccc21,1.6,experimental,,,outlier_b377ad0c4022dbf33219,reassign_site,secondary_alcohol,"[14,15]",,2026-09-04T06:47:27.586520+00:00,4.496811733597747,6.096811733597748,06fa8292818d5cbfecebc0565d68b0853f6dd08177079454d347044a92869f4a
AvLiLuMoVe_testdata.sdf,95,N#Cc1ccc([C@H]2[C@H]3C(O)N(Cc4ccc(F)cc4)C(=O)[C@H]3[C@@H]3CC(F)(F)CN32)cc1,2.0,experimental,,,outlier_aab28597d57b48c6d7bd,reassign_site,secondary_alcohol,"[8,29]",,2026-09-04T06:47:38.334969+00:00,3.8023650743177946,5.802365074317795,06fa8292818d5cbfecebc0565d68b0853f6dd08177079454d347044a92869f4a
experimental_training_datasets.sdf,4513,NS(=O)(=O)c1cc2c(s1)SC(CC[OH2+])CN2,9.62,experimental,,,outlier_359eacf813468b1fda84,reassign_site,protonated_alcohol,[13],,2026-09-04T06:47:44.282167+00:00,3.0599339328847472,6.560066067115252,06fa8292818d5cbfecebc0565d68b0853f6dd08177079454d347044a92869f4a
FIXED_chembl26.sdf,5417,C[C@]12CC[C@H]3[C@@H](CCC4=CC(=O)CC[C@@]43C)[C@@H]1CC[C@@H]2O,0.0,experimental,,,outlier_cd72b58a78258167d7f8,exclude_wrong_site_unknown,,[],,2026-09-04T06:47:54.720367+00:00,,,functional_group_detector:2.1.0
experimental_training_datasets.sdf,2732,COc1cccc2c1[C@H](Oc1cc(C(=O)N(C)C)cn3c(C)c(C)nc13)[C@@H](O)C2,6.27,experimental,,,outlier_e33747aa753fdd2fc864,unsupported_site,n-indole,"[1,2,3,4,5,6,7,8,9]",,2026-09-04T06:48:06.775290+00:00,,,functional_group_detector:2.1.0
experimental_training_datasets.sdf,3973,Cc1nc2c3c(c(C(=O)N(C)C)cn2c1CO)CCC(c1ccccc1)C3,6.32,experimental,,,outlier_78a7917823f865ffc825,unsupported_site,n-indole,"[1,2,3,4,5,6,7,8,9]",,2026-09-04T06:48:10.878454+00:00,,,functional_group_detector:2.1.0
FIXED_chembl26.sdf,7635,COc1cccc2c1c(NS(=O)(=O)c1ccc(Cl)s1)nn2Cc1cccc(CNC(=O)C(C)(C)O)c1,6.54,experimental,,,outlier_94618f7db891602f39be,unsupported_site,isoNindole,"[2,3,4,5,6,7,8,19,20]",,2026-09-04T06:48:16.877800+00:00,,,functional_group_detector:2.1.0
experimental_training_datasets.sdf,2735,COc1cccc2c1c(NS(=O)(=O)c1ccc(Cl)s1)nn2Cc1cccc(CNC(=O)C(C)(C)O)c1,6.54,experimental,,,outlier_e6cc84c3eb05b3daa89b,confirm_assignment,tertiary_alcohol,"[1,35]",,2026-09-04T06:48:22.142985+00:00,,,functional_group_detector:2.1.0
FIXED_chembl26.sdf,458,Cc1nc2c3c(c(C(=O)N4CC(O)C4)cn2c1C)CCC(c1ccccc1)O3,6.63,experimental,,,outlier_fb7700beacc6d8bb2e72,confirm_assignment,secondary_alcohol,"[11,12]",,2026-09-04T06:48:27.657210+00:00,,,functional_group_detector:2.1.0
experimental_training_datasets.sdf,3977,Cc1nc2c3c(c(C(=O)N4CC(O)C4)cn2c1C)CCC(c1ccccc1)O3,6.63,experimental,,,outlier_03f355afc217dd357bc7,confirm_assignment,secondary_alcohol,"[24,26]",,2026-09-04T06:48:29.770502+00:00,,,functional_group_detector:2.1.0
FIXED_chembl26.sdf,7624,COc1cccc2c1c(NS(=O)(=O)c1ccc(Cl)c(Cl)c1)nn2Cc1cccc(CNC(=O)C(C)(C)O)c1,6.76,experimental,,,outlier_748254b1ed0b8208e052,confirm_assignment,tertiary_alcohol,"[33,36]",,2026-09-04T06:48:35.941835+00:00,,,functional_group_detector:2.1.0
experimental_training_datasets.sdf,2738,COc1cccc2c1c(NS(=O)(=O)c1cccc(Cl)c1Cl)nn2Cc1cccc(CNC(=O)C(C)(C)O)c1,6.82,experimental,,,outlier_371148c1e4bb96bfbb16,confirm_assignment,tertiary_alcohol,"[1,37]",,2026-09-04T06:48:37.734154+00:00,,,functional_group_detector:2.1.0
FIXED_chembl26.sdf,7623,COc1cccc2c1c(NS(=O)(=O)c1cccc(Cl)c1)nn2Cc1cccc(CNC(=O)C(C)(C)O)c1,7.06,experimental,,,outlier_0992e1a2bdc94e12a785,confirm_assignment,tertiary_alcohol,"[32,35]",,2026-09-04T06:48:40.086818+00:00,,,functional_group_detector:2.1.0
experimental_training_datasets.sdf,2737,COc1cccc2c1c(NS(=O)(=O)c1cccc(Cl)c1)nn2Cc1cccc(CNC(=O)C(C)(C)O)c1,7.06,experimental,,,outlier_fab028a09ce94c101103,confirm_assignment,tertiary_alcohol,"[1,36]",,2026-09-04T06:48:43.177723+00:00,,,functional_group_detector:2.1.0
experimental_training_datasets.sdf,4481,NNCCO,7.12,experimental,,,outlier_ca8e415e008430d8ded4,reassign_site,hydrazine,[4],,2026-09-04T06:48:49.969685+00:00,,,functional_group_detector:2.1.0
experimental_training_datasets.sdf,577,CC(C)(O)c1ccn2ccnc2c1,7.2,experimental,,,outlier_535648f2a8b02fa684d0,confirm_assignment,tertiary_alcohol,"[1,12]",,2026-09-04T06:48:56.887557+00:00,,,functional_group_detector:2.1.0
experimental_training_datasets.sdf,3990,Cc1nc2c3c(c(C(=O)NCCO)cn2c1C)CCC(c1ccccc1)C3,7.22,experimental,,,outlier_fb11f85205cb7b1692fa,confirm_assignment,primary_alcohol,"[24,25]",,2026-09-04T06:49:00.314253+00:00,,,functional_group_detector:2.1.0
FIXED_chembl26.sdf,7621,COc1cccc2c1c(NS(=O)(=O)c1ccc(C)c(F)c1)nn2Cc1cccc(CNC(=O)C(C)(C)O)c1,7.26,experimental,,,outlier_84833050aaec6a1de3ac,confirm_assignment,tertiary_alcohol,"[33,36]",,2026-09-04T06:49:04.402689+00:00,,,functional_group_detector:2.1.0
experimental_training_datasets.sdf,2733,COc1cccc2c1c(NS(=O)(=O)c1ccc(C)c(F)c1)nn2Cc1cccc(CNC(=O)C(C)(C)O)c1,7.26,experimental,,,outlier_472df81eb51366245fae,confirm_assignment,tertiary_alcohol,"[34,37]",,2026-09-04T06:49:09.744090+00:00,,,functional_group_detector:2.1.0
experimental_training_datasets.sdf,5599,OCc1[nH]c2cncnc2[nH+]1,8.79,experimental,,,outlier_8d85b0ee08f7bc9efb17,unsupported_site,nn-indazole,"[2,3,4,5,6,7,8,9,10]",,2026-09-04T06:49:13.990768+00:00,,,functional_group_detector:2.1.0
experimental_training_datasets.sdf,4523,NS(=O)(=O)c1ccc(S(=O)(=O)CC([OH2+])CO)cc1,9.35,experimental,,,outlier_78c0410df2094ee3cd82,reassign_site,protonated_alcohol,[13],,2026-09-04T06:49:19.461521+00:00,,,functional_group_detector:2.1.0
literature_compilation.sdf,143,OCC[SH2+],9.4,experimental,,,outlier_90dcb0315827fa2fb3d9,reassign_site,protonated_thiol,[3],,2026-09-04T06:49:22.619944+00:00,,,functional_group_detector:2.1.0
novartis_testdata.sdf,97,COc1ccc([NH+]2CCOCC2)c2sc(NC(=O)N3CCC(C)(O)CC3)nc12,9.4,experimental,,,outlier_8307f7e51f456052d531,reassign_site,tertiary_ammonium,"[5,6,7,11]",,2026-09-04T06:49:27.478640+00:00,,,functional_group_detector:2.1.0
experimental_training_datasets.sdf,5569,OCC[SH2+],9.535,experimental,,,outlier_5599cf6d4ef14821d520,reassign_site,protonated_thiol,[3],,2026-09-04T06:49:30.002751+00:00,,,functional_group_detector:2.1.0
experimental_training_datasets.sdf,3256,CC1=C(Cl)C(=O)C(c2ccc(Oc3ccc(OC(F)(F)F)cc3)cc2)=C(CO)[NH2+]1,9.73,experimental,,,outlier_faf1fc0790910315adf6,reassign_site,secondary_ammonium,"[1,25,28]",,2026-09-04T06:49:32.485014+00:00,,,functional_group_detector:2.1.0
literature_compilation.sdf,89,CC([OH2+])CO,14.9,experimental,,,outlier_01aad4e440a4127825e5,reassign_site,protonated_alcohol,[2],,2026-09-04T06:49:34.708130+00:00,,,functional_group_detector:2.1.0
experimental_training_datasets.sdf,4509,NS(=O)(=O)c1cc2c(s1)S(=O)(=O)CCC2[OH2+],8.275,experimental,,,outlier_02074e44c0b3cb36577c,reassign_site,protonated_alcohol,[15],,2026-09-04T06:49:37.376544+00:00,,,functional_group_detector:2.1.0
experimental_training_datasets.sdf,4510,NS(=O)(=O)c1cc2c(s1)S(=O)(=O)CC[C@@H]2[OH2+],8.3,experimental,,,outlier_22981f91deb7324eed9f,reassign_site,protonated_alcohol,[15],,2026-09-04T06:49:39.359084+00:00,,,functional_group_detector:2.1.0
experimental_training_datasets.sdf,5389,O=S(=O)(N[C@H](C[OH2+])C(C(F)(F)F)C(F)(F)F)c1ccc(Cl)s1,8.3,experimental,,,outlier_76a2125529fd485ff118,reassign_site,protonated_alcohol,[6],,2026-09-04T06:49:41.341617+00:00,,,functional_group_detector:2.1.0
experimental_training_datasets.sdf,4529,NS(=O)(=O)c1ccc(S(=O)(=O)CCC[OH2+])s1,8.32,experimental,,,outlier_c63cd9fde4e4432247f9,reassign_site,protonated_alcohol,[14],,2026-09-04T06:49:43.068054+00:00,,,functional_group_detector:2.1.0
experimental_training_datasets.sdf,4503,NS(=O)(=O)c1cc2c(s1)C([OH2+])CCS2(=O)=O,8.34,experimental,,,outlier_92609805cdff63f664c1,reassign_site,protonated_alcohol,[10],,2026-09-04T06:49:46.241593+00:00,,,functional_group_detector:2.1.0
experimental_training_datasets.sdf,4511,NS(=O)(=O)c1cc2c(s1)S(=O)(=O)CC[C@H]2[OH2+],8.35,experimental,,,outlier_271073b310480e5bacb4,reassign_site,protonated_alcohol,[15],,2026-09-04T06:49:50.725873+00:00,,,functional_group_detector:2.1.0
experimental_training_datasets.sdf,4505,NS(=O)(=O)c1cc2c(s1)CC([OH2+])CS2(=O)=O,8.52,experimental,,,outlier_7580648567f6637b4cff,reassign_site,protonated_alcohol,[11],,2026-09-04T06:49:53.103108+00:00,,,functional_group_detector:2.1.0
experimental_training_datasets.sdf,4506,NS(=O)(=O)c1cc2c(s1)S(=O)(=O)CC([OH2+])C2,8.6,experimental,,,outlier_0513d70569d1bf7b7652,reassign_site,protonated_alcohol,[14],,2026-09-04T06:49:55.228306+00:00,,,functional_group_detector:2.1.0
experimental_training_datasets.sdf,4532,NS(=O)(=O)c1ccc(S(=O)(=O)CC[OH2+])s1,8.65,experimental,,,outlier_63d1cb1b999f8f2580a2,confirm_assignment,protonated_alcohol,[13],,2026-09-04T06:49:57.447093+00:00,,,functional_group_detector:2.1.0
experimental_training_datasets.sdf,4526,NS(=O)(=O)c1ccc(S(=O)(=O)CCCC[OH2+])s1,8.67,experimental,,,outlier_3e5f5fcf87f26cd5a294,confirm_assignment,protonated_alcohol,[15],,2026-09-04T06:49:58.884411+00:00,,,functional_group_detector:2.1.0
experimental_training_datasets.sdf,4512,NS(=O)(=O)c1cc2c(s1)S(=O)CCC2[OH2+],8.68,experimental,,,outlier_14c15caeabacb2485aeb,confirm_assignment,protonated_alcohol,[14],,2026-09-04T06:50:00.331591+00:00,,,functional_group_detector:2.1.0
experimental_training_datasets.sdf,4504,NS(=O)(=O)c1cc2c(s1)C([OH2+])CCS2=O,8.82,experimental,,,outlier_efa7500f4e243c923d95,confirm_assignment,protonated_alcohol,[10],,2026-09-04T06:50:01.810590+00:00,,,functional_group_detector:2.1.0
experimental_training_datasets.sdf,2234,COC(=O)c1cc(S(N)(=O)=O)ccc1S(=O)(=O)CCC[OH2+],8.9,experimental,,,outlier_32bb5a82721c417f5490,confirm_assignment,protonated_alcohol,[20],,2026-09-04T06:50:03.554027+00:00,,,functional_group_detector:2.1.0
experimental_training_datasets.sdf,5390,O=S(=O)(N[C@H](C[OH2+])C(CC(F)(F)F)CC(F)(F)F)c1ccc(Cl)s1,8.9,experimental,,,outlier_85a6ca0d668f83ee2b7c,confirm_assignment,protonated_alcohol,[6],,2026-09-04T06:50:05.263031+00:00,,,functional_group_detector:2.1.0
experimental_training_datasets.sdf,4528,NS(=O)(=O)c1ccc(S(=O)(=O)CCC[OH2+])cc1,8.98,experimental,,,outlier_fed9f92f0b937442f6d1,confirm_assignment,protonated_alcohol,[14],,2026-09-04T06:50:07.046619+00:00,,,functional_group_detector:2.1.0
experimental_training_datasets.sdf,4502,NS(=O)(=O)c1cc2c(s1)C([OH2+])CCS2,9.0,experimental,,,outlier_33cdea457cc2e9bdf9fe,confirm_assignment,protonated_alcohol,[10],,2026-09-04T06:50:08.670820+00:00,,,functional_group_detector:2.1.0
experimental_training_datasets.sdf,4530,NS(=O)(=O)c1ccc(S(=O)(=O)CC[OH2+])c(F)c1,9.0,experimental,,,outlier_9b21447d0106d33a8542,confirm_assignment,protonated_alcohol,[13],,2026-09-04T06:50:11.040516+00:00,,,functional_group_detector:2.1.0
experimental_training_datasets.sdf,4527,NS(=O)(=O)c1ccc(S(=O)(=O)CCC[OH2+])c(F)c1,9.02,experimental,,,outlier_0f3823925840ffe704f2,confirm_assignment,protonated_alcohol,[14],,2026-09-04T06:50:12.594011+00:00,,,functional_group_detector:2.1.0
experimental_training_datasets.sdf,4524,NS(=O)(=O)c1ccc(S(=O)(=O)CCCC[OH2+])c(F)c1,9.18,experimental,,,outlier_811f6ef4c0a3ce519585,confirm_assignment,protonated_alcohol,[15],,2026-09-04T06:50:13.688338+00:00,,,functional_group_detector:2.1.0
experimental_training_datasets.sdf,2235,COC(=O)c1cc(S(N)(=O)=O)ccc1S(=O)(=O)CC[OH2+],9.2,experimental,,,outlier_eceffbf814a3b084463b,confirm_assignment,protonated_alcohol,[19],,2026-09-04T06:50:16.359923+00:00,,,functional_group_detector:2.1.0
experimental_training_datasets.sdf,4533,NS(=O)(=O)c1ccc(SCCCCC[OH2+])cc1,9.25,experimental,,,outlier_1a00cf83000d93ce7439,confirm_assignment,protonated_alcohol,[14],,2026-09-04T06:50:18.043596+00:00,,,functional_group_detector:2.1.0
experimental_training_datasets.sdf,4542,NS(=O)(=O)c1ccc(SCC[OH2+])cc1,9.27,experimental,,,outlier_8b8121049f4973ec80d3,confirm_assignment,protonated_alcohol,[11],,2026-09-04T06:50:19.602242+00:00,,,functional_group_detector:2.1.0
experimental_training_datasets.sdf,575,CC(C)([OH2+])CCS(=O)(=O)c1ccc(S(N)(=O)=O)cc1,9.28,experimental,,,outlier_20793e321f57cd176b2a,confirm_assignment,protonated_alcohol,[3],,2026-09-04T06:50:22.171202+00:00,,,functional_group_detector:2.1.0
experimental_training_datasets.sdf,2236,COC(=O)c1cc(S(N)(=O)=O)ccc1SCCC[OH2+],9.3,experimental,,,outlier_d225ebac2313693a547d,confirm_assignment,protonated_alcohol,[18],,2026-09-04T06:50:23.757669+00:00,,,functional_group_detector:2.1.0
experimental_training_datasets.sdf,4540,NS(=O)(=O)c1ccc(SCCC[OH2+])s1,9.32,experimental,,,outlier_f7c7d6de6ad6e51b8732,confirm_assignment,protonated_alcohol,[12],,2026-09-04T06:50:25.237461+00:00,,,functional_group_detector:2.1.0
experimental_training_datasets.sdf,4531,NS(=O)(=O)c1ccc(S(=O)(=O)CC[OH2+])cc1,9.38,experimental,,,outlier_8145bf726120e3e31d57,confirm_assignment,protonated_alcohol,[13],,2026-09-04T06:50:26.506532+00:00,,,functional_group_detector:2.1.0
experimental_training_datasets.sdf,4515,NS(=O)(=O)c1cc2c(s1)SCCC2[OH2+],9.4,experimental,,,outlier_f6f027710a4a2a6d7e53,confirm_assignment,protonated_alcohol,[13],,2026-09-04T06:50:27.897110+00:00,,,functional_group_detector:2.1.0
experimental_training_datasets.sdf,4537,NS(=O)(=O)c1ccc(SCCC[OH2+])c(Cl)c1,9.45,experimental,,,outlier_da82378abcba1a509c2c,confirm_assignment,protonated_alcohol,[12],,2026-09-04T06:50:29.313248+00:00,,,functional_group_detector:2.1.0
experimental_training_datasets.sdf,4543,NS(=O)(=O)c1ccc(SCC[OH2+])s1,9.46,experimental,,,outlier_09d2ce5b04998b4c9a6f,confirm_assignment,protonated_alcohol,[11],,2026-09-04T06:50:31.291822+00:00,,,functional_group_detector:2.1.0
experimental_training_datasets.sdf,4536,NS(=O)(=O)c1ccc(SCCCC[OH2+])s1,9.5,experimental,,,outlier_6dd3e41ca952c576aa6f,confirm_assignment,protonated_alcohol,[13],,2026-09-04T06:50:32.957407+00:00,,,functional_group_detector:2.1.0
experimental_training_datasets.sdf,1096,CCC(CC)[C@@H](C[OH2+])NS(=O)(=O)c1ccc(Cl)s1,9.6,experimental,,,outlier_2058435b0ec49f57dc67,confirm_assignment,protonated_alcohol,[7],,2026-09-04T06:50:34.390735+00:00,,,functional_group_detector:2.1.0
experimental_training_datasets.sdf,4525,NS(=O)(=O)c1ccc(S(=O)(=O)CCCC[OH2+])cc1,9.6,experimental,,,outlier_6ab2c9838cd39375a2a7,confirm_assignment,protonated_alcohol,[15],,2026-09-04T06:50:35.607771+00:00,,,functional_group_detector:2.1.0
experimental_training_datasets.sdf,4538,NS(=O)(=O)c1ccc(SCCC[OH2+])c(F)c1,9.64,experimental,,,outlier_8d6690ea3cb84addeefe,confirm_assignment,protonated_alcohol,[12],,2026-09-04T06:50:36.971844+00:00,,,functional_group_detector:2.1.0
experimental_training_datasets.sdf,4541,NS(=O)(=O)c1ccc(SCC[OH2+])c(F)c1,9.76,experimental,,,outlier_361cc4907a489119acb7,confirm_assignment,protonated_alcohol,[11],,2026-09-04T06:50:38.053985+00:00,,,functional_group_detector:2.1.0
experimental_training_datasets.sdf,4534,NS(=O)(=O)c1ccc(SCCCC[OH2+])c(F)c1,9.82,experimental,,,outlier_9294ed8b523c60b30e1a,confirm_assignment,protonated_alcohol,[13],,2026-09-04T06:50:39.194559+00:00,,,functional_group_detector:2.1.0
experimental_training_datasets.sdf,576,CC(C)([OH2+])CCSc1ccc(S(N)(=O)=O)cc1,10.0,experimental,,,outlier_7bdb549d214e3a6ec263,confirm_assignment,protonated_alcohol,[3],,2026-09-04T06:50:40.411755+00:00,,,functional_group_detector:2.1.0
experimental_training_datasets.sdf,4535,NS(=O)(=O)c1ccc(SCCCC[OH2+])cc1,10.17,experimental,,,outlier_9b591c9c02f5ec80327d,confirm_assignment,protonated_alcohol,[13],,2026-09-04T06:50:41.697900+00:00,,,functional_group_detector:2.1.0
experimental_training_datasets.sdf,4519,NS(=O)(=O)c1ccc(CCC[OH2+])cc1,10.23,experimental,,,outlier_6b18d9dd3601689ec147,confirm_assignment,protonated_alcohol,[11],,2026-09-04T06:50:43.096841+00:00,,,functional_group_detector:2.1.0
experimental_training_datasets.sdf,4539,NS(=O)(=O)c1ccc(SCCC[OH2+])cc1,10.23,experimental,,,outlier_2fe7ac7f863d7574f75e,confirm_assignment,protonated_alcohol,[12],,2026-09-04T06:50:44.397329+00:00,,,functional_group_detector:2.1.0
experimental_training_datasets.sdf,4517,NS(=O)(=O)c1ccc(CCCCC[OH2+])cc1,10.28,experimental,,,outlier_2a6aa0066c64484a2be5,confirm_assignment,protonated_alcohol,[13],,2026-09-04T06:50:46.463058+00:00,,,functional_group_detector:2.1.0
experimental_training_datasets.sdf,4518,NS(=O)(=O)c1ccc(CCCC[OH2+])cc1,10.32,experimental,,,outlier_cd9095544c0b0c212ece,confirm_assignment,protonated_alcohol,[12],,2026-09-04T06:50:49.367534+00:00,,,functional_group_detector:2.1.0
experimental_training_datasets.sdf,1035,CC=C(C)C=C(C)C(=O)C[C@@H]([OH2+])CC1CC(=O)NC(=O)C1,11.2,experimental,,,outlier_dcac4341b09be19d141e,confirm_assignment,protonated_alcohol,[11],,2026-09-04T06:50:50.826839+00:00,,,functional_group_detector:2.1.0
experimental_training_datasets.sdf,2953,C[C@@H]1C[C@@H]([C@H]([OH2+])CC2CC(=O)NC(=O)C2)C(=O)[C@@H](C)C1,11.2,experimental,,,outlier_62af523cea485fa5815c,confirm_assignment,protonated_alcohol,[5],,2026-09-04T06:50:52.091274+00:00,,,functional_group_detector:2.1.0
literature_compilation.sdf,442,COc1ccc(C([OH2+])C(Cl)(Cl)Cl)cc1,12.12,experimental,,,outlier_cdac33452d3304b7ea2e,confirm_assignment,protonated_alcohol,[7],,2026-09-04T06:50:54.382296+00:00,,,functional_group_detector:2.1.0
literature_compilation.sdf,460,[OH2+]CC(F)(F)C(F)F,12.15,experimental,,,outlier_4469375af82caebfd8e6,confirm_assignment,protonated_alcohol,[0],,2026-09-04T06:50:56.018131+00:00,,,functional_group_detector:2.1.0
literature_compilation.sdf,85,[OH2+]CC(Cl)Cl,12.2,experimental,,,outlier_66ef5d5e2cc9f19e05ff,confirm_assignment,protonated_alcohol,[0],,2026-09-04T06:50:57.129871+00:00,,,functional_group_detector:2.1.0
literature_compilation.sdf,86,[OH2+]CC(Cl)(Cl)Cl,12.4,experimental,,,outlier_e79a2ca7124d898bffd6,confirm_assignment,protonated_alcohol,[0],,2026-09-04T06:50:58.247928+00:00,,,functional_group_detector:2.1.0
literature_compilation.sdf,84,[OH2+]CCCl,12.9,experimental,,,outlier_c2f9e463d3654f6ca6d5,confirm_assignment,protonated_alcohol,[0],,2026-09-04T06:50:59.409816+00:00,,,functional_group_detector:2.1.0
literature_compilation.sdf,83,C#CC[OH2+],14.3,experimental,,,outlier_d80c9c0573873ab8623a,confirm_assignment,protonated_alcohol,[3],,2026-09-04T06:51:00.845626+00:00,,,functional_group_detector:2.1.0
literature_compilation.sdf,443,[OH2+]CCCl,14.3,experimental,,,outlier_7658643565f07b887d48,confirm_assignment,protonated_alcohol,[0],,2026-09-04T06:51:02.534211+00:00,,,functional_group_detector:2.1.0
literature_compilation.sdf,87,[OH2+]CC(F)(F)F,15.4,experimental,,,outlier_352bee122f8826cd2da2,confirm_assignment,protonated_alcohol,[0],,2026-09-04T06:51:03.617390+00:00,,,functional_group_detector:2.1.0
literature_compilation.sdf,82,C=CC[OH2+],15.5,experimental,,,outlier_053d0573bcf82338ac2e,confirm_assignment,protonated_alcohol,[3],,2026-09-04T06:51:04.635340+00:00,,,functional_group_detector:2.1.0
literature_compilation.sdf,77,CC[OH2+],15.9,experimental,,,outlier_ad8b8e84001946482380,confirm_assignment,protonated_alcohol,[2],,2026-09-04T06:51:05.554077+00:00,,,functional_group_detector:2.1.0
literature_compilation.sdf,78,CCC[OH2+],16.2,experimental,,,outlier_5027fc9b91afbed1a89c,confirm_assignment,protonated_alcohol,[3],,2026-09-04T06:51:06.440977+00:00,,,functional_group_detector:2.1.0
literature_compilation.sdf,79,CC(C)[OH2+],17.1,experimental,,,outlier_2c2b48e43720278a9d17,confirm_assignment,protonated_alcohol,[3],,2026-09-04T06:51:07.301335+00:00,,,functional_group_detector:2.1.0
literature_compilation.sdf,80,CCC(C)[OH2+],17.6,experimental,,,outlier_6dea2ac96b806e3cba09,confirm_assignment,protonated_alcohol,[4],,2026-09-04T06:51:08.925257+00:00,,,functional_group_detector:2.1.0
literature_compilation.sdf,81,CC(C)(C)[OH2+],19.2,experimental,,,outlier_0709b7317fee8f42e9e2,confirm_assignment,protonated_alcohol,[4],,2026-09-04T06:51:10.038940+00:00,,,functional_group_detector:2.1.0
literature_compilation.sdf,1159,NNc1nncc2ccccc12,0.5,experimental,,,outlier_0fa53a89d43caa92271e,unsupported_site,other_aniline,"[1,2]",,2026-09-04T06:51:22.393255+00:00,,,functional_group_detector:2.1.0
experimental_training_datasets.sdf,4479,NNC=O,2.81,experimental,,,outlier_a1fa66b88e0bf5adfa63,confirm_assignment,conjugated_hydrazine,[3],,2026-09-04T06:51:26.127521+00:00,,,functional_group_detector:2.1.0
experimental_training_datasets.sdf,4476,NNC(=O)c1ccccc1,3.02,experimental,,,outlier_faab5bca3c9cab794028,confirm_assignment,conjugated_hydrazine,[9],,2026-09-04T06:51:30.843869+00:00,,,functional_group_detector:2.1.0
experimental_training_datasets.sdf,65,C#CCNN,5.46,experimental,,,outlier_b4dd71a84d593a4783df,confirm_assignment,hydrazine,[4],,2026-09-04T06:51:32.583047+00:00,,,functional_group_detector:2.1.0
experimental_training_datasets.sdf,4484,NNc1nncc2ccccc12,5.816667,experimental,,,outlier_31be70cdf9ad8386dd27,unsupported_site,other_aniline,"[9,10]",,2026-09-04T06:51:37.988770+00:00,,,functional_group_detector:2.1.0
experimental_training_datasets.sdf,4287,N#CCCNN,5.91,experimental,,,outlier_ecc9cea97b3dd8922f3a,confirm_assignment,hydrazine,[3],,2026-09-04T06:51:40.228602+00:00,,,functional_group_detector:2.1.0
experimental_training_datasets.sdf,1328,CCCCCNN,6.25,experimental,,,outlier_b11cc5cb148a94a2e993,confirm_assignment,hydrazine,[6],,2026-09-04T06:51:41.946943+00:00,,,functional_group_detector:2.1.0
experimental_training_datasets.sdf,4482,NNCCOc1ccccc1,6.8,experimental,,,outlier_33767b3654ef493ee47c,confirm_assignment,hydrazine,[10],,2026-09-04T06:51:43.528342+00:00,,,functional_group_detector:2.1.0
literature_compilation.sdf,1404,CC(COc1ccccc1)NN,6.9,experimental,,,outlier_a0867e01a25821b12624,confirm_assignment,hydrazine,[0],,2026-09-04T06:51:45.230239+00:00,,,functional_group_detector:2.1.0
literature_compilation.sdf,1160,NNc1nncc2ccccc12,7.1,experimental,,,outlier_eb6bf94febef312c5b3d,confirm_assignment,conjugated_hydrazine,[0],,2026-09-04T06:51:46.990627+00:00,,,functional_group_detector:2.1.0
experimental_training_datasets.sdf,4480,NNCCCc1ccccc1,7.2,experimental,,,outlier_2957b8b51c4f4fed62fc,confirm_assignment,hydrazine,[10],,2026-09-04T06:51:48.764554+00:00,,,functional_group_detector:2.1.0
experimental_training_datasets.sdf,4483,NNCCc1ccccc1,7.25,experimental,,,outlier_ff40a4657838b6ba68fb,confirm_assignment,hydrazine,[9],,2026-09-04T06:51:49.881470+00:00,,,functional_group_detector:2.1.0
FIXED_chembl26.sdf,4558,NNc1nncc2ccccc12,7.3,experimental,,,outlier_a83ab6740573c62beac7,confirm_assignment,conjugated_hydrazine,[0],,2026-09-04T06:51:52.862689+00:00,,,functional_group_detector:2.1.0
experimental_training_datasets.sdf,1362,CCCCNN,7.82,experimental,,,outlier_5d23ce58a3298b65a00e,confirm_assignment,hydrazine,[5],,2026-09-04T06:51:54.209168+00:00,,,functional_group_detector:2.1.0
experimental_training_datasets.sdf,2148,CNN,7.87,experimental,,,outlier_61fcf7c9eaa2d04f1057,confirm_assignment,hydrazine,[2],,2026-09-04T06:51:55.253653+00:00,,,functional_group_detector:2.1.0
experimental_training_datasets.sdf,1441,CCCNN,7.92,experimental,,,outlier_726061e8ce093d17dc81,confirm_assignment,hydrazine,[4],,2026-09-04T06:51:56.235248+00:00,,,functional_group_detector:2.1.0
experimental_training_datasets.sdf,1597,CCNN,7.95,experimental,,,outlier_be6849d6484dd5fbd30d,confirm_assignment,hydrazine,[3],,2026-09-04T06:51:57.081249+00:00,,,functional_group_detector:2.1.0
experimental_training_datasets.sdf,4473,NNC(=O)C(F)(F)C1(F)OC(F)(F)C(F)(F)C1(F)F,8.26,experimental,,,outlier_b7b5da36ec00667fced9,confirm_assignment,conjugated_hydrazine,[18],,2026-09-04T06:51:59.200101+00:00,,,functional_group_detector:2.1.0
literature_compilation.sdf,479,CCOC(=O)c1ccc(CO[NH3+])cc1,4.11,experimental,,,outlier_c17b38cd9edc799bdafd,confirm_assignment,hydroxylammonium,[11],,2026-09-04T06:52:05.966589+00:00,,,functional_group_detector:2.1.0
experimental_training_datasets.sdf,4485,NOCc1ccc(Cl)cc1,4.22,experimental,,,outlier_2f5807f015c31cfc152c,confirm_assignment,hydroxylamine,[8],,2026-09-04T06:52:07.687049+00:00,,,functional_group_detector:2.1.0
literature_compilation.sdf,454,[NH3+]OCc1ccc(Cl)cc1,4.22,experimental,,,outlier_8f398ec7e49299731ab5,confirm_assignment,hydroxylammonium,[9],,2026-09-04T06:52:10.843495+00:00,,,functional_group_detector:2.1.0
experimental_training_datasets.sdf,4486,NOCc1ccccc1,4.34,experimental,,,outlier_d27c8d8466914a9090fa,confirm_assignment,hydroxylamine,[8],,2026-09-04T06:52:12.985148+00:00,,,functional_group_detector:2.1.0
experimental_training_datasets.sdf,3578,Cc1ccc(CON)cc1,4.4,experimental,,,outlier_314e7217a08f9704adc5,confirm_assignment,hydroxylamine,[9],,2026-09-04T06:52:14.379507+00:00,,,functional_group_detector:2.1.0
experimental_training_datasets.sdf,2548,COc1ccc(CON)cc1,4.42,experimental,,,outlier_77d5b8075bf309e1f8fa,confirm_assignment,hydroxylamine,[10],,2026-09-04T06:52:17.234312+00:00,,,functional_group_detector:2.1.0
experimental_training_datasets.sdf,2313,CON,4.62,experimental,,,outlier_aa309b3861d502a9718d,confirm_assignment,hydroxylamine,[2],,2026-09-04T06:52:19.101945+00:00,,,functional_group_detector:2.1.0
experimental_training_datasets.sdf,2997,C[N+](C)(C)CC[SH2+],7.98,experimental,,,outlier_4d6450f4fbe8bb7c3a97,confirm_assignment,protonated_thiol,[6],,2026-09-04T06:52:21.486935+00:00,,,functional_group_detector:2.1.0
experimental_training_datasets.sdf,2118,CNC(=O)C[SH2+],8.05,experimental,,,outlier_5e9d6b71fce67fc23a10,confirm_assignment,protonated_thiol,[5],,2026-09-04T06:52:23.333762+00:00,,,functional_group_detector:2.1.0
experimental_training_datasets.sdf,1999,CN(C)C(=O)C[SH2+],8.1,experimental,,,outlier_e42d095402fa8c4b39b4,confirm_assignment,protonated_thiol,[6],,2026-09-04T06:52:24.565789+00:00,,,functional_group_detector:2.1.0
experimental_training_datasets.sdf,1592,CCNC(=O)C[SH2+],8.14,experimental,,,outlier_c2fda4ea17cd52f7e503,confirm_assignment,protonated_thiol,[6],,2026-09-04T06:52:25.701220+00:00,,,functional_group_detector:2.1.0
experimental_training_datasets.sdf,4401,NC(=O)C[SH2+],8.22,experimental,,,outlier_ff006f916dea4b172dfb,confirm_assignment,protonated_thiol,[4],,2026-09-04T06:52:26.660466+00:00,,,functional_group_detector:2.1.0
experimental_training_datasets.sdf,2205,COC(=O)CC[SH2+],9.33,experimental,,,outlier_b07e7187719c6e0336ba,confirm_assignment,protonated_thiol,[6],,2026-09-04T06:52:27.544661+00:00,,,functional_group_detector:2.1.0
experimental_training_datasets.sdf,5731,[SH2+]Cc1ccccc1,9.43,experimental,,,outlier_75e9dd61dabc702ba9f7,confirm_assignment,protonated_thiol,[0],,2026-09-04T06:52:29.263689+00:00,,,functional_group_detector:2.1.0
literature_compilation.sdf,575,CCOC(=O)CC[SH2+],9.48,experimental,,,outlier_10091b39fa99612c6912,confirm_assignment,protonated_thiol,[7],,2026-09-04T06:52:30.419756+00:00,,,functional_group_detector:2.1.0
experimental_training_datasets.sdf,332,CC(=O)NCC[SH2+],9.5,experimental,,,outlier_69426d01f3e65f454a39,confirm_assignment,protonated_thiol,[6],,2026-09-04T06:52:31.429451+00:00,,,functional_group_detector:2.1.0
literature_compilation.sdf,141,C[SH2+],10.3,experimental,,,outlier_880aa642d3c06f7ec6f6,confirm_assignment,protonated_thiol,[1],,2026-09-04T06:52:33.449753+00:00,,,functional_group_detector:2.1.0
experimental_training_datasets.sdf,1456,CCC[SH2+],10.56,experimental,,,outlier_cd80603bd1d74d15c6ad,confirm_assignment,protonated_thiol,[3],,2026-09-04T06:52:34.467407+00:00,,,functional_group_detector:2.1.0
literature_compilation.sdf,142,CC[SH2+],10.6,experimental,,,outlier_2bd0c58762c868318b32,confirm_assignment,protonated_thiol,[2],,2026-09-04T06:52:35.477687+00:00,,,functional_group_detector:2.1.0
experimental_training_datasets.sdf,1380,CCCC[SH2+],10.78,experimental,,,outlier_2ad0553c76dc37b016e6,confirm_assignment,protonated_thiol,[4],,2026-09-04T06:52:36.480071+00:00,,,functional_group_detector:2.1.0
experimental_training_datasets.sdf,522,CC(C)(C)[SH2+],11.14,experimental,,,outlier_32d66e1f73d398d980ec,confirm_assignment,protonated_thiol,[4],,2026-09-04T06:52:37.335209+00:00,,,functional_group_detector:2.1.0
literature_compilation.sdf,574,CC(C)(C)[SH2+],11.2,experimental,,,outlier_554ff34126a7f1bf1343,confirm_assignment,protonated_thiol,[4],,2026-09-04T06:52:38.188420+00:00,,,functional_group_detector:2.1.0
